gbifID	accessRights	bibliographicCitation	language	license	modified	publisher	references	rightsHolder	type	institutionID	collectionID	datasetID	institutionCode	collectionCode	datasetName	ownerInstitutionCode	basisOfRecord	informationWithheld	dataGeneralizations	dynamicProperties	occurrenceID	catalogNumber	recordNumber	recordedBy	recordedByID	individualCount	organismQuantity	organismQuantityType	sex	lifeStage	reproductiveCondition	caste	behavior	vitality	establishmentMeans	degreeOfEstablishment	pathway	georeferenceVerificationStatus	occurrenceStatus	preparations	disposition	associatedOccurrences	associatedReferences	associatedSequences	associatedTaxa	otherCatalogNumbers	occurrenceRemarks	organismID	organismName	organismScope	associatedOrganisms	previousIdentifications	organismRemarks	materialEntityID	materialEntityRemarks	verbatimLabel	materialSampleID	eventID	parentEventID	eventType	fieldNumber	eventDate	eventTime	startDayOfYear	endDayOfYear	year	month	day	verbatimEventDate	habitat	samplingProtocol	sampleSizeValue	sampleSizeUnit	samplingEffort	fieldNotes	eventRemarks	locationID	higherGeographyID	higherGeography	continent	waterBody	islandGroup	island	countryCode	stateProvince	county	municipality	locality	verbatimLocality	verbatimElevation	verticalDatum	verbatimDepth	minimumDistanceAboveSurfaceInMeters	maximumDistanceAboveSurfaceInMeters	locationAccordingTo	locationRemarks	decimalLatitude	decimalLongitude	coordinateUncertaintyInMeters	coordinatePrecision	pointRadiusSpatialFit	verbatimCoordinateSystem	verbatimSRS	footprintWKT	footprintSRS	footprintSpatialFit	georeferencedBy	georeferencedDate	georeferenceProtocol	georeferenceSources	georeferenceRemarks	geologicalContextID	earliestEonOrLowestEonothem	latestEonOrHighestEonothem	earliestEraOrLowestErathem	latestEraOrHighestErathem	earliestPeriodOrLowestSystem	latestPeriodOrHighestSystem	earliestEpochOrLowestSeries	latestEpochOrHighestSeries	earliestAgeOrLowestStage	latestAgeOrHighestStage	lowestBiostratigraphicZone	highestBiostratigraphicZone	lithostratigraphicTerms	group	formation	member	bed	identificationID	verbatimIdentification	identificationQualifier	typeStatus	identifiedBy	identifiedByID	dateIdentified	identificationReferences	identificationVerificationStatus	identificationRemarks	taxonID	scientificNameID	acceptedNameUsageID	parentNameUsageID	originalNameUsageID	nameAccordingToID	namePublishedInID	taxonConceptID	scientificName	acceptedNameUsage	parentNameUsage	originalNameUsage	nameAccordingTo	namePublishedIn	namePublishedInYear	higherClassification	kingdom	phylum	class	order	superfamily	family	subfamily	tribe	subtribe	genus	genericName	subgenus	infragenericEpithet	specificEpithet	infraspecificEpithet	cultivarEpithet	taxonRank	verbatimTaxonRank	vernacularName	nomenclaturalCode	taxonomicStatus	nomenclaturalStatus	taxonRemarks	datasetKey	publishingCountry	lastInterpreted	elevation	elevationAccuracy	depth	depthAccuracy	distanceFromCentroidInMeters	issue	taxonomicIssue	nonTaxonomicIssue	mediaType	hasCoordinate	hasGeospatialIssues	taxonKey	acceptedTaxonKey	kingdomKey	phylumKey	classKey	orderKey	superfamilyKey	familyKey	subfamilyKey	tribeKey	subtribeKey	genusKey	subgenusKey	speciesKey	species	acceptedScientificName	verbatimScientificName	typifiedName	protocol	lastParsed	lastCrawled	isInvasive	repatriated	relativeOrganismQuantity	projectId	isSequenced	gbifRegion	publishedByGbifRegion	level0Gid	level0Name	level1Gid	level1Name	level2Gid	level2Name	level3Gid	level3Name	iucnRedListCategory
543739805	NA	NA	NA	CC0_1_0	2024-01-04 14:21:00	California Academy of Sciences	NA	NA	NA	http://grbio.org/institution/california-academy-sciences	http://grscicoll.org/institutional-collection/herpetology-0	NA	CAS	SUR	NA	NA	PRESERVED_SPECIMEN	NA	NA	NA	urn:catalog:CAS:SUR:4806	4806	11051	E. Heller and R.E. Snodgrass	NA	NA	NA	NA	Male	Adult	NA	NA	NA	NA	NA	NA	NA	NA	PRESENT	Dry	NA	NA	NA	NA	NA	NA	NA	NA	NA	NA	NA	NA	NA	NA	NA	NA	NA	NA	NA	NA	NA	1898	NA	NA	NA	1898	NA	NA	1898-1899	NA	NA	NA	NA	NA	NA	NA	NA	NA	South Pacific Ocean; Ecuador; Galapagos Prov.; Galapagos Ids.; Isabela Id.	SOUTH_AMERICA	South Pacific Ocean	Galapagos Ids.	Isabela Id.	EC	Galapagos Prov.	NA	NA	E of Tagus Cove	Albemarle Island, Galapagos Islands, east of Tagus Cove	NA	NA	NA	NA	NA	NA	NA	-0.911944	-91.123611	9656.08	NA	NA	NA	NA	NA	NA	NA	NA	NA	NA	Google Earth, 2013.	NA	NA	NA	NA	NA	NA	NA	NA	NA	NA	NA	NA	NA	NA	NA	NA	NA	NA	NA	NA	NA	NA	NA	NA	NA	NA	NA	NA	NA	NA	NA	C6Q44	NA	NA	NA	NA	NA	Chelonoidis microphyes (Günther, 1875)	NA	NA	NA	NA	NA	NA	Animalia; Chordata; Reptilia; Testudines; Testudinidae	Animalia	Chordata	Reptilia	Testudines	Testudinoidea	Testudinidae	NA	NA	NA	Chelonoidis	Chelonoidis	NA	NA	microphyes	NA	NA	SPECIES	NA	NA	NA	SYNONYM	NA	NA	cece4fc2-1fec-4bb5-a335-7252548e3f0b	US	2026-09-07 00:06:35	NA	NA	NA	NA	NA	COORDINATE_ROUNDED;CONTINENT_DERIVED_FROM_COORDINATES	NA	COORDINATE_ROUNDED;CONTINENT_DERIVED_FROM_COORDINATES	StillImage	TRUE	FALSE	8GPG3	C6Q44	N	CH2	RP	477	87BWY	626NZ	NA	NA	NA	3MPP	NA	5Y2Z9	Chelonoidis niger	Chelonoidis niger microphyes (Günther, 1875)	Chelonoidis microphyes	NA	EML	2026-09-07 00:06:35	2026-09-07 00:01:45	NA	TRUE	NA	NA	FALSE	LATIN_AMERICA	NORTH_AMERICA	ECU	Ecuador	ECU.9_1	Galápagos	ECU.9.1_1	Isabela	ECU.9.1.2_1	Tomas De Berlanga (Santo Tomas)	NA
543739796	NA	NA	NA	CC0_1_0	2024-01-04 14:21:00	California Academy of Sciences	NA	NA	NA	http://grbio.org/institution/california-academy-sciences	http://grscicoll.org/institutional-collection/herpetology-0	NA	CAS	SUR	NA	NA	PRESERVED_SPECIMEN	NA	NA	NA	urn:catalog:CAS:SUR:4799	4799	NA	E. Heller and R.E. Snodgrass	NA	NA	NA	NA	Male	Adult	NA	NA	NA	NA	NA	NA	NA	NA	PRESENT	Dry	NA	NA	NA	NA	NA	NA	#11047=shell, #11041=skull, skull returned to shell Jan 1941.	NA	NA	NA	NA	NA	NA	NA	NA	NA	NA	NA	NA	NA	NA	1898	NA	NA	NA	1898	NA	NA	1898-1899	NA	NA	NA	NA	NA	NA	NA	NA	NA	South Pacific Ocean; Ecuador; Galapagos Prov.; Galapagos Ids.; Isabela Id.	SOUTH_AMERICA	South Pacific Ocean	Galapagos Ids.	Isabela Id.	EC	Galapagos Prov.	NA	NA	E of Tagus Cove	Albemarle Island, Galapagos Islands, taken east of Tagus Cove	NA	NA	NA	NA	NA	NA	NA	-0.911944	-91.123611	9656.08	NA	NA	NA	NA	NA	NA	NA	NA	NA	NA	Google Earth, 2013.	NA	NA	NA	NA	NA	NA	NA	NA	NA	NA	NA	NA	NA	NA	NA	NA	NA	NA	NA	NA	NA	NA	NA	NA	NA	NA	NA	NA	NA	NA	NA	C6Q44	NA	NA	NA	NA	NA	Chelonoidis microphyes (Günther, 1875)	NA	NA	NA	NA	NA	NA	Animalia; Chordata; Reptilia; Testudines; Testudinidae	Animalia	Chordata	Reptilia	Testudines	Testudinoidea	Testudinidae	NA	NA	NA	Chelonoidis	Chelonoidis	NA	NA	microphyes	NA	NA	SPECIES	NA	NA	NA	SYNONYM	NA	NA	cece4fc2-1fec-4bb5-a335-7252548e3f0b	US	2026-09-07 00:06:35	NA	NA	NA	NA	NA	COORDINATE_ROUNDED;CONTINENT_DERIVED_FROM_COORDINATES	NA	COORDINATE_ROUNDED;CONTINENT_DERIVED_FROM_COORDINATES	StillImage	TRUE	FALSE	8GPG3	C6Q44	N	CH2	RP	477	87BWY	626NZ	NA	NA	NA	3MPP	NA	5Y2Z9	Chelonoidis niger	Chelonoidis niger microphyes (Günther, 1875)	Chelonoidis microphyes	NA	EML	2026-09-07 00:06:35	2026-09-07 00:01:45	NA	TRUE	NA	NA	FALSE	LATIN_AMERICA	NORTH_AMERICA	ECU	Ecuador	ECU.9_1	Galápagos	ECU.9.1_1	Isabela	ECU.9.1.2_1	Tomas De Berlanga (Santo Tomas)	NA
543739802	NA	NA	NA	CC0_1_0	2024-01-04 14:21:00	California Academy of Sciences	NA	NA	NA	http://grbio.org/institution/california-academy-sciences	http://grscicoll.org/institutional-collection/herpetology-0	NA	CAS	SUR	NA	NA	PRESERVED_SPECIMEN	NA	NA	NA	urn:catalog:CAS:SUR:4803	4803	11492	E. Heller and R.E. Snodgrass	NA	NA	NA	NA	NA	Juvenile	NA	NA	NA	NA	NA	NA	NA	NA	PRESENT	Dry	NA	NA	NA	NA	NA	NA	NA	NA	NA	NA	NA	NA	NA	NA	NA	NA	NA	NA	NA	NA	NA	1898	NA	NA	NA	1898	NA	NA	1898-1899	NA	NA	NA	NA	NA	NA	NA	NA	NA	South Pacific Ocean; Ecuador; Galapagos Prov.; Galapagos Ids.; Isabela Id.	SOUTH_AMERICA	South Pacific Ocean	Galapagos Ids.	Isabela Id.	EC	Galapagos Prov.	NA	NA	NA	Albemarle Island, Galapagos	NA	NA	NA	NA	NA	NA	NA	-0.911944	-91.123611	9656.08	NA	NA	NA	NA	NA	NA	NA	NA	NA	NA	Google Earth, 2013.	NA	NA	NA	NA	NA	NA	NA	NA	NA	NA	NA	NA	NA	NA	NA	NA	NA	NA	NA	NA	NA	NA	NA	NA	NA	NA	NA	NA	NA	NA	NA	C6Q44	NA	NA	NA	NA	NA	Chelonoidis microphyes (Günther, 1875)	NA	NA	NA	NA	NA	NA	Animalia; Chordata; Reptilia; Testudines; Testudinidae	Animalia	Chordata	Reptilia	Testudines	Testudinoidea	Testudinidae	NA	NA	NA	Chelonoidis	Chelonoidis	NA	NA	microphyes	NA	NA	SPECIES	NA	NA	NA	SYNONYM	NA	NA	cece4fc2-1fec-4bb5-a335-7252548e3f0b	US	2026-09-07 00:06:39	NA	NA	NA	NA	NA	COORDINATE_ROUNDED;CONTINENT_DERIVED_FROM_COORDINATES	NA	COORDINATE_ROUNDED;CONTINENT_DERIVED_FROM_COORDINATES	StillImage	TRUE	FALSE	8GPG3	C6Q44	N	CH2	RP	477	87BWY	626NZ	NA	NA	NA	3MPP	NA	5Y2Z9	Chelonoidis niger	Chelonoidis niger microphyes (Günther, 1875)	Chelonoidis microphyes	NA	EML	2026-09-07 00:06:39	2026-09-07 00:01:45	NA	TRUE	NA	NA	FALSE	LATIN_AMERICA	NORTH_AMERICA	ECU	Ecuador	ECU.9_1	Galápagos	ECU.9.1_1	Isabela	ECU.9.1.2_1	Tomas De Berlanga (Santo Tomas)	NA
543739807	NA	NA	NA	CC0_1_0	2024-01-04 14:21:00	California Academy of Sciences	NA	NA	NA	http://grbio.org/institution/california-academy-sciences	http://grscicoll.org/institutional-collection/herpetology-0	NA	CAS	SUR	NA	NA	PRESERVED_SPECIMEN	NA	NA	NA	urn:catalog:CAS:SUR:4808	4808	NA	E. Heller and R.E. Snodgrass	NA	NA	NA	NA	NA	NA	NA	NA	NA	NA	NA	NA	NA	NA	PRESENT	Dry	NA	NA	NA	NA	NA	NA	Missing 19 Feb 1987, LAW.	NA	NA	NA	NA	NA	NA	NA	NA	NA	NA	NA	NA	NA	NA	1898	NA	NA	NA	1898	NA	NA	1898-1899	NA	NA	NA	NA	NA	NA	NA	NA	NA	South Pacific Ocean; Ecuador; Galapagos Prov.; Galapagos Ids.	SOUTH_AMERICA	South Pacific Ocean	Galapagos Ids.	NA	EC	Galapagos Prov.	NA	NA	NA	Galapagos Islands	NA	NA	NA	NA	NA	NA	NA	NA	NA	NA	NA	NA	NA	NA	NA	NA	NA	NA	NA	NA	NA	NA	NA	NA	NA	NA	NA	NA	NA	NA	NA	NA	NA	NA	NA	NA	NA	NA	NA	NA	NA	NA	NA	NA	NA	NA	NA	NA	NA	NA	NA	NA	TVGD	NA	NA	NA	NA	NA	Chelonia mydas (Linnaeus, 1758)	NA	NA	NA	NA	NA	NA	Animalia; Chordata; Reptilia; Testudines; Cheloniidae	Animalia	Chordata	Reptilia	Testudines	Chelonioidea	Cheloniidae	NA	NA	NA	Chelonia	Chelonia	NA	NA	mydas	NA	NA	SPECIES	NA	NA	NA	ACCEPTED	NA	NA	cece4fc2-1fec-4bb5-a335-7252548e3f0b	US	2026-09-07 00:06:40	NA	NA	NA	NA	NA	CONTINENT_DERIVED_FROM_COUNTRY	NA	CONTINENT_DERIVED_FROM_COUNTRY	StillImage	FALSE	FALSE	TVGD	TVGD	N	CH2	RP	477	87BWH	83J	NA	NA	NA	3MPC	NA	TVGD	Chelonia mydas	Chelonia mydas (Linnaeus, 1758)	Chelonia mydas	NA	EML	2026-09-07 00:06:40	2026-09-07 00:01:45	NA	TRUE	NA	NA	FALSE	LATIN_AMERICA	NORTH_AMERICA	NA	NA	NA	NA	NA	NA	NA	NA	LC
543739799	NA	NA	NA	CC0_1_0	2024-01-04 14:21:00	California Academy of Sciences	NA	NA	NA	http://grbio.org/institution/california-academy-sciences	http://grscicoll.org/institutional-collection/herpetology-0	NA	CAS	SUR	NA	NA	PRESERVED_SPECIMEN	NA	NA	NA	urn:catalog:CAS:SUR:4800	4800	NA	E. Heller and R.E. Snodgrass	NA	NA	NA	NA	Male	Adult	NA	NA	NA	NA	NA	NA	NA	NA	PRESENT	Dry	NA	NA	NA	NA	NA	NA	#11048=shell, #11036=skull, skull returned to shell Jan 1941.	NA	NA	NA	NA	NA	NA	NA	NA	NA	NA	NA	NA	NA	NA	1898	NA	NA	NA	1898	NA	NA	1898-1899	NA	NA	NA	NA	NA	NA	NA	NA	NA	South Pacific Ocean; Ecuador; Galapagos Prov.; Galapagos Ids.; Isabela Id.	SOUTH_AMERICA	South Pacific Ocean	Galapagos Ids.	Isabela Id.	EC	Galapagos Prov.	NA	NA	E of Tagus Cove	Albemarle Island, Galapagos Islands, taken east of Tagus Cove	NA	NA	NA	NA	NA	NA	NA	-0.911944	-91.123611	9656.08	NA	NA	NA	NA	NA	NA	NA	NA	NA	NA	Google Earth, 2013.	NA	NA	NA	NA	NA	NA	NA	NA	NA	NA	NA	NA	NA	NA	NA	NA	NA	NA	NA	NA	NA	NA	NA	NA	NA	NA	NA	NA	NA	NA	NA	C6Q44	NA	NA	NA	NA	NA	Chelonoidis microphyes (Günther, 1875)	NA	NA	NA	NA	NA	NA	Animalia; Chordata; Reptilia; Testudines; Testudinidae	Animalia	Chordata	Reptilia	Testudines	Testudinoidea	Testudinidae	NA	NA	NA	Chelonoidis	Chelonoidis	NA	NA	microphyes	NA	NA	SPECIES	NA	NA	NA	SYNONYM	NA	NA	cece4fc2-1fec-4bb5-a335-7252548e3f0b	US	2026-09-07 00:06:41	NA	NA	NA	NA	NA	COORDINATE_ROUNDED;CONTINENT_DERIVED_FROM_COORDINATES	NA	COORDINATE_ROUNDED;CONTINENT_DERIVED_FROM_COORDINATES	StillImage	TRUE	FALSE	8GPG3	C6Q44	N	CH2	RP	477	87BWY	626NZ	NA	NA	NA	3MPP	NA	5Y2Z9	Chelonoidis niger	Chelonoidis niger microphyes (Günther, 1875)	Chelonoidis microphyes	NA	EML	2026-09-07 00:06:41	2026-09-07 00:01:45	NA	TRUE	NA	NA	FALSE	LATIN_AMERICA	NORTH_AMERICA	ECU	Ecuador	ECU.9_1	Galápagos	ECU.9.1_1	Isabela	ECU.9.1.2_1	Tomas De Berlanga (Santo Tomas)	NA
543739806	NA	NA	NA	CC0_1_0	2024-01-04 14:21:00	California Academy of Sciences	NA	NA	NA	http://grbio.org/institution/california-academy-sciences	http://grscicoll.org/institutional-collection/herpetology-0	NA	CAS	SUR	NA	NA	PRESERVED_SPECIMEN	NA	NA	NA	urn:catalog:CAS:SUR:4807	4807	10922	E. Heller and R.E. Snodgrass	NA	NA	NA	NA	NA	Adult	NA	NA	NA	NA	NA	NA	NA	NA	PRESENT	Alcohol	NA	NA	NA	NA	NA	NA	Head only.	NA	NA	NA	NA	NA	NA	NA	NA	NA	NA	NA	NA	NA	NA	1898	NA	NA	NA	1898	NA	NA	1898-1899	NA	NA	NA	NA	NA	NA	NA	NA	NA	South Pacific Ocean; Ecuador; Galapagos Prov.; Galapagos Ids.	SOUTH_AMERICA	South Pacific Ocean	Galapagos Ids.	NA	EC	Galapagos Prov.	NA	NA	NA	Galapagos Islands	NA	NA	NA	NA	NA	NA	NA	NA	NA	NA	NA	NA	NA	NA	NA	NA	NA	NA	NA	NA	NA	NA	NA	NA	NA	NA	NA	NA	NA	NA	NA	NA	NA	NA	NA	NA	NA	NA	NA	NA	NA	NA	NA	NA	E. Heller	NA	NA	NA	NA	NA	NA	NA	TVGD	NA	NA	NA	NA	NA	Chelonia mydas (Linnaeus, 1758)	NA	NA	NA	NA	NA	NA	Animalia; Chordata; Reptilia; Testudines; Cheloniidae	Animalia	Chordata	Reptilia	Testudines	Chelonioidea	Cheloniidae	NA	NA	NA	Chelonia	Chelonia	NA	NA	mydas	NA	NA	SPECIES	NA	NA	NA	ACCEPTED	NA	NA	cece4fc2-1fec-4bb5-a335-7252548e3f0b	US	2026-09-07 00:06:41	NA	NA	NA	NA	NA	CONTINENT_DERIVED_FROM_COUNTRY	NA	CONTINENT_DERIVED_FROM_COUNTRY	StillImage	FALSE	FALSE	TVGD	TVGD	N	CH2	RP	477	87BWH	83J	NA	NA	NA	3MPC	NA	TVGD	Chelonia mydas	Chelonia mydas (Linnaeus, 1758)	Chelonia mydas	NA	EML	2026-09-07 00:06:41	2026-09-07 00:01:45	NA	TRUE	NA	NA	FALSE	LATIN_AMERICA	NORTH_AMERICA	NA	NA	NA	NA	NA	NA	NA	NA	LC
543739800	NA	NA	NA	CC0_1_0	2024-01-04 14:21:00	California Academy of Sciences	NA	NA	NA	http://grbio.org/institution/california-academy-sciences	http://grscicoll.org/institutional-collection/herpetology-0	NA	CAS	SUR	NA	NA	PRESERVED_SPECIMEN	NA	NA	NA	urn:catalog:CAS:SUR:4801	4801	11763	E. Heller and R.E. Snodgrass	NA	NA	NA	NA	Male	Adult	NA	NA	NA	NA	NA	NA	NA	NA	PRESENT	Dry	NA	NA	NA	NA	NA	NA	NA	NA	NA	NA	NA	NA	NA	NA	NA	NA	NA	NA	NA	NA	NA	1898	NA	NA	NA	1898	NA	NA	1898-1899	NA	NA	NA	NA	NA	NA	NA	NA	NA	South Pacific Ocean; Ecuador; Galapagos Prov.; Galapagos Ids.; Isabela Id.	SOUTH_AMERICA	South Pacific Ocean	Galapagos Ids.	Isabela Id.	EC	Galapagos Prov.	NA	NA	NA	Albemarle Island?, Galapagos Islands	NA	NA	NA	NA	NA	NA	NA	-0.911944	-91.123611	9656.08	NA	NA	NA	NA	NA	NA	NA	NA	NA	NA	Google Earth, 2013.	NA	NA	NA	NA	NA	NA	NA	NA	NA	NA	NA	NA	NA	NA	NA	NA	NA	NA	NA	NA	NA	NA	NA	NA	NA	NA	NA	NA	NA	NA	NA	3MPP	NA	NA	NA	NA	NA	Chelonoidis Fitzinger, 1835	NA	NA	NA	NA	NA	NA	Animalia; Chordata; Reptilia; Testudines; Testudinidae	Animalia	Chordata	Reptilia	Testudines	Testudinoidea	Testudinidae	NA	NA	NA	Chelonoidis	NA	NA	NA	NA	NA	NA	GENUS	NA	NA	NA	ACCEPTED	NA	NA	cece4fc2-1fec-4bb5-a335-7252548e3f0b	US	2026-09-07 00:06:38	NA	NA	NA	NA	NA	COORDINATE_ROUNDED;CONTINENT_DERIVED_FROM_COORDINATES	NA	COORDINATE_ROUNDED;CONTINENT_DERIVED_FROM_COORDINATES	StillImage	TRUE	FALSE	3MPP	3MPP	N	CH2	RP	477	87BWY	626NZ	NA	NA	NA	3MPP	NA	NA	NA	Chelonoidis Fitzinger, 1835	Chelonoidis	NA	EML	2026-09-07 00:06:38	2026-09-07 00:01:45	NA	TRUE	NA	NA	FALSE	LATIN_AMERICA	NORTH_AMERICA	ECU	Ecuador	ECU.9_1	Galápagos	ECU.9.1_1	Isabela	ECU.9.1.2_1	Tomas De Berlanga (Santo Tomas)	NA
543739804	NA	NA	NA	CC0_1_0	2024-01-04 14:21:00	California Academy of Sciences	NA	NA	NA	http://grbio.org/institution/california-academy-sciences	http://grscicoll.org/institutional-collection/herpetology-0	NA	CAS	SUR	NA	NA	PRESERVED_SPECIMEN	NA	NA	NA	urn:catalog:CAS:SUR:4805	4805	11039	E. Heller and R.E. Snodgrass	NA	NA	NA	NA	Male	Adult	NA	NA	NA	NA	NA	NA	NA	NA	PRESENT	Dry	NA	NA	NA	NA	NA	NA	NA	NA	NA	NA	NA	NA	NA	NA	NA	NA	NA	NA	NA	NA	NA	1898	NA	NA	NA	1898	NA	NA	1898-1899	NA	NA	NA	NA	NA	NA	NA	NA	NA	South Pacific Ocean; Ecuador; Galapagos Prov.; Galapagos Ids.; Isabela Id.	SOUTH_AMERICA	South Pacific Ocean	Galapagos Ids.	Isabela Id.	EC	Galapagos Prov.	NA	NA	E of Tagus Cove	Albemarle Island, Galapagos Islands, east of Tagus Cove	NA	NA	NA	NA	NA	NA	NA	-0.911944	-91.123611	9656.08	NA	NA	NA	NA	NA	NA	NA	NA	NA	NA	Google Earth, 2013.	NA	NA	NA	NA	NA	NA	NA	NA	NA	NA	NA	NA	NA	NA	NA	NA	NA	NA	NA	NA	NA	NA	NA	NA	NA	NA	NA	NA	NA	NA	NA	C6Q44	NA	NA	NA	NA	NA	Chelonoidis microphyes (Günther, 1875)	NA	NA	NA	NA	NA	NA	Animalia; Chordata; Reptilia; Testudines; Testudinidae	Animalia	Chordata	Reptilia	Testudines	Testudinoidea	Testudinidae	NA	NA	NA	Chelonoidis	Chelonoidis	NA	NA	microphyes	NA	NA	SPECIES	NA	NA	NA	SYNONYM	NA	NA	cece4fc2-1fec-4bb5-a335-7252548e3f0b	US	2026-09-07 00:06:41	NA	NA	NA	NA	NA	COORDINATE_ROUNDED;CONTINENT_DERIVED_FROM_COORDINATES	NA	COORDINATE_ROUNDED;CONTINENT_DERIVED_FROM_COORDINATES	StillImage	TRUE	FALSE	8GPG3	C6Q44	N	CH2	RP	477	87BWY	626NZ	NA	NA	NA	3MPP	NA	5Y2Z9	Chelonoidis niger	Chelonoidis niger microphyes (Günther, 1875)	Chelonoidis microphyes	NA	EML	2026-09-07 00:06:41	2026-09-07 00:01:45	NA	TRUE	NA	NA	FALSE	LATIN_AMERICA	NORTH_AMERICA	ECU	Ecuador	ECU.9_1	Galápagos	ECU.9.1_1	Isabela	ECU.9.1.2_1	Tomas De Berlanga (Santo Tomas)	NA
543739801	NA	NA	NA	CC0_1_0	2024-01-04 14:21:00	California Academy of Sciences	NA	NA	NA	http://grbio.org/institution/california-academy-sciences	http://grscicoll.org/institutional-collection/herpetology-0	NA	CAS	SUR	NA	NA	PRESERVED_SPECIMEN	NA	NA	NA	urn:catalog:CAS:SUR:4802	4802	NA	E. Heller and R.E. Snodgrass	NA	NA	NA	NA	NA	Adult	NA	NA	NA	NA	NA	NA	NA	NA	PRESENT	Dry	NA	NA	NA	NA	NA	NA	Skull and hyoid in Skel.	NA	NA	NA	NA	NA	NA	NA	NA	NA	NA	NA	NA	NA	NA	1899-05-05	NA	125	125	1899	5	5	5-7 May 1899	NA	NA	NA	NA	NA	NA	NA	NA	NA	South Pacific Ocean; Ecuador; Galapagos Prov.; Galapagos Ids.; Pinzon Id.	SOUTH_AMERICA	South Pacific Ocean	Galapagos Ids.	Pinzon Id.	EC	Galapagos Prov.	NA	NA	NA	Duncan Is., Galapagos	NA	NA	NA	NA	NA	NA	NA	-0.600833	-90.659444	NA	NA	NA	NA	NA	NA	NA	NA	NA	NA	NA	Google Earth, 2013.	NA	NA	NA	NA	NA	NA	NA	NA	NA	NA	NA	NA	NA	NA	NA	NA	NA	NA	NA	NA	NA	NA	NA	NA	NA	NA	NA	NA	NA	NA	NA	C6Q3Z	NA	NA	NA	NA	NA	Chelonoidis duncanensis (Pritchard, 1996)	NA	NA	NA	NA	NA	NA	Animalia; Chordata; Reptilia; Testudines; Testudinidae	Animalia	Chordata	Reptilia	Testudines	Testudinoidea	Testudinidae	NA	NA	NA	Chelonoidis	Chelonoidis	NA	NA	duncanensis	NA	NA	SPECIES	NA	NA	NA	SYNONYM	NA	NA	cece4fc2-1fec-4bb5-a335-7252548e3f0b	US	2026-09-07 00:06:35	NA	NA	NA	NA	NA	COORDINATE_ROUNDED;CONTINENT_DERIVED_FROM_COORDINATES	NA	COORDINATE_ROUNDED;CONTINENT_DERIVED_FROM_COORDINATES	StillImage	TRUE	FALSE	MVBKH	C6Q3Z	N	CH2	RP	477	87BWY	626NZ	NA	NA	NA	3MPP	NA	5Y2Z9	Chelonoidis niger	Chelonoidis niger duncanensis (Pritchard, 1996)	Chelonoidis duncanensis	NA	EML	2026-09-07 00:06:35	2026-09-07 00:01:45	NA	TRUE	NA	NA	FALSE	LATIN_AMERICA	NORTH_AMERICA	ECU	Ecuador	ECU.9_1	Galápagos	ECU.9.3_1	Santa Cruz	ECU.9.3.3_1	Santa Rosa	NA
543634410	NA	NA	NA	CC0_1_0	2024-01-04 14:21:00	California Academy of Sciences	NA	NA	NA	http://grbio.org/institution/california-academy-sciences	http://grscicoll.org/institutional-collection/herpetology-0	NA	CAS	HERP	NA	NA	PRESERVED_SPECIMEN	NA	NA	NA	urn:catalog:CAS:HERP:4791	4791	NA	R.H. Beck	NA	NA	NA	NA	NA	NA	NA	NA	NA	NA	NA	NA	NA	NA	PRESENT	NA	NA	NA	NA	NA	NA	NA	Exch. to Dr. Henry R. Filton, 20 Feb 1905.	NA	NA	NA	NA	NA	NA	NA	NA	NA	NA	NA	NA	NA	NA	1901-02-18	NA	49	49	1901	2	18	18 Feb 1901	NA	NA	NA	NA	NA	NA	NA	NA	NA	South Pacific Ocean; Ecuador; Galapagos Prov.; Galapagos Ids.; Santa Cruz Id.	SOUTH_AMERICA	South Pacific Ocean	Galapagos Ids.	Santa Cruz Id.	EC	Galapagos Prov.	NA	NA	NA	Idefatigable Island, Galapagos Islands.	NA	NA	NA	NA	NA	NA	NA	NA	NA	NA	NA	NA	NA	NA	NA	NA	NA	NA	NA	NA	NA	NA	NA	NA	NA	NA	NA	NA	NA	NA	NA	NA	NA	NA	NA	NA	NA	NA	NA	NA	NA	NA	NA	NA	NA	NA	NA	NA	NA	NA	NA	NA	TVGD	NA	NA	NA	NA	NA	Chelonia mydas (Linnaeus, 1758)	NA	NA	NA	NA	NA	NA	Animalia; Chordata; Reptilia; Testudines; Cheloniidae	Animalia	Chordata	Reptilia	Testudines	Chelonioidea	Cheloniidae	NA	NA	NA	Chelonia	Chelonia	NA	NA	mydas	NA	NA	SPECIES	NA	NA	NA	ACCEPTED	NA	NA	cece4fc2-1fec-4bb5-a335-7252548e3f0b	US	2026-09-07 00:06:32	NA	NA	NA	NA	NA	CONTINENT_DERIVED_FROM_COUNTRY	NA	CONTINENT_DERIVED_FROM_COUNTRY	StillImage	FALSE	FALSE	TVGD	TVGD	N	CH2	RP	477	87BWH	83J	NA	NA	NA	3MPC	NA	TVGD	Chelonia mydas	Chelonia mydas (Linnaeus, 1758)	Chelonia mydas	NA	EML	2026-09-07 00:06:32	2026-09-07 00:01:45	NA	TRUE	NA	NA	FALSE	LATIN_AMERICA	NORTH_AMERICA	NA	NA	NA	NA	NA	NA	NA	NA	LC
543634487	NA	NA	NA	CC0_1_0	2024-01-04 14:21:00	California Academy of Sciences	NA	NA	NA	http://grbio.org/institution/california-academy-sciences	http://grscicoll.org/institutional-collection/herpetology-0	NA	CAS	HERP	NA	NA	PRESERVED_SPECIMEN	NA	NA	NA	urn:catalog:CAS:HERP:4798	4798	NA	R.H. Beck	NA	NA	NA	NA	NA	NA	NA	NA	NA	NA	NA	NA	NA	NA	PRESENT	NA	NA	NA	NA	NA	NA	NA	Green Turtle? Embryos in eggs. Lost in the earthquake and fire of 1906.	NA	NA	NA	NA	NA	NA	NA	NA	NA	NA	NA	NA	NA	NA	1901-03-07	NA	66	66	1901	3	7	7 Mar 1901	NA	NA	NA	NA	NA	NA	NA	NA	NA	South Pacific Ocean; Ecuador; Galapagos Prov.; Galapagos Ids.; Baltra Id.	SOUTH_AMERICA	South Pacific Ocean	Galapagos Ids.	Baltra Id.	EC	Galapagos Prov.	NA	NA	NA	South Seymour Island, Galapagos Islands.	NA	NA	NA	NA	NA	NA	NA	-0.456111	-90.274444	NA	NA	NA	NA	NA	NA	NA	NA	NA	NA	NA	Google Earth, 2013.	NA	NA	NA	NA	NA	NA	NA	NA	NA	NA	NA	NA	NA	NA	NA	NA	NA	NA	NA	NA	NA	NA	NA	NA	NA	NA	NA	NA	NA	NA	NA	TVGD	NA	NA	NA	NA	NA	Chelonia mydas (Linnaeus, 1758)	NA	NA	NA	NA	NA	NA	Animalia; Chordata; Reptilia; Testudines; Cheloniidae	Animalia	Chordata	Reptilia	Testudines	Chelonioidea	Cheloniidae	NA	NA	NA	Chelonia	Chelonia	NA	NA	mydas	NA	NA	SPECIES	NA	NA	NA	ACCEPTED	NA	NA	cece4fc2-1fec-4bb5-a335-7252548e3f0b	US	2026-09-07 00:06:32	NA	NA	NA	NA	NA	COORDINATE_ROUNDED;CONTINENT_DERIVED_FROM_COORDINATES	NA	COORDINATE_ROUNDED;CONTINENT_DERIVED_FROM_COORDINATES	StillImage	TRUE	FALSE	TVGD	TVGD	N	CH2	RP	477	87BWH	83J	NA	NA	NA	3MPC	NA	TVGD	Chelonia mydas	Chelonia mydas (Linnaeus, 1758)	Chelonia cf. mydas	NA	EML	2026-09-07 00:06:32	2026-09-07 00:01:45	NA	TRUE	NA	NA	FALSE	LATIN_AMERICA	NORTH_AMERICA	ECU	Ecuador	ECU.9_1	Galápagos	ECU.9.3_1	Santa Cruz	ECU.9.3.3_1	Santa Rosa	LC
543634387	NA	NA	NA	CC0_1_0	2024-01-04 14:21:00	California Academy of Sciences	NA	NA	NA	http://grbio.org/institution/california-academy-sciences	http://grscicoll.org/institutional-collection/herpetology-0	NA	CAS	HERP	NA	NA	PRESERVED_SPECIMEN	NA	NA	NA	urn:catalog:CAS:HERP:4789	4789	NA	R.H. Beck	NA	NA	NA	NA	NA	NA	NA	NA	NA	NA	NA	NA	NA	NA	PRESENT	NA	NA	NA	NA	NA	NA	NA	Green turtle embryo.  Lost in the earthquake and fire of 1906.	NA	NA	NA	NA	NA	NA	NA	NA	NA	NA	NA	NA	NA	NA	1901-02-18	NA	49	49	1901	2	18	18 Feb 1901	NA	NA	NA	NA	NA	NA	NA	NA	NA	South Pacific Ocean; Ecuador; Galapagos Prov.; Galapagos Ids.; Santa Cruz Id.	SOUTH_AMERICA	South Pacific Ocean	Galapagos Ids.	Santa Cruz Id.	EC	Galapagos Prov.	NA	NA	NA	Idefatigable Island, Galapagos Islands.	NA	NA	NA	NA	NA	NA	NA	NA	NA	NA	NA	NA	NA	NA	NA	NA	NA	NA	NA	NA	NA	NA	NA	NA	NA	NA	NA	NA	NA	NA	NA	NA	NA	NA	NA	NA	NA	NA	NA	NA	NA	NA	NA	NA	NA	NA	NA	NA	NA	NA	NA	NA	TVGD	NA	NA	NA	NA	NA	Chelonia mydas (Linnaeus, 1758)	NA	NA	NA	NA	NA	NA	Animalia; Chordata; Reptilia; Testudines; Cheloniidae	Animalia	Chordata	Reptilia	Testudines	Chelonioidea	Cheloniidae	NA	NA	NA	Chelonia	Chelonia	NA	NA	mydas	NA	NA	SPECIES	NA	NA	NA	ACCEPTED	NA	NA	cece4fc2-1fec-4bb5-a335-7252548e3f0b	US	2026-09-07 00:06:32	NA	NA	NA	NA	NA	CONTINENT_DERIVED_FROM_COUNTRY	NA	CONTINENT_DERIVED_FROM_COUNTRY	StillImage	FALSE	FALSE	TVGD	TVGD	N	CH2	RP	477	87BWH	83J	NA	NA	NA	3MPC	NA	TVGD	Chelonia mydas	Chelonia mydas (Linnaeus, 1758)	Chelonia mydas	NA	EML	2026-09-07 00:06:32	2026-09-07 00:01:45	NA	TRUE	NA	NA	FALSE	LATIN_AMERICA	NORTH_AMERICA	NA	NA	NA	NA	NA	NA	NA	NA	LC
543634498	NA	NA	NA	CC0_1_0	2024-01-04 14:21:00	California Academy of Sciences	NA	NA	NA	http://grbio.org/institution/california-academy-sciences	http://grscicoll.org/institutional-collection/herpetology-0	NA	CAS	HERP	NA	NA	PRESERVED_SPECIMEN	NA	NA	NA	urn:catalog:CAS:HERP:4799	4799	NA	R.H. Beck	NA	NA	NA	NA	NA	NA	NA	NA	NA	NA	NA	NA	NA	NA	PRESENT	NA	NA	NA	NA	NA	NA	NA	Green Turtle? Embryos in eggs. Lost in the earthquake and fire of 1906.	NA	NA	NA	NA	NA	NA	NA	NA	NA	NA	NA	NA	NA	NA	1901-03-07	NA	66	66	1901	3	7	7 Mar 1901	NA	NA	NA	NA	NA	NA	NA	NA	NA	South Pacific Ocean; Ecuador; Galapagos Prov.; Galapagos Ids.; Baltra Id.	SOUTH_AMERICA	South Pacific Ocean	Galapagos Ids.	Baltra Id.	EC	Galapagos Prov.	NA	NA	NA	South Seymour Island, Galapagos Islands.	NA	NA	NA	NA	NA	NA	NA	-0.456111	-90.274444	NA	NA	NA	NA	NA	NA	NA	NA	NA	NA	NA	Google Earth, 2013.	NA	NA	NA	NA	NA	NA	NA	NA	NA	NA	NA	NA	NA	NA	NA	NA	NA	NA	NA	NA	NA	NA	NA	NA	NA	NA	NA	NA	NA	NA	NA	TVGD	NA	NA	NA	NA	NA	Chelonia mydas (Linnaeus, 1758)	NA	NA	NA	NA	NA	NA	Animalia; Chordata; Reptilia; Testudines; Cheloniidae	Animalia	Chordata	Reptilia	Testudines	Chelonioidea	Cheloniidae	NA	NA	NA	Chelonia	Chelonia	NA	NA	mydas	NA	NA	SPECIES	NA	NA	NA	ACCEPTED	NA	NA	cece4fc2-1fec-4bb5-a335-7252548e3f0b	US	2026-09-07 00:06:37	NA	NA	NA	NA	NA	COORDINATE_ROUNDED;CONTINENT_DERIVED_FROM_COORDINATES	NA	COORDINATE_ROUNDED;CONTINENT_DERIVED_FROM_COORDINATES	StillImage	TRUE	FALSE	TVGD	TVGD	N	CH2	RP	477	87BWH	83J	NA	NA	NA	3MPC	NA	TVGD	Chelonia mydas	Chelonia mydas (Linnaeus, 1758)	Chelonia cf. mydas	NA	EML	2026-09-07 00:06:37	2026-09-07 00:01:45	NA	TRUE	NA	NA	FALSE	LATIN_AMERICA	NORTH_AMERICA	ECU	Ecuador	ECU.9_1	Galápagos	ECU.9.3_1	Santa Cruz	ECU.9.3.3_1	Santa Rosa	LC
543634399	NA	NA	NA	CC0_1_0	2024-01-04 14:21:00	California Academy of Sciences	NA	NA	NA	http://grbio.org/institution/california-academy-sciences	http://grscicoll.org/institutional-collection/herpetology-0	NA	CAS	HERP	NA	NA	PRESERVED_SPECIMEN	NA	NA	NA	urn:catalog:CAS:HERP:4790	4790	NA	R.H. Beck	NA	NA	NA	NA	NA	NA	NA	NA	NA	NA	NA	NA	NA	NA	PRESENT	NA	NA	NA	NA	NA	NA	NA	Green turtle embryo.  Lost in the earthquake and fire of 1906.	NA	NA	NA	NA	NA	NA	NA	NA	NA	NA	NA	NA	NA	NA	1901-02-18	NA	49	49	1901	2	18	18 Feb 1901	NA	NA	NA	NA	NA	NA	NA	NA	NA	South Pacific Ocean; Ecuador; Galapagos Prov.; Galapagos Ids.; Santa Cruz Id.	SOUTH_AMERICA	South Pacific Ocean	Galapagos Ids.	Santa Cruz Id.	EC	Galapagos Prov.	NA	NA	NA	Idefatigable Island, Galapagos Islands.	NA	NA	NA	NA	NA	NA	NA	NA	NA	NA	NA	NA	NA	NA	NA	NA	NA	NA	NA	NA	NA	NA	NA	NA	NA	NA	NA	NA	NA	NA	NA	NA	NA	NA	NA	NA	NA	NA	NA	NA	NA	NA	NA	NA	NA	NA	NA	NA	NA	NA	NA	NA	TVGD	NA	NA	NA	NA	NA	Chelonia mydas (Linnaeus, 1758)	NA	NA	NA	NA	NA	NA	Animalia; Chordata; Reptilia; Testudines; Cheloniidae	Animalia	Chordata	Reptilia	Testudines	Chelonioidea	Cheloniidae	NA	NA	NA	Chelonia	Chelonia	NA	NA	mydas	NA	NA	SPECIES	NA	NA	NA	ACCEPTED	NA	NA	cece4fc2-1fec-4bb5-a335-7252548e3f0b	US	2026-09-07 00:06:32	NA	NA	NA	NA	NA	CONTINENT_DERIVED_FROM_COUNTRY	NA	CONTINENT_DERIVED_FROM_COUNTRY	StillImage	FALSE	FALSE	TVGD	TVGD	N	CH2	RP	477	87BWH	83J	NA	NA	NA	3MPC	NA	TVGD	Chelonia mydas	Chelonia mydas (Linnaeus, 1758)	Chelonia mydas	NA	EML	2026-09-07 00:06:32	2026-09-07 00:01:45	NA	TRUE	NA	NA	FALSE	LATIN_AMERICA	NORTH_AMERICA	NA	NA	NA	NA	NA	NA	NA	NA	LC
543634511	NA	NA	NA	CC0_1_0	2024-01-04 14:21:00	California Academy of Sciences	NA	NA	NA	http://grbio.org/institution/california-academy-sciences	http://grscicoll.org/institutional-collection/herpetology-0	NA	CAS	HERP	NA	NA	PRESERVED_SPECIMEN	NA	NA	NA	urn:catalog:CAS:HERP:4800	4800	NA	R.H. Beck	NA	NA	NA	NA	NA	NA	NA	NA	NA	NA	NA	NA	NA	NA	PRESENT	NA	NA	NA	NA	NA	NA	NA	Green Turtle? Embryos in eggs. Lost in the earthquake and fire of 1906.	NA	NA	NA	NA	NA	NA	NA	NA	NA	NA	NA	NA	NA	NA	1901-03-07	NA	66	66	1901	3	7	7 Mar 1901	NA	NA	NA	NA	NA	NA	NA	NA	NA	South Pacific Ocean; Ecuador; Galapagos Prov.; Galapagos Ids.; Baltra Id.	SOUTH_AMERICA	South Pacific Ocean	Galapagos Ids.	Baltra Id.	EC	Galapagos Prov.	NA	NA	NA	South Seymour Island, Galapagos Islands.	NA	NA	NA	NA	NA	NA	NA	-0.456111	-90.274444	NA	NA	NA	NA	NA	NA	NA	NA	NA	NA	NA	Google Earth, 2013.	NA	NA	NA	NA	NA	NA	NA	NA	NA	NA	NA	NA	NA	NA	NA	NA	NA	NA	NA	NA	NA	NA	NA	NA	NA	NA	NA	NA	NA	NA	NA	TVGD	NA	NA	NA	NA	NA	Chelonia mydas (Linnaeus, 1758)	NA	NA	NA	NA	NA	NA	Animalia; Chordata; Reptilia; Testudines; Cheloniidae	Animalia	Chordata	Reptilia	Testudines	Chelonioidea	Cheloniidae	NA	NA	NA	Chelonia	Chelonia	NA	NA	mydas	NA	NA	SPECIES	NA	NA	NA	ACCEPTED	NA	NA	cece4fc2-1fec-4bb5-a335-7252548e3f0b	US	2026-09-07 00:06:39	NA	NA	NA	NA	NA	COORDINATE_ROUNDED;CONTINENT_DERIVED_FROM_COORDINATES	NA	COORDINATE_ROUNDED;CONTINENT_DERIVED_FROM_COORDINATES	StillImage	TRUE	FALSE	TVGD	TVGD	N	CH2	RP	477	87BWH	83J	NA	NA	NA	3MPC	NA	TVGD	Chelonia mydas	Chelonia mydas (Linnaeus, 1758)	Chelonia cf. mydas	NA	EML	2026-09-07 00:06:39	2026-09-07 00:01:45	NA	TRUE	NA	NA	FALSE	LATIN_AMERICA	NORTH_AMERICA	ECU	Ecuador	ECU.9_1	Galápagos	ECU.9.3_1	Santa Cruz	ECU.9.3.3_1	Santa Rosa	LC
543634533	NA	NA	NA	CC0_1_0	2024-01-04 14:21:00	California Academy of Sciences	NA	NA	NA	http://grbio.org/institution/california-academy-sciences	http://grscicoll.org/institutional-collection/herpetology-0	NA	CAS	HERP	NA	NA	PRESERVED_SPECIMEN	NA	NA	NA	urn:catalog:CAS:HERP:4802	4802	NA	R.H. Beck	NA	NA	NA	NA	NA	NA	NA	NA	NA	NA	NA	NA	NA	NA	PRESENT	NA	NA	NA	NA	NA	NA	NA	Green Turtle? Embryos in eggs. Lost in the earthquake and fire of 1906.	NA	NA	NA	NA	NA	NA	NA	NA	NA	NA	NA	NA	NA	NA	1901-03-07	NA	66	66	1901	3	7	7 Mar 1901	NA	NA	NA	NA	NA	NA	NA	NA	NA	South Pacific Ocean; Ecuador; Galapagos Prov.; Galapagos Ids.; Baltra Id.	SOUTH_AMERICA	South Pacific Ocean	Galapagos Ids.	Baltra Id.	EC	Galapagos Prov.	NA	NA	NA	South Seymour Island, Galapagos Islands.	NA	NA	NA	NA	NA	NA	NA	-0.456111	-90.274444	NA	NA	NA	NA	NA	NA	NA	NA	NA	NA	NA	Google Earth, 2013.	NA	NA	NA	NA	NA	NA	NA	NA	NA	NA	NA	NA	NA	NA	NA	NA	NA	NA	NA	NA	NA	NA	NA	NA	NA	NA	NA	NA	NA	NA	NA	TVGD	NA	NA	NA	NA	NA	Chelonia mydas (Linnaeus, 1758)	NA	NA	NA	NA	NA	NA	Animalia; Chordata; Reptilia; Testudines; Cheloniidae	Animalia	Chordata	Reptilia	Testudines	Chelonioidea	Cheloniidae	NA	NA	NA	Chelonia	Chelonia	NA	NA	mydas	NA	NA	SPECIES	NA	NA	NA	ACCEPTED	NA	NA	cece4fc2-1fec-4bb5-a335-7252548e3f0b	US	2026-09-07 00:06:37	NA	NA	NA	NA	NA	COORDINATE_ROUNDED;CONTINENT_DERIVED_FROM_COORDINATES	NA	COORDINATE_ROUNDED;CONTINENT_DERIVED_FROM_COORDINATES	StillImage	TRUE	FALSE	TVGD	TVGD	N	CH2	RP	477	87BWH	83J	NA	NA	NA	3MPC	NA	TVGD	Chelonia mydas	Chelonia mydas (Linnaeus, 1758)	Chelonia cf. mydas	NA	EML	2026-09-07 00:06:37	2026-09-07 00:01:45	NA	TRUE	NA	NA	FALSE	LATIN_AMERICA	NORTH_AMERICA	ECU	Ecuador	ECU.9_1	Galápagos	ECU.9.3_1	Santa Cruz	ECU.9.3.3_1	Santa Rosa	LC
543634522	NA	NA	NA	CC0_1_0	2024-01-04 14:21:00	California Academy of Sciences	NA	NA	NA	http://grbio.org/institution/california-academy-sciences	http://grscicoll.org/institutional-collection/herpetology-0	NA	CAS	HERP	NA	NA	PRESERVED_SPECIMEN	NA	NA	NA	urn:catalog:CAS:HERP:4801	4801	NA	R.H. Beck	NA	NA	NA	NA	NA	NA	NA	NA	NA	NA	NA	NA	NA	NA	PRESENT	NA	NA	NA	NA	NA	NA	NA	Green Turtle? Embryos in eggs. Lost in the earthquake and fire of 1906.	NA	NA	NA	NA	NA	NA	NA	NA	NA	NA	NA	NA	NA	NA	1901-03-07	NA	66	66	1901	3	7	7 Mar 1901	NA	NA	NA	NA	NA	NA	NA	NA	NA	South Pacific Ocean; Ecuador; Galapagos Prov.; Galapagos Ids.; Baltra Id.	SOUTH_AMERICA	South Pacific Ocean	Galapagos Ids.	Baltra Id.	EC	Galapagos Prov.	NA	NA	NA	South Seymour Island, Galapagos Islands.	NA	NA	NA	NA	NA	NA	NA	-0.456111	-90.274444	NA	NA	NA	NA	NA	NA	NA	NA	NA	NA	NA	Google Earth, 2013.	NA	NA	NA	NA	NA	NA	NA	NA	NA	NA	NA	NA	NA	NA	NA	NA	NA	NA	NA	NA	NA	NA	NA	NA	NA	NA	NA	NA	NA	NA	NA	TVGD	NA	NA	NA	NA	NA	Chelonia mydas (Linnaeus, 1758)	NA	NA	NA	NA	NA	NA	Animalia; Chordata; Reptilia; Testudines; Cheloniidae	Animalia	Chordata	Reptilia	Testudines	Chelonioidea	Cheloniidae	NA	NA	NA	Chelonia	Chelonia	NA	NA	mydas	NA	NA	SPECIES	NA	NA	NA	ACCEPTED	NA	NA	cece4fc2-1fec-4bb5-a335-7252548e3f0b	US	2026-09-07 00:06:32	NA	NA	NA	NA	NA	COORDINATE_ROUNDED;CONTINENT_DERIVED_FROM_COORDINATES	NA	COORDINATE_ROUNDED;CONTINENT_DERIVED_FROM_COORDINATES	StillImage	TRUE	FALSE	TVGD	TVGD	N	CH2	RP	477	87BWH	83J	NA	NA	NA	3MPC	NA	TVGD	Chelonia mydas	Chelonia mydas (Linnaeus, 1758)	Chelonia cf. mydas	NA	EML	2026-09-07 00:06:32	2026-09-07 00:01:45	NA	TRUE	NA	NA	FALSE	LATIN_AMERICA	NORTH_AMERICA	ECU	Ecuador	ECU.9_1	Galápagos	ECU.9.3_1	Santa Cruz	ECU.9.3.3_1	Santa Rosa	LC
543673622	NA	NA	NA	CC0_1_0	2024-01-04 14:21:00	California Academy of Sciences	NA	NA	NA	http://grbio.org/institution/california-academy-sciences	http://grscicoll.org/institutional-collection/herpetology-0	NA	CAS	HERP	NA	NA	PRESERVED_SPECIMEN	NA	NA	NA	urn:catalog:CAS:HERP:8320	8320	2114	R.H. Beck	NA	NA	NA	NA	Male	Adult	NA	NA	NA	NA	NA	NA	NA	NA	PRESENT	Dry	NA	NA	NA	NA	NA	NA	Miscellaneous postcrania in skeletal collection.	NA	NA	NA	NA	NA	NA	NA	NA	NA	NA	NA	NA	NA	NA	1905-12-01	NA	335	335	1905	12	1	1-17 Dec 1905	NA	NA	NA	NA	NA	NA	NA	NA	NA	South Pacific Ocean; Ecuador; Galapagos Prov.; Galapagos Ids.; Pinzon Id.	SOUTH_AMERICA	South Pacific Ocean	Galapagos Ids.	Pinzon Id.	EC	Galapagos Prov.	NA	NA	NA	Duncan Island, Galapagos Arch.	NA	NA	NA	NA	NA	NA	NA	-0.613056	-90.677778	NA	NA	NA	NA	NA	NA	NA	NA	NA	NA	NA	Google Earth, 2013.	NA	NA	NA	NA	NA	NA	NA	NA	NA	NA	NA	NA	NA	NA	NA	NA	NA	NA	NA	NA	NA	NA	NA	NA	NA	NA	NA	NA	NA	NA	NA	C6Q3Z	NA	NA	NA	NA	NA	Chelonoidis duncanensis (Pritchard, 1996)	NA	NA	NA	NA	NA	NA	Animalia; Chordata; Reptilia; Testudines; Testudinidae	Animalia	Chordata	Reptilia	Testudines	Testudinoidea	Testudinidae	NA	NA	NA	Chelonoidis	Chelonoidis	NA	NA	duncanensis	NA	NA	SPECIES	NA	NA	NA	SYNONYM	NA	NA	cece4fc2-1fec-4bb5-a335-7252548e3f0b	US	2026-09-07 00:06:36	NA	NA	NA	NA	NA	COORDINATE_ROUNDED;CONTINENT_DERIVED_FROM_COORDINATES	NA	COORDINATE_ROUNDED;CONTINENT_DERIVED_FROM_COORDINATES	StillImage	TRUE	FALSE	MVBKH	C6Q3Z	N	CH2	RP	477	87BWY	626NZ	NA	NA	NA	3MPP	NA	5Y2Z9	Chelonoidis niger	Chelonoidis niger duncanensis (Pritchard, 1996)	Chelonoidis duncanensis	NA	EML	2026-09-07 00:06:36	2026-09-07 00:01:45	NA	TRUE	NA	NA	FALSE	LATIN_AMERICA	NORTH_AMERICA	ECU	Ecuador	ECU.9_1	Galápagos	ECU.9.3_1	Santa Cruz	ECU.9.3.3_1	Santa Rosa	NA
543673688	NA	NA	NA	CC0_1_0	2024-01-04 14:21:00	California Academy of Sciences	NA	NA	NA	http://grbio.org/institution/california-academy-sciences	http://grscicoll.org/institutional-collection/herpetology-0	NA	CAS	HERP	NA	NA	PRESERVED_SPECIMEN	NA	NA	NA	urn:catalog:CAS:HERP:8326	8326	2135	R.H. Beck	NA	NA	NA	NA	Female	Adult	NA	NA	NA	NA	NA	NA	NA	NA	PRESENT	Dry	NA	NA	NA	NA	NA	NA	Miscellaneous postcrania in skeletal collection.	NA	NA	NA	NA	NA	NA	NA	NA	NA	NA	NA	NA	NA	NA	1905-12-01	NA	335	335	1905	12	1	1-17 Dec 1905	NA	NA	NA	NA	NA	NA	NA	NA	NA	South Pacific Ocean; Ecuador; Galapagos Prov.; Galapagos Ids.; Pinzon Id.	SOUTH_AMERICA	South Pacific Ocean	Galapagos Ids.	Pinzon Id.	EC	Galapagos Prov.	NA	NA	NA	Duncan Island, Galapagos Arch.	NA	NA	NA	NA	NA	NA	NA	-0.613056	-90.677778	NA	NA	NA	NA	NA	NA	NA	NA	NA	NA	NA	Google Earth, 2013.	NA	NA	NA	NA	NA	NA	NA	NA	NA	NA	NA	NA	NA	NA	NA	NA	NA	NA	NA	NA	NA	NA	NA	NA	NA	NA	NA	NA	NA	NA	NA	C6Q3Z	NA	NA	NA	NA	NA	Chelonoidis duncanensis (Pritchard, 1996)	NA	NA	NA	NA	NA	NA	Animalia; Chordata; Reptilia; Testudines; Testudinidae	Animalia	Chordata	Reptilia	Testudines	Testudinoidea	Testudinidae	NA	NA	NA	Chelonoidis	Chelonoidis	NA	NA	duncanensis	NA	NA	SPECIES	NA	NA	NA	SYNONYM	NA	NA	cece4fc2-1fec-4bb5-a335-7252548e3f0b	US	2026-09-07 00:06:36	NA	NA	NA	NA	NA	COORDINATE_ROUNDED;CONTINENT_DERIVED_FROM_COORDINATES	NA	COORDINATE_ROUNDED;CONTINENT_DERIVED_FROM_COORDINATES	StillImage	TRUE	FALSE	MVBKH	C6Q3Z	N	CH2	RP	477	87BWY	626NZ	NA	NA	NA	3MPP	NA	5Y2Z9	Chelonoidis niger	Chelonoidis niger duncanensis (Pritchard, 1996)	Chelonoidis duncanensis	NA	EML	2026-09-07 00:06:36	2026-09-07 00:01:45	NA	TRUE	NA	NA	FALSE	LATIN_AMERICA	NORTH_AMERICA	ECU	Ecuador	ECU.9_1	Galápagos	ECU.9.3_1	Santa Cruz	ECU.9.3.3_1	Santa Rosa	NA
543673777	NA	NA	NA	CC0_1_0	2024-01-04 14:21:00	California Academy of Sciences	NA	NA	NA	http://grbio.org/institution/california-academy-sciences	http://grscicoll.org/institutional-collection/herpetology-0	NA	CAS	HERP	NA	NA	PRESERVED_SPECIMEN	NA	NA	NA	urn:catalog:CAS:HERP:8334	8334	2150	R.H. Beck	NA	NA	NA	NA	Female	NA	NA	NA	NA	NA	NA	NA	NA	NA	PRESENT	Dry	NA	NA	NA	NA	NA	NA	Miscellaneous postcrania in skeletal collection.	NA	NA	NA	NA	NA	NA	NA	NA	NA	NA	NA	NA	NA	NA	1905-12-01	NA	335	335	1905	12	1	1-17 Dec 1905	NA	NA	NA	NA	NA	NA	NA	NA	NA	South Pacific Ocean; Ecuador; Galapagos Prov.; Galapagos Ids.; Pinzon Id.	SOUTH_AMERICA	South Pacific Ocean	Galapagos Ids.	Pinzon Id.	EC	Galapagos Prov.	NA	NA	NA	Duncan Island, Galapagos Arch.	NA	NA	NA	NA	NA	NA	NA	-0.613056	-90.677778	NA	NA	NA	NA	NA	NA	NA	NA	NA	NA	NA	Google Earth, 2013.	NA	NA	NA	NA	NA	NA	NA	NA	NA	NA	NA	NA	NA	NA	NA	NA	NA	NA	NA	NA	NA	NA	NA	NA	NA	NA	NA	NA	NA	NA	NA	C6Q3Z	NA	NA	NA	NA	NA	Chelonoidis duncanensis (Pritchard, 1996)	NA	NA	NA	NA	NA	NA	Animalia; Chordata; Reptilia; Testudines; Testudinidae	Animalia	Chordata	Reptilia	Testudines	Testudinoidea	Testudinidae	NA	NA	NA	Chelonoidis	Chelonoidis	NA	NA	duncanensis	NA	NA	SPECIES	NA	NA	NA	SYNONYM	NA	NA	cece4fc2-1fec-4bb5-a335-7252548e3f0b	US	2026-09-07 00:06:36	NA	NA	NA	NA	NA	COORDINATE_ROUNDED;CONTINENT_DERIVED_FROM_COORDINATES	NA	COORDINATE_ROUNDED;CONTINENT_DERIVED_FROM_COORDINATES	StillImage	TRUE	FALSE	MVBKH	C6Q3Z	N	CH2	RP	477	87BWY	626NZ	NA	NA	NA	3MPP	NA	5Y2Z9	Chelonoidis niger	Chelonoidis niger duncanensis (Pritchard, 1996)	Chelonoidis duncanensis	NA	EML	2026-09-07 00:06:36	2026-09-07 00:01:45	NA	TRUE	NA	NA	FALSE	LATIN_AMERICA	NORTH_AMERICA	ECU	Ecuador	ECU.9_1	Galápagos	ECU.9.3_1	Santa Cruz	ECU.9.3.3_1	Santa Rosa	NA
543674232	NA	NA	NA	CC0_1_0	2024-01-04 14:21:00	California Academy of Sciences	NA	NA	NA	http://grbio.org/institution/california-academy-sciences	http://grscicoll.org/institutional-collection/herpetology-0	NA	CAS	HERP	NA	NA	PRESERVED_SPECIMEN	NA	NA	NA	urn:catalog:CAS:HERP:8375	8375	O.O.	Expedition	NA	NA	NA	NA	Female	NA	NA	NA	NA	NA	NA	NA	NA	NA	PRESENT	Dry	NA	NA	NA	NA	NA	NA	NA	NA	NA	NA	NA	NA	NA	NA	NA	NA	NA	NA	NA	NA	NA	1905-12	NA	NA	NA	1905	12	NA	Dec 1905	NA	NA	NA	NA	NA	NA	NA	NA	NA	South Pacific Ocean; Ecuador; Galapagos Prov.; Galapagos Ids.; Pinzon Id.	SOUTH_AMERICA	South Pacific Ocean	Galapagos Ids.	Pinzon Id.	EC	Galapagos Prov.	NA	NA	NA	Duncan Island, Galapagos Arch.	NA	NA	NA	NA	NA	NA	NA	-0.613056	-90.677778	NA	NA	NA	NA	NA	NA	NA	NA	NA	NA	NA	Google Earth, 2013.	NA	NA	NA	NA	NA	NA	NA	NA	NA	NA	NA	NA	NA	NA	NA	NA	NA	NA	NA	NA	NA	NA	NA	NA	NA	NA	NA	NA	NA	NA	NA	C6Q3Z	NA	NA	NA	NA	NA	Chelonoidis duncanensis (Pritchard, 1996)	NA	NA	NA	NA	NA	NA	Animalia; Chordata; Reptilia; Testudines; Testudinidae	Animalia	Chordata	Reptilia	Testudines	Testudinoidea	Testudinidae	NA	NA	NA	Chelonoidis	Chelonoidis	NA	NA	duncanensis	NA	NA	SPECIES	NA	NA	NA	SYNONYM	NA	NA	cece4fc2-1fec-4bb5-a335-7252548e3f0b	US	2026-09-07 00:06:36	NA	NA	NA	NA	NA	COORDINATE_ROUNDED;CONTINENT_DERIVED_FROM_COORDINATES	NA	COORDINATE_ROUNDED;CONTINENT_DERIVED_FROM_COORDINATES	StillImage	TRUE	FALSE	MVBKH	C6Q3Z	N	CH2	RP	477	87BWY	626NZ	NA	NA	NA	3MPP	NA	5Y2Z9	Chelonoidis niger	Chelonoidis niger duncanensis (Pritchard, 1996)	Chelonoidis duncanensis	NA	EML	2026-09-07 00:06:36	2026-09-07 00:01:45	NA	TRUE	NA	NA	FALSE	LATIN_AMERICA	NORTH_AMERICA	ECU	Ecuador	ECU.9_1	Galápagos	ECU.9.3_1	Santa Cruz	ECU.9.3.3_1	Santa Rosa	NA
543674744	NA	NA	NA	CC0_1_0	2024-01-04 14:21:00	California Academy of Sciences	NA	NA	NA	http://grbio.org/institution/california-academy-sciences	http://grscicoll.org/institutional-collection/herpetology-0	NA	CAS	HERP	NA	NA	PRESERVED_SPECIMEN	NA	NA	NA	urn:catalog:CAS:HERP:8421	8421	NA	R.H. Beck	NA	NA	NA	NA	NA	Egg	NA	NA	NA	NA	NA	NA	NA	NA	PRESENT	Dry	NA	NA	NA	NA	NA	NA	Nine eggs.	NA	NA	NA	NA	NA	NA	NA	NA	NA	NA	NA	NA	NA	NA	1905-10-25	NA	298	298	1905	10	25	25 Oct 1905	NA	NA	NA	NA	NA	NA	NA	NA	NA	South Pacific Ocean; Ecuador; Galapagos Prov.; Galapagos Ids.; Santa Cruz Id.	SOUTH_AMERICA	South Pacific Ocean	Galapagos Ids.	Santa Cruz Id.	EC	Galapagos Prov.	NA	NA	vicinity of Puerta de la Aguada	Indefatigable Isl., Galapagos Arch. Vic. Puerta de la Aguada	NA	NA	NA	NA	NA	NA	NA	-0.726389	-90.327639	NA	NA	NA	NA	NA	NA	NA	NA	NA	NA	NA	Google Earth, 2013.	NA	NA	NA	NA	NA	NA	NA	NA	NA	NA	NA	NA	NA	NA	NA	NA	NA	NA	NA	NA	NA	NA	NA	NA	NA	NA	NA	NA	NA	NA	NA	3MPP	NA	NA	NA	NA	NA	Chelonoidis Fitzinger, 1835	NA	NA	NA	NA	NA	NA	Animalia; Chordata; Reptilia; Testudines; Testudinidae	Animalia	Chordata	Reptilia	Testudines	Testudinoidea	Testudinidae	NA	NA	NA	Chelonoidis	NA	NA	NA	NA	NA	NA	GENUS	NA	NA	NA	ACCEPTED	NA	NA	cece4fc2-1fec-4bb5-a335-7252548e3f0b	US	2026-09-07 00:06:36	NA	NA	NA	NA	NA	COORDINATE_ROUNDED;CONTINENT_DERIVED_FROM_COORDINATES	NA	COORDINATE_ROUNDED;CONTINENT_DERIVED_FROM_COORDINATES	StillImage	TRUE	FALSE	3MPP	3MPP	N	CH2	RP	477	87BWY	626NZ	NA	NA	NA	3MPP	NA	NA	NA	Chelonoidis Fitzinger, 1835	Chelonoidis	NA	EML	2026-09-07 00:06:36	2026-09-07 00:01:45	NA	TRUE	NA	NA	FALSE	LATIN_AMERICA	NORTH_AMERICA	ECU	Ecuador	ECU.9_1	Galápagos	ECU.9.3_1	Santa Cruz	ECU.9.3.1_1	Bellavista	NA
543674032	NA	NA	NA	CC0_1_0	2024-01-04 14:21:00	California Academy of Sciences	NA	NA	NA	http://grbio.org/institution/california-academy-sciences	http://grscicoll.org/institutional-collection/herpetology-0	NA	CAS	HERP	NA	NA	PRESERVED_SPECIMEN	NA	NA	NA	urn:catalog:CAS:HERP:8357	8357	2106	R.H. Beck	NA	NA	NA	NA	Female	Adult	NA	NA	NA	NA	NA	NA	NA	NA	PRESENT	Dry	NA	NA	NA	NA	NA	NA	NA	NA	NA	NA	NA	NA	NA	NA	NA	NA	NA	NA	NA	NA	NA	1905-12-01	NA	335	335	1905	12	1	1-17 Dec 1905	NA	NA	NA	NA	NA	NA	NA	NA	NA	South Pacific Ocean; Ecuador; Galapagos Prov.; Galapagos Ids.; Pinzon Id.	SOUTH_AMERICA	South Pacific Ocean	Galapagos Ids.	Pinzon Id.	EC	Galapagos Prov.	NA	NA	NA	Duncan Island, Galapagos Arch.	NA	NA	NA	NA	NA	NA	NA	-0.613056	-90.677778	NA	NA	NA	NA	NA	NA	NA	NA	NA	NA	NA	Google Earth, 2013.	NA	NA	NA	NA	NA	NA	NA	NA	NA	NA	NA	NA	NA	NA	NA	NA	NA	NA	NA	NA	NA	NA	NA	NA	NA	NA	NA	NA	NA	NA	NA	C6Q3Z	NA	NA	NA	NA	NA	Chelonoidis duncanensis (Pritchard, 1996)	NA	NA	NA	NA	NA	NA	Animalia; Chordata; Reptilia; Testudines; Testudinidae	Animalia	Chordata	Reptilia	Testudines	Testudinoidea	Testudinidae	NA	NA	NA	Chelonoidis	Chelonoidis	NA	NA	duncanensis	NA	NA	SPECIES	NA	NA	NA	SYNONYM	NA	NA	cece4fc2-1fec-4bb5-a335-7252548e3f0b	US	2026-09-07 00:06:33	NA	NA	NA	NA	NA	COORDINATE_ROUNDED;CONTINENT_DERIVED_FROM_COORDINATES	NA	COORDINATE_ROUNDED;CONTINENT_DERIVED_FROM_COORDINATES	StillImage	TRUE	FALSE	MVBKH	C6Q3Z	N	CH2	RP	477	87BWY	626NZ	NA	NA	NA	3MPP	NA	5Y2Z9	Chelonoidis niger	Chelonoidis niger duncanensis (Pritchard, 1996)	Chelonoidis duncanensis	NA	EML	2026-09-07 00:06:33	2026-09-07 00:01:45	NA	TRUE	NA	NA	FALSE	LATIN_AMERICA	NORTH_AMERICA	ECU	Ecuador	ECU.9_1	Galápagos	ECU.9.3_1	Santa Cruz	ECU.9.3.3_1	Santa Rosa	NA
543674766	NA	NA	NA	CC0_1_0	2024-01-04 14:21:00	California Academy of Sciences	NA	NA	NA	http://grbio.org/institution/california-academy-sciences	http://grscicoll.org/institutional-collection/herpetology-0	NA	CAS	HERP	NA	NA	PRESERVED_SPECIMEN	NA	NA	NA	urn:catalog:CAS:HERP:8423	8423	NA	R.H. Beck	NA	NA	NA	NA	NA	Egg	NA	NA	NA	NA	NA	NA	NA	NA	PRESENT	Dry	NA	NA	NA	NA	NA	NA	One egg.	NA	NA	NA	NA	NA	NA	NA	NA	NA	NA	NA	NA	NA	NA	1905-12-11	NA	345	345	1905	12	11	11-16 Dec 1905	NA	NA	NA	NA	NA	NA	NA	NA	NA	South Pacific Ocean; Ecuador; Galapagos Prov.; Galapagos Ids.; Pinzon Id.	SOUTH_AMERICA	South Pacific Ocean	Galapagos Ids.	Pinzon Id.	EC	Galapagos Prov.	NA	NA	NA	Duncan Island Galapagos Arch.	NA	NA	NA	NA	NA	NA	NA	-0.613056	-90.677778	NA	NA	NA	NA	NA	NA	NA	NA	NA	NA	NA	Google Earth, 2013.	NA	NA	NA	NA	NA	NA	NA	NA	NA	NA	NA	NA	NA	NA	NA	NA	NA	NA	NA	NA	NA	NA	NA	NA	NA	NA	NA	NA	NA	NA	NA	3MPP	NA	NA	NA	NA	NA	Chelonoidis Fitzinger, 1835	NA	NA	NA	NA	NA	NA	Animalia; Chordata; Reptilia; Testudines; Testudinidae	Animalia	Chordata	Reptilia	Testudines	Testudinoidea	Testudinidae	NA	NA	NA	Chelonoidis	NA	NA	NA	NA	NA	NA	GENUS	NA	NA	NA	ACCEPTED	NA	NA	cece4fc2-1fec-4bb5-a335-7252548e3f0b	US	2026-09-07 00:06:33	NA	NA	NA	NA	NA	COORDINATE_ROUNDED;CONTINENT_DERIVED_FROM_COORDINATES	NA	COORDINATE_ROUNDED;CONTINENT_DERIVED_FROM_COORDINATES	StillImage	TRUE	FALSE	3MPP	3MPP	N	CH2	RP	477	87BWY	626NZ	NA	NA	NA	3MPP	NA	NA	NA	Chelonoidis Fitzinger, 1835	Chelonoidis	NA	EML	2026-09-07 00:06:33	2026-09-07 00:01:45	NA	TRUE	NA	NA	FALSE	LATIN_AMERICA	NORTH_AMERICA	ECU	Ecuador	ECU.9_1	Galápagos	ECU.9.3_1	Santa Cruz	ECU.9.3.3_1	Santa Rosa	NA
543674066	NA	NA	NA	CC0_1_0	2024-01-04 14:21:00	California Academy of Sciences	NA	NA	NA	http://grbio.org/institution/california-academy-sciences	http://grscicoll.org/institutional-collection/herpetology-0	NA	CAS	HERP	NA	NA	PRESERVED_SPECIMEN	NA	NA	NA	urn:catalog:CAS:HERP:8360	8360	2134	R.H. Beck	NA	NA	NA	NA	Male	Adult	NA	NA	NA	NA	NA	NA	NA	NA	PRESENT	Dry	NA	NA	NA	NA	NA	NA	NA	NA	NA	NA	NA	NA	NA	NA	NA	NA	NA	NA	NA	NA	NA	1905-12-01	NA	335	335	1905	12	1	1-17 Dec 1905	NA	NA	NA	NA	NA	NA	NA	NA	NA	South Pacific Ocean; Ecuador; Galapagos Prov.; Galapagos Ids.; Pinzon Id.	SOUTH_AMERICA	South Pacific Ocean	Galapagos Ids.	Pinzon Id.	EC	Galapagos Prov.	NA	NA	NA	Duncan Island, Galapagos Arch.	NA	NA	NA	NA	NA	NA	NA	-0.613056	-90.677778	NA	NA	NA	NA	NA	NA	NA	NA	NA	NA	NA	Google Earth, 2013.	NA	NA	NA	NA	NA	NA	NA	NA	NA	NA	NA	NA	NA	NA	NA	NA	NA	NA	NA	NA	NA	NA	NA	NA	NA	NA	NA	NA	NA	NA	NA	C6Q3Z	NA	NA	NA	NA	NA	Chelonoidis duncanensis (Pritchard, 1996)	NA	NA	NA	NA	NA	NA	Animalia; Chordata; Reptilia; Testudines; Testudinidae	Animalia	Chordata	Reptilia	Testudines	Testudinoidea	Testudinidae	NA	NA	NA	Chelonoidis	Chelonoidis	NA	NA	duncanensis	NA	NA	SPECIES	NA	NA	NA	SYNONYM	NA	NA	cece4fc2-1fec-4bb5-a335-7252548e3f0b	US	2026-09-07 00:06:33	NA	NA	NA	NA	NA	COORDINATE_ROUNDED;CONTINENT_DERIVED_FROM_COORDINATES	NA	COORDINATE_ROUNDED;CONTINENT_DERIVED_FROM_COORDINATES	StillImage	TRUE	FALSE	MVBKH	C6Q3Z	N	CH2	RP	477	87BWY	626NZ	NA	NA	NA	3MPP	NA	5Y2Z9	Chelonoidis niger	Chelonoidis niger duncanensis (Pritchard, 1996)	Chelonoidis duncanensis	NA	EML	2026-09-07 00:06:33	2026-09-07 00:01:45	NA	TRUE	NA	NA	FALSE	LATIN_AMERICA	NORTH_AMERICA	ECU	Ecuador	ECU.9_1	Galápagos	ECU.9.3_1	Santa Cruz	ECU.9.3.3_1	Santa Rosa	NA
543675099	NA	NA	NA	CC0_1_0	2024-01-04 14:21:00	California Academy of Sciences	NA	NA	NA	http://grbio.org/institution/california-academy-sciences	http://grscicoll.org/institutional-collection/herpetology-0	NA	CAS	HERP	NA	NA	PRESERVED_SPECIMEN	NA	NA	NA	urn:catalog:CAS:HERP:8453	8453	2068	F.T. Nelson	NA	NA	NA	NA	Male	Adult	NA	NA	NA	NA	NA	NA	NA	NA	PRESENT	Dry	NA	NA	NA	NA	NA	NA	Killed 28 Nov 1905.  Miscellaneous postcrania in skeletal collection.  Date of collection in error, no collecting was done on 26 Nov 1905 based on Slevin's and Beck's field notes - JVV, 16 Jul 2013.	NA	NA	NA	NA	NA	NA	NA	NA	NA	NA	NA	NA	NA	NA	1905-11-26	NA	330	330	1905	11	26	26 Nov 1905	NA	NA	NA	NA	NA	NA	NA	NA	NA	South Pacific Ocean; Ecuador; Galapagos Prov.; Galapagos Ids.; Santa Cruz Id.	SOUTH_AMERICA	South Pacific Ocean	Galapagos Ids.	Santa Cruz Id.	EC	Galapagos Prov.	NA	NA	NA	Indefatigable Isl., Galapagos Arch.	NA	NA	NA	NA	NA	NA	NA	-0.501667	-90.3275	NA	NA	NA	NA	NA	NA	NA	NA	NA	NA	NA	Google Earth, 2013.	NA	NA	NA	NA	NA	NA	NA	NA	NA	NA	NA	NA	NA	NA	NA	NA	NA	NA	NA	NA	NA	NA	NA	NA	NA	NA	NA	NA	NA	NA	NA	TVGD	NA	NA	NA	NA	NA	Chelonia mydas (Linnaeus, 1758)	NA	NA	NA	NA	NA	NA	Animalia; Chordata; Reptilia; Testudines; Cheloniidae	Animalia	Chordata	Reptilia	Testudines	Chelonioidea	Cheloniidae	NA	NA	NA	Chelonia	Chelonia	NA	NA	mydas	NA	NA	SPECIES	NA	NA	NA	ACCEPTED	NA	NA	cece4fc2-1fec-4bb5-a335-7252548e3f0b	US	2026-09-07 00:06:33	NA	NA	NA	NA	NA	COORDINATE_ROUNDED;CONTINENT_DERIVED_FROM_COORDINATES	NA	COORDINATE_ROUNDED;CONTINENT_DERIVED_FROM_COORDINATES	StillImage	TRUE	FALSE	TVGD	TVGD	N	CH2	RP	477	87BWH	83J	NA	NA	NA	3MPC	NA	TVGD	Chelonia mydas	Chelonia mydas (Linnaeus, 1758)	Chelonia mydas	NA	EML	2026-09-07 00:06:33	2026-09-07 00:01:45	NA	TRUE	NA	NA	FALSE	LATIN_AMERICA	NORTH_AMERICA	NA	NA	NA	NA	NA	NA	NA	NA	LC
543675733	NA	NA	NA	CC0_1_0	2024-01-04 14:21:00	California Academy of Sciences	NA	NA	NA	http://grbio.org/institution/california-academy-sciences	http://grscicoll.org/institutional-collection/herpetology-0	NA	CAS	HERP	NA	NA	PRESERVED_SPECIMEN	NA	NA	NA	urn:catalog:CAS:HERP:8510	8510	NA	R.H. Beck	NA	NA	NA	NA	NA	Adult	NA	NA	NA	NA	NA	NA	NA	NA	PRESENT	Dry	NA	NA	NA	NA	NA	NA	NA	NA	NA	NA	NA	NA	NA	NA	NA	NA	NA	NA	NA	NA	NA	1905-11-24	NA	328	328	1905	11	24	24 Nov 1905	NA	NA	NA	NA	NA	NA	NA	NA	NA	South Pacific Ocean; Ecuador; Galapagos Prov.; Galapagos Ids.; Baltra Id.	SOUTH_AMERICA	South Pacific Ocean	Galapagos Ids.	Baltra Id.	EC	Galapagos Prov.	NA	NA	NA	South Seymour Isl. Galapagos Arch.	NA	NA	NA	NA	NA	NA	NA	-0.436528	-90.281722	NA	NA	NA	NA	NA	NA	NA	NA	NA	NA	NA	Google Earth, 2013.	NA	NA	NA	NA	NA	NA	NA	NA	NA	NA	NA	NA	NA	NA	NA	NA	NA	NA	NA	NA	NA	NA	NA	NA	NA	NA	NA	NA	NA	NA	NA	TVGD	NA	NA	NA	NA	NA	Chelonia mydas (Linnaeus, 1758)	NA	NA	NA	NA	NA	NA	Animalia; Chordata; Reptilia; Testudines; Cheloniidae	Animalia	Chordata	Reptilia	Testudines	Chelonioidea	Cheloniidae	NA	NA	NA	Chelonia	Chelonia	NA	NA	mydas	NA	NA	SPECIES	NA	NA	NA	ACCEPTED	NA	NA	cece4fc2-1fec-4bb5-a335-7252548e3f0b	US	2026-09-07 00:06:33	NA	NA	NA	NA	NA	COORDINATE_ROUNDED;CONTINENT_DERIVED_FROM_COORDINATES	NA	COORDINATE_ROUNDED;CONTINENT_DERIVED_FROM_COORDINATES	StillImage	TRUE	FALSE	TVGD	TVGD	N	CH2	RP	477	87BWH	83J	NA	NA	NA	3MPC	NA	TVGD	Chelonia mydas	Chelonia mydas (Linnaeus, 1758)	Chelonia mydas	NA	EML	2026-09-07 00:06:33	2026-09-07 00:01:45	NA	TRUE	NA	NA	FALSE	LATIN_AMERICA	NORTH_AMERICA	NA	NA	NA	NA	NA	NA	NA	NA	LC
543675744	NA	NA	NA	CC0_1_0	2024-01-04 14:21:00	California Academy of Sciences	NA	NA	NA	http://grbio.org/institution/california-academy-sciences	http://grscicoll.org/institutional-collection/herpetology-0	NA	CAS	HERP	NA	NA	PRESERVED_SPECIMEN	NA	NA	NA	urn:catalog:CAS:HERP:8511	8511	NA	NA	NA	NA	NA	NA	Female	Adult	NA	NA	NA	NA	NA	NA	NA	NA	PRESENT	Dry	NA	NA	NA	NA	NA	NA	NA	NA	NA	NA	NA	NA	NA	NA	NA	NA	NA	NA	NA	NA	NA	1905-11-24	NA	328	328	1905	11	24	24-29 Nov 1905	NA	NA	NA	NA	NA	NA	NA	NA	NA	South Pacific Ocean; Ecuador; Galapagos Prov.; Galapagos Ids.; Santa Cruz Id.	SOUTH_AMERICA	South Pacific Ocean	Galapagos Ids.	Santa Cruz Id.	EC	Galapagos Prov.	NA	NA	NA	Indefatigable Isl. Galapagos Arch.	NA	NA	NA	NA	NA	NA	NA	-0.501667	-90.3275	NA	NA	NA	NA	NA	NA	NA	NA	NA	NA	NA	Google Earth, 2013.	NA	NA	NA	NA	NA	NA	NA	NA	NA	NA	NA	NA	NA	NA	NA	NA	NA	NA	NA	NA	NA	NA	NA	NA	NA	NA	NA	NA	NA	NA	NA	TVGD	NA	NA	NA	NA	NA	Chelonia mydas (Linnaeus, 1758)	NA	NA	NA	NA	NA	NA	Animalia; Chordata; Reptilia; Testudines; Cheloniidae	Animalia	Chordata	Reptilia	Testudines	Chelonioidea	Cheloniidae	NA	NA	NA	Chelonia	Chelonia	NA	NA	mydas	NA	NA	SPECIES	NA	NA	NA	ACCEPTED	NA	NA	cece4fc2-1fec-4bb5-a335-7252548e3f0b	US	2026-09-07 00:06:33	NA	NA	NA	NA	NA	COORDINATE_ROUNDED;CONTINENT_DERIVED_FROM_COORDINATES	NA	COORDINATE_ROUNDED;CONTINENT_DERIVED_FROM_COORDINATES	StillImage	TRUE	FALSE	TVGD	TVGD	N	CH2	RP	477	87BWH	83J	NA	NA	NA	3MPC	NA	TVGD	Chelonia mydas	Chelonia mydas (Linnaeus, 1758)	Chelonia mydas	NA	EML	2026-09-07 00:06:33	2026-09-07 00:01:45	NA	TRUE	NA	NA	FALSE	LATIN_AMERICA	NORTH_AMERICA	NA	NA	NA	NA	NA	NA	NA	NA	LC
543673677	NA	NA	NA	CC0_1_0	2024-01-04 14:21:00	California Academy of Sciences	NA	NA	NA	http://grbio.org/institution/california-academy-sciences	http://grscicoll.org/institutional-collection/herpetology-0	NA	CAS	HERP	NA	NA	PRESERVED_SPECIMEN	NA	NA	NA	urn:catalog:CAS:HERP:8325	8325	2132	R.H. Beck	NA	NA	NA	NA	Female	Adult	NA	NA	NA	NA	NA	NA	NA	NA	PRESENT	Dry	NA	NA	NA	NA	NA	NA	NA	NA	NA	NA	NA	NA	NA	NA	NA	NA	NA	NA	NA	NA	NA	1905-12-01	NA	335	335	1905	12	1	1-17 Dec 1905	NA	NA	NA	NA	NA	NA	NA	NA	NA	South Pacific Ocean; Ecuador; Galapagos Prov.; Galapagos Ids.; Pinzon Id.	SOUTH_AMERICA	South Pacific Ocean	Galapagos Ids.	Pinzon Id.	EC	Galapagos Prov.	NA	NA	NA	Duncan Island, Galapagos Arch.	NA	NA	NA	NA	NA	NA	NA	-0.613056	-90.677778	NA	NA	NA	NA	NA	NA	NA	NA	NA	NA	NA	Google Earth, 2013.	NA	NA	NA	NA	NA	NA	NA	NA	NA	NA	NA	NA	NA	NA	NA	NA	NA	NA	NA	NA	NA	NA	NA	NA	NA	NA	NA	NA	NA	NA	NA	C6Q3Z	NA	NA	NA	NA	NA	Chelonoidis duncanensis (Pritchard, 1996)	NA	NA	NA	NA	NA	NA	Animalia; Chordata; Reptilia; Testudines; Testudinidae	Animalia	Chordata	Reptilia	Testudines	Testudinoidea	Testudinidae	NA	NA	NA	Chelonoidis	Chelonoidis	NA	NA	duncanensis	NA	NA	SPECIES	NA	NA	NA	SYNONYM	NA	NA	cece4fc2-1fec-4bb5-a335-7252548e3f0b	US	2026-09-07 00:06:38	NA	NA	NA	NA	NA	COORDINATE_ROUNDED;CONTINENT_DERIVED_FROM_COORDINATES	NA	COORDINATE_ROUNDED;CONTINENT_DERIVED_FROM_COORDINATES	StillImage	TRUE	FALSE	MVBKH	C6Q3Z	N	CH2	RP	477	87BWY	626NZ	NA	NA	NA	3MPP	NA	5Y2Z9	Chelonoidis niger	Chelonoidis niger duncanensis (Pritchard, 1996)	Chelonoidis duncanensis	NA	EML	2026-09-07 00:06:38	2026-09-07 00:01:45	NA	TRUE	NA	NA	FALSE	LATIN_AMERICA	NORTH_AMERICA	ECU	Ecuador	ECU.9_1	Galápagos	ECU.9.3_1	Santa Cruz	ECU.9.3.3_1	Santa Rosa	NA
543673533	NA	NA	NA	CC0_1_0	2024-01-04 14:21:00	California Academy of Sciences	NA	NA	NA	http://grbio.org/institution/california-academy-sciences	http://grscicoll.org/institutional-collection/herpetology-0	NA	CAS	HERP	NA	NA	PRESERVED_SPECIMEN	NA	NA	NA	urn:catalog:CAS:HERP:8312	8312	2366	F.T. Nelson	NA	NA	NA	NA	Female	Adult	NA	NA	NA	NA	NA	NA	NA	NA	PRESENT	Dry	NA	NA	NA	NA	NA	NA	Killed on board 29 Dec 1905. Miscellaneous postcrania in skeletal collection.	NA	NA	NA	NA	NA	NA	NA	NA	NA	NA	NA	NA	NA	NA	1905-12-01	NA	335	335	1905	12	1	1-17 Dec 1905	NA	NA	NA	NA	NA	NA	NA	NA	NA	South Pacific Ocean; Ecuador; Galapagos Prov.; Galapagos Ids.; Pinzon Id.	SOUTH_AMERICA	South Pacific Ocean	Galapagos Ids.	Pinzon Id.	EC	Galapagos Prov.	NA	NA	NA	Duncan Island, Galapagos Arch.	NA	NA	NA	NA	NA	NA	NA	-0.613056	-90.677778	NA	NA	NA	NA	NA	NA	NA	NA	NA	NA	NA	Google Earth, 2013.	NA	NA	NA	NA	NA	NA	NA	NA	NA	NA	NA	NA	NA	NA	NA	NA	NA	NA	NA	NA	NA	NA	NA	NA	NA	NA	NA	NA	NA	NA	NA	C6Q3Z	NA	NA	NA	NA	NA	Chelonoidis duncanensis (Pritchard, 1996)	NA	NA	NA	NA	NA	NA	Animalia; Chordata; Reptilia; Testudines; Testudinidae	Animalia	Chordata	Reptilia	Testudines	Testudinoidea	Testudinidae	NA	NA	NA	Chelonoidis	Chelonoidis	NA	NA	duncanensis	NA	NA	SPECIES	NA	NA	NA	SYNONYM	NA	NA	cece4fc2-1fec-4bb5-a335-7252548e3f0b	US	2026-09-07 00:06:33	NA	NA	NA	NA	NA	COORDINATE_ROUNDED;CONTINENT_DERIVED_FROM_COORDINATES	NA	COORDINATE_ROUNDED;CONTINENT_DERIVED_FROM_COORDINATES	StillImage	TRUE	FALSE	MVBKH	C6Q3Z	N	CH2	RP	477	87BWY	626NZ	NA	NA	NA	3MPP	NA	5Y2Z9	Chelonoidis niger	Chelonoidis niger duncanensis (Pritchard, 1996)	Chelonoidis duncanensis	NA	EML	2026-09-07 00:06:33	2026-09-07 00:01:45	NA	TRUE	NA	NA	FALSE	LATIN_AMERICA	NORTH_AMERICA	ECU	Ecuador	ECU.9_1	Galápagos	ECU.9.3_1	Santa Cruz	ECU.9.3.3_1	Santa Rosa	NA
543673810	NA	NA	NA	CC0_1_0	2024-01-04 14:21:00	California Academy of Sciences	NA	NA	NA	http://grbio.org/institution/california-academy-sciences	http://grscicoll.org/institutional-collection/herpetology-0	NA	CAS	HERP	NA	NA	PRESERVED_SPECIMEN	NA	NA	NA	urn:catalog:CAS:HERP:8337	8337	2154	R.H. Beck	NA	NA	NA	NA	Female	Adult	NA	NA	NA	NA	NA	NA	NA	NA	PRESENT	Dry	NA	NA	NA	NA	NA	NA	Miscellaneous postcrania in skeletal collection.	NA	NA	NA	NA	NA	NA	NA	NA	NA	NA	NA	NA	NA	NA	1905-12-01	NA	335	335	1905	12	1	1-17 Dec 1905	NA	NA	NA	NA	NA	NA	NA	NA	NA	South Pacific Ocean; Ecuador; Galapagos Prov.; Galapagos Ids.; Pinzon Id.	SOUTH_AMERICA	South Pacific Ocean	Galapagos Ids.	Pinzon Id.	EC	Galapagos Prov.	NA	NA	NA	Duncan Island, Galapagos Arch.	NA	NA	NA	NA	NA	NA	NA	-0.613056	-90.677778	NA	NA	NA	NA	NA	NA	NA	NA	NA	NA	NA	Google Earth, 2013.	NA	NA	NA	NA	NA	NA	NA	NA	NA	NA	NA	NA	NA	NA	NA	NA	NA	NA	NA	NA	NA	NA	NA	NA	NA	NA	NA	NA	NA	NA	NA	C6Q3Z	NA	NA	NA	NA	NA	Chelonoidis duncanensis (Pritchard, 1996)	NA	NA	NA	NA	NA	NA	Animalia; Chordata; Reptilia; Testudines; Testudinidae	Animalia	Chordata	Reptilia	Testudines	Testudinoidea	Testudinidae	NA	NA	NA	Chelonoidis	Chelonoidis	NA	NA	duncanensis	NA	NA	SPECIES	NA	NA	NA	SYNONYM	NA	NA	cece4fc2-1fec-4bb5-a335-7252548e3f0b	US	2026-09-07 00:06:33	NA	NA	NA	NA	NA	COORDINATE_ROUNDED;CONTINENT_DERIVED_FROM_COORDINATES	NA	COORDINATE_ROUNDED;CONTINENT_DERIVED_FROM_COORDINATES	StillImage	TRUE	FALSE	MVBKH	C6Q3Z	N	CH2	RP	477	87BWY	626NZ	NA	NA	NA	3MPP	NA	5Y2Z9	Chelonoidis niger	Chelonoidis niger duncanensis (Pritchard, 1996)	Chelonoidis duncanensis	NA	EML	2026-09-07 00:06:33	2026-09-07 00:01:45	NA	TRUE	NA	NA	FALSE	LATIN_AMERICA	NORTH_AMERICA	ECU	Ecuador	ECU.9_1	Galápagos	ECU.9.3_1	Santa Cruz	ECU.9.3.3_1	Santa Rosa	NA
543673832	NA	NA	NA	CC0_1_0	2024-01-04 14:21:00	California Academy of Sciences	NA	NA	NA	http://grbio.org/institution/california-academy-sciences	http://grscicoll.org/institutional-collection/herpetology-0	NA	CAS	HERP	NA	NA	PRESERVED_SPECIMEN	NA	NA	NA	urn:catalog:CAS:HERP:8339	8339	2156	R.H. Beck	NA	NA	NA	NA	Female	Adult	NA	NA	NA	NA	NA	NA	NA	NA	PRESENT	Dry	NA	NA	NA	NA	NA	NA	Miscellaneous postcrania in skeletal collection.	NA	NA	NA	NA	NA	NA	NA	NA	NA	NA	NA	NA	NA	NA	1905-12-01	NA	335	335	1905	12	1	1-17 Dec 1905	NA	NA	NA	NA	NA	NA	NA	NA	NA	South Pacific Ocean; Ecuador; Galapagos Prov.; Galapagos Ids.; Pinzon Id.	SOUTH_AMERICA	South Pacific Ocean	Galapagos Ids.	Pinzon Id.	EC	Galapagos Prov.	NA	NA	NA	Duncan Island, Galapagos Arch.	NA	NA	NA	NA	NA	NA	NA	-0.613056	-90.677778	NA	NA	NA	NA	NA	NA	NA	NA	NA	NA	NA	Google Earth, 2013.	NA	NA	NA	NA	NA	NA	NA	NA	NA	NA	NA	NA	NA	NA	NA	NA	NA	NA	NA	NA	NA	NA	NA	NA	NA	NA	NA	NA	NA	NA	NA	C6Q3Z	NA	NA	NA	NA	NA	Chelonoidis duncanensis (Pritchard, 1996)	NA	NA	NA	NA	NA	NA	Animalia; Chordata; Reptilia; Testudines; Testudinidae	Animalia	Chordata	Reptilia	Testudines	Testudinoidea	Testudinidae	NA	NA	NA	Chelonoidis	Chelonoidis	NA	NA	duncanensis	NA	NA	SPECIES	NA	NA	NA	SYNONYM	NA	NA	cece4fc2-1fec-4bb5-a335-7252548e3f0b	US	2026-09-07 00:06:33	NA	NA	NA	NA	NA	COORDINATE_ROUNDED;CONTINENT_DERIVED_FROM_COORDINATES	NA	COORDINATE_ROUNDED;CONTINENT_DERIVED_FROM_COORDINATES	StillImage	TRUE	FALSE	MVBKH	C6Q3Z	N	CH2	RP	477	87BWY	626NZ	NA	NA	NA	3MPP	NA	5Y2Z9	Chelonoidis niger	Chelonoidis niger duncanensis (Pritchard, 1996)	Chelonoidis duncanensis	NA	EML	2026-09-07 00:06:33	2026-09-07 00:01:45	NA	TRUE	NA	NA	FALSE	LATIN_AMERICA	NORTH_AMERICA	ECU	Ecuador	ECU.9_1	Galápagos	ECU.9.3_1	Santa Cruz	ECU.9.3.3_1	Santa Rosa	NA
543675143	NA	NA	NA	CC0_1_0	2024-01-04 14:21:00	California Academy of Sciences	NA	NA	NA	http://grbio.org/institution/california-academy-sciences	http://grscicoll.org/institutional-collection/herpetology-0	NA	CAS	HERP	NA	NA	PRESERVED_SPECIMEN	NA	NA	NA	urn:catalog:CAS:HERP:8457	8457	2074	R.H. Beck	NA	NA	NA	NA	Male	Adult	NA	NA	NA	NA	NA	NA	NA	NA	PRESENT	Dry	NA	NA	NA	NA	NA	NA	Killed 2 Dec 1905.  Miscellaneous postcrania in skeletal collection.  Slevin's notes indicate the collectors where F.T. Nelson and W.H. Ochsner.	NA	NA	NA	NA	NA	NA	NA	NA	NA	NA	NA	NA	NA	NA	1905-11-25	NA	329	329	1905	11	25	25 Nov 1905	NA	NA	NA	NA	NA	NA	NA	NA	NA	South Pacific Ocean; Ecuador; Galapagos Prov.; Galapagos Ids.; Santa Cruz Id.	SOUTH_AMERICA	South Pacific Ocean	Galapagos Ids.	Santa Cruz Id.	EC	Galapagos Prov.	NA	NA	NA	Indefatigable Isl., Galapagos Arch.	NA	NA	NA	NA	NA	NA	NA	-0.501667	-90.3275	NA	NA	NA	NA	NA	NA	NA	NA	NA	NA	NA	Google Earth, 2013.	NA	NA	NA	NA	NA	NA	NA	NA	NA	NA	NA	NA	NA	NA	NA	NA	NA	NA	NA	NA	NA	NA	NA	NA	NA	NA	NA	NA	NA	NA	NA	TVGD	NA	NA	NA	NA	NA	Chelonia mydas (Linnaeus, 1758)	NA	NA	NA	NA	NA	NA	Animalia; Chordata; Reptilia; Testudines; Cheloniidae	Animalia	Chordata	Reptilia	Testudines	Chelonioidea	Cheloniidae	NA	NA	NA	Chelonia	Chelonia	NA	NA	mydas	NA	NA	SPECIES	NA	NA	NA	ACCEPTED	NA	NA	cece4fc2-1fec-4bb5-a335-7252548e3f0b	US	2026-09-07 00:06:40	NA	NA	NA	NA	NA	COORDINATE_ROUNDED;CONTINENT_DERIVED_FROM_COORDINATES	NA	COORDINATE_ROUNDED;CONTINENT_DERIVED_FROM_COORDINATES	StillImage	TRUE	FALSE	TVGD	TVGD	N	CH2	RP	477	87BWH	83J	NA	NA	NA	3MPC	NA	TVGD	Chelonia mydas	Chelonia mydas (Linnaeus, 1758)	Chelonia mydas	NA	EML	2026-09-07 00:06:40	2026-09-07 00:01:45	NA	TRUE	NA	NA	FALSE	LATIN_AMERICA	NORTH_AMERICA	NA	NA	NA	NA	NA	NA	NA	NA	LC
543673522	NA	NA	NA	CC0_1_0	2024-01-04 14:21:00	California Academy of Sciences	NA	NA	NA	http://grbio.org/institution/california-academy-sciences	http://grscicoll.org/institutional-collection/herpetology-0	NA	CAS	HERP	NA	NA	PRESERVED_SPECIMEN	NA	NA	NA	urn:catalog:CAS:HERP:8311	8311	2351	F.T. Nelson	NA	NA	NA	NA	Female	Adult	NA	NA	NA	NA	NA	NA	NA	NA	PRESENT	Dry	NA	NA	NA	NA	NA	NA	Killed on board 28 Dec 1905.  Miscellaneous postcrania in skeletal collection.	NA	NA	NA	NA	NA	NA	NA	NA	NA	NA	NA	NA	NA	NA	1905-12-01	NA	335	335	1905	12	1	1-17 Dec 1905	NA	NA	NA	NA	NA	NA	NA	NA	NA	South Pacific Ocean; Ecuador; Galapagos Prov.; Galapagos Ids.; Pinzon Id.	SOUTH_AMERICA	South Pacific Ocean	Galapagos Ids.	Pinzon Id.	EC	Galapagos Prov.	NA	NA	NA	Duncan Island, Galapagos Arch.	NA	NA	NA	NA	NA	NA	NA	-0.613056	-90.677778	NA	NA	NA	NA	NA	NA	NA	NA	NA	NA	NA	Google Earth, 2013.	NA	NA	NA	NA	NA	NA	NA	NA	NA	NA	NA	NA	NA	NA	NA	NA	NA	NA	NA	NA	NA	NA	NA	NA	NA	NA	NA	NA	NA	NA	NA	C6Q3Z	NA	NA	NA	NA	NA	Chelonoidis duncanensis (Pritchard, 1996)	NA	NA	NA	NA	NA	NA	Animalia; Chordata; Reptilia; Testudines; Testudinidae	Animalia	Chordata	Reptilia	Testudines	Testudinoidea	Testudinidae	NA	NA	NA	Chelonoidis	Chelonoidis	NA	NA	duncanensis	NA	NA	SPECIES	NA	NA	NA	SYNONYM	NA	NA	cece4fc2-1fec-4bb5-a335-7252548e3f0b	US	2026-09-07 00:06:38	NA	NA	NA	NA	NA	COORDINATE_ROUNDED;CONTINENT_DERIVED_FROM_COORDINATES	NA	COORDINATE_ROUNDED;CONTINENT_DERIVED_FROM_COORDINATES	StillImage	TRUE	FALSE	MVBKH	C6Q3Z	N	CH2	RP	477	87BWY	626NZ	NA	NA	NA	3MPP	NA	5Y2Z9	Chelonoidis niger	Chelonoidis niger duncanensis (Pritchard, 1996)	Chelonoidis duncanensis	NA	EML	2026-09-07 00:06:38	2026-09-07 00:01:45	NA	TRUE	NA	NA	FALSE	LATIN_AMERICA	NORTH_AMERICA	ECU	Ecuador	ECU.9_1	Galápagos	ECU.9.3_1	Santa Cruz	ECU.9.3.3_1	Santa Rosa	NA
543674077	NA	NA	NA	CC0_1_0	2024-01-04 14:21:00	California Academy of Sciences	NA	NA	NA	http://grbio.org/institution/california-academy-sciences	http://grscicoll.org/institutional-collection/herpetology-0	NA	CAS	HERP	NA	NA	PRESERVED_SPECIMEN	NA	NA	NA	urn:catalog:CAS:HERP:8361	8361	A.A.	Expedition	NA	NA	NA	NA	Female	Juvenile	NA	NA	NA	NA	NA	NA	NA	NA	PRESENT	Dry	NA	NA	NA	NA	NA	NA	NA	NA	NA	NA	NA	NA	NA	NA	NA	NA	NA	NA	NA	NA	NA	1905-12	NA	NA	NA	1905	12	NA	Dec 1905	NA	NA	NA	NA	NA	NA	NA	NA	NA	South Pacific Ocean; Ecuador; Galapagos Prov.; Galapagos Ids.; Pinzon Id.	SOUTH_AMERICA	South Pacific Ocean	Galapagos Ids.	Pinzon Id.	EC	Galapagos Prov.	NA	NA	NA	Duncan Island, Galapagos Arch.	NA	NA	NA	NA	NA	NA	NA	-0.613056	-90.677778	NA	NA	NA	NA	NA	NA	NA	NA	NA	NA	NA	Google Earth, 2013.	NA	NA	NA	NA	NA	NA	NA	NA	NA	NA	NA	NA	NA	NA	NA	NA	NA	NA	NA	NA	NA	NA	NA	NA	NA	NA	NA	NA	NA	NA	NA	C6Q3Z	NA	NA	NA	NA	NA	Chelonoidis duncanensis (Pritchard, 1996)	NA	NA	NA	NA	NA	NA	Animalia; Chordata; Reptilia; Testudines; Testudinidae	Animalia	Chordata	Reptilia	Testudines	Testudinoidea	Testudinidae	NA	NA	NA	Chelonoidis	Chelonoidis	NA	NA	duncanensis	NA	NA	SPECIES	NA	NA	NA	SYNONYM	NA	NA	cece4fc2-1fec-4bb5-a335-7252548e3f0b	US	2026-09-07 00:06:38	NA	NA	NA	NA	NA	COORDINATE_ROUNDED;CONTINENT_DERIVED_FROM_COORDINATES	NA	COORDINATE_ROUNDED;CONTINENT_DERIVED_FROM_COORDINATES	StillImage	TRUE	FALSE	MVBKH	C6Q3Z	N	CH2	RP	477	87BWY	626NZ	NA	NA	NA	3MPP	NA	5Y2Z9	Chelonoidis niger	Chelonoidis niger duncanensis (Pritchard, 1996)	Chelonoidis duncanensis	NA	EML	2026-09-07 00:06:38	2026-09-07 00:01:45	NA	TRUE	NA	NA	FALSE	LATIN_AMERICA	NORTH_AMERICA	ECU	Ecuador	ECU.9_1	Galápagos	ECU.9.3_1	Santa Cruz	ECU.9.3.3_1	Santa Rosa	NA
543673110	NA	NA	NA	CC0_1_0	2024-01-04 14:21:00	California Academy of Sciences	NA	NA	NA	http://grbio.org/institution/california-academy-sciences	http://grscicoll.org/institutional-collection/herpetology-0	NA	CAS	HERP	NA	NA	PRESERVED_SPECIMEN	NA	NA	NA	urn:catalog:CAS:HERP:8274	8274	1783	R.H. Beck, J.R. Slevin and F.X. Williams	NA	NA	NA	NA	Female	Adult	NA	NA	NA	NA	NA	NA	NA	NA	PRESENT	Dry	NA	NA	NA	NA	NA	NA	Miscellaneous postcrania in skeletal collection.	NA	NA	NA	NA	NA	NA	NA	NA	NA	NA	NA	NA	NA	NA	1905-10-25	NA	298	298	1905	10	25	25 Oct 1905	NA	NA	NA	NA	NA	NA	NA	NA	NA	South Pacific Ocean; Ecuador; Galapagos Prov.; Galapagos Ids.; Santa Cruz Id.	SOUTH_AMERICA	South Pacific Ocean	Galapagos Ids.	Santa Cruz Id.	EC	Galapagos Prov.	NA	NA	vicinity of Puerta de la Aguada	Indefatigable Isl., Galapagos Arch.  Vic. Puerta de la Aguada.	NA	NA	NA	NA	NA	NA	NA	-0.726389	-90.327639	NA	NA	NA	NA	NA	NA	NA	NA	NA	NA	NA	Google Earth, 2013.	NA	NA	NA	NA	NA	NA	NA	NA	NA	NA	NA	NA	NA	NA	NA	NA	NA	NA	NA	NA	NA	NA	NA	NA	NA	NA	NA	NA	NA	NA	NA	C6Q47	NA	NA	NA	NA	NA	Chelonoidis porteri (Rothschild, 1903)	NA	NA	NA	NA	NA	NA	Animalia; Chordata; Reptilia; Testudines; Testudinidae	Animalia	Chordata	Reptilia	Testudines	Testudinoidea	Testudinidae	NA	NA	NA	Chelonoidis	Chelonoidis	NA	NA	porteri	NA	NA	SPECIES	NA	NA	NA	SYNONYM	NA	NA	cece4fc2-1fec-4bb5-a335-7252548e3f0b	US	2026-09-07 00:06:38	NA	NA	NA	NA	NA	COORDINATE_ROUNDED;CONTINENT_DERIVED_FROM_COORDINATES	NA	COORDINATE_ROUNDED;CONTINENT_DERIVED_FROM_COORDINATES	StillImage	TRUE	FALSE	TVLK	C6Q47	N	CH2	RP	477	87BWY	626NZ	NA	NA	NA	3MPP	NA	5Y2Z9	Chelonoidis niger	Chelonoidis niger porteri (Rothschild, 1903)	Chelonoidis porteri	NA	EML	2026-09-07 00:06:38	2026-09-07 00:01:45	NA	TRUE	NA	NA	FALSE	LATIN_AMERICA	NORTH_AMERICA	ECU	Ecuador	ECU.9_1	Galápagos	ECU.9.3_1	Santa Cruz	ECU.9.3.1_1	Bellavista	NA
543673411	NA	NA	NA	CC0_1_0	2024-01-04 14:21:00	California Academy of Sciences	NA	NA	NA	http://grbio.org/institution/california-academy-sciences	http://grscicoll.org/institutional-collection/herpetology-0	NA	CAS	HERP	NA	NA	PRESERVED_SPECIMEN	NA	NA	NA	urn:catalog:CAS:HERP:8301	8301	2098	R.H. Beck	NA	NA	NA	NA	Female	Adult	NA	NA	NA	NA	NA	NA	NA	NA	PRESENT	Dry	NA	NA	NA	NA	NA	NA	Miscellaneous postcrania in skeletal collection.	NA	NA	NA	NA	NA	NA	NA	NA	NA	NA	NA	NA	NA	NA	1905-12-09	NA	343	343	1905	12	9	9 Dec 1905	NA	NA	NA	NA	NA	NA	NA	NA	NA	South Pacific Ocean; Ecuador; Galapagos Prov.; Galapagos Ids.; Pinzon Id.	SOUTH_AMERICA	South Pacific Ocean	Galapagos Ids.	Pinzon Id.	EC	Galapagos Prov.	NA	NA	NA	Duncan Island, Galapagos Arch.	NA	NA	NA	NA	NA	NA	NA	-0.613056	-90.677778	NA	NA	NA	NA	NA	NA	NA	NA	NA	NA	NA	Google Earth, 2013.	NA	NA	NA	NA	NA	NA	NA	NA	NA	NA	NA	NA	NA	NA	NA	NA	NA	NA	NA	NA	NA	NA	NA	NA	NA	NA	NA	NA	NA	NA	NA	C6Q3Z	NA	NA	NA	NA	NA	Chelonoidis duncanensis (Pritchard, 1996)	NA	NA	NA	NA	NA	NA	Animalia; Chordata; Reptilia; Testudines; Testudinidae	Animalia	Chordata	Reptilia	Testudines	Testudinoidea	Testudinidae	NA	NA	NA	Chelonoidis	Chelonoidis	NA	NA	duncanensis	NA	NA	SPECIES	NA	NA	NA	SYNONYM	NA	NA	cece4fc2-1fec-4bb5-a335-7252548e3f0b	US	2026-09-07 00:06:38	NA	NA	NA	NA	NA	COORDINATE_ROUNDED;CONTINENT_DERIVED_FROM_COORDINATES	NA	COORDINATE_ROUNDED;CONTINENT_DERIVED_FROM_COORDINATES	StillImage	TRUE	FALSE	MVBKH	C6Q3Z	N	CH2	RP	477	87BWY	626NZ	NA	NA	NA	3MPP	NA	5Y2Z9	Chelonoidis niger	Chelonoidis niger duncanensis (Pritchard, 1996)	Chelonoidis duncanensis	NA	EML	2026-09-07 00:06:38	2026-09-07 00:01:45	NA	TRUE	NA	NA	FALSE	LATIN_AMERICA	NORTH_AMERICA	ECU	Ecuador	ECU.9_1	Galápagos	ECU.9.3_1	Santa Cruz	ECU.9.3.3_1	Santa Rosa	NA
543673655	NA	NA	NA	CC0_1_0	2024-01-04 14:21:00	California Academy of Sciences	NA	NA	NA	http://grbio.org/institution/california-academy-sciences	http://grscicoll.org/institutional-collection/herpetology-0	NA	CAS	HERP	NA	NA	PRESERVED_SPECIMEN	NA	NA	NA	urn:catalog:CAS:HERP:8323	8323	2119	R.H. Beck	NA	NA	NA	NA	Male	Adult	NA	NA	NA	NA	NA	NA	NA	NA	PRESENT	Dry	NA	NA	NA	NA	NA	NA	Miscellaneous postcrania in skeletal collection.	NA	NA	NA	NA	NA	NA	NA	NA	NA	NA	NA	NA	NA	NA	1905-12-01	NA	335	335	1905	12	1	1-17 Dec 1905	NA	NA	NA	NA	NA	NA	NA	NA	NA	South Pacific Ocean; Ecuador; Galapagos Prov.; Galapagos Ids.; Pinzon Id.	SOUTH_AMERICA	South Pacific Ocean	Galapagos Ids.	Pinzon Id.	EC	Galapagos Prov.	NA	NA	NA	Duncan Island, Galapagos Arch.	NA	NA	NA	NA	NA	NA	NA	-0.613056	-90.677778	NA	NA	NA	NA	NA	NA	NA	NA	NA	NA	NA	Google Earth, 2013.	NA	NA	NA	NA	NA	NA	NA	NA	NA	NA	NA	NA	NA	NA	NA	NA	NA	NA	NA	NA	NA	NA	NA	NA	NA	NA	NA	NA	NA	NA	NA	C6Q3Z	NA	NA	NA	NA	NA	Chelonoidis duncanensis (Pritchard, 1996)	NA	NA	NA	NA	NA	NA	Animalia; Chordata; Reptilia; Testudines; Testudinidae	Animalia	Chordata	Reptilia	Testudines	Testudinoidea	Testudinidae	NA	NA	NA	Chelonoidis	Chelonoidis	NA	NA	duncanensis	NA	NA	SPECIES	NA	NA	NA	SYNONYM	NA	NA	cece4fc2-1fec-4bb5-a335-7252548e3f0b	US	2026-09-07 00:06:38	NA	NA	NA	NA	NA	COORDINATE_ROUNDED;CONTINENT_DERIVED_FROM_COORDINATES	NA	COORDINATE_ROUNDED;CONTINENT_DERIVED_FROM_COORDINATES	StillImage	TRUE	FALSE	MVBKH	C6Q3Z	N	CH2	RP	477	87BWY	626NZ	NA	NA	NA	3MPP	NA	5Y2Z9	Chelonoidis niger	Chelonoidis niger duncanensis (Pritchard, 1996)	Chelonoidis duncanensis	NA	EML	2026-09-07 00:06:38	2026-09-07 00:01:45	NA	TRUE	NA	NA	FALSE	LATIN_AMERICA	NORTH_AMERICA	ECU	Ecuador	ECU.9_1	Galápagos	ECU.9.3_1	Santa Cruz	ECU.9.3.3_1	Santa Rosa	NA
543675154	NA	NA	NA	CC0_1_0	2024-01-04 14:21:00	California Academy of Sciences	NA	NA	NA	http://grbio.org/institution/california-academy-sciences	http://grscicoll.org/institutional-collection/herpetology-0	NA	CAS	HERP	NA	NA	PRESERVED_SPECIMEN	NA	NA	NA	urn:catalog:CAS:HERP:8458	8458	2075	R.H. Beck	NA	NA	NA	NA	Male	Adult	NA	NA	NA	NA	NA	NA	NA	NA	PRESENT	Dry	NA	NA	NA	NA	NA	NA	Killed 2 Dec 1905.  Miscellaneous postcrania in skeletal collection.  Slevin's notes indicate the collectors where F.T. Nelson and W.H. Ochsner.	NA	NA	NA	NA	NA	NA	NA	NA	NA	NA	NA	NA	NA	NA	1905-11-25	NA	329	329	1905	11	25	25 Nov 1905	NA	NA	NA	NA	NA	NA	NA	NA	NA	South Pacific Ocean; Ecuador; Galapagos Prov.; Galapagos Ids.; Santa Cruz Id.	SOUTH_AMERICA	South Pacific Ocean	Galapagos Ids.	Santa Cruz Id.	EC	Galapagos Prov.	NA	NA	NA	Indefatigable Isl., Galapagos Arch.	NA	NA	NA	NA	NA	NA	NA	-0.501667	-90.3275	NA	NA	NA	NA	NA	NA	NA	NA	NA	NA	NA	Google Earth, 2013.	NA	NA	NA	NA	NA	NA	NA	NA	NA	NA	NA	NA	NA	NA	NA	NA	NA	NA	NA	NA	NA	NA	NA	NA	NA	NA	NA	NA	NA	NA	NA	TVGD	NA	NA	NA	NA	NA	Chelonia mydas (Linnaeus, 1758)	NA	NA	NA	NA	NA	NA	Animalia; Chordata; Reptilia; Testudines; Cheloniidae	Animalia	Chordata	Reptilia	Testudines	Chelonioidea	Cheloniidae	NA	NA	NA	Chelonia	Chelonia	NA	NA	mydas	NA	NA	SPECIES	NA	NA	NA	ACCEPTED	NA	NA	cece4fc2-1fec-4bb5-a335-7252548e3f0b	US	2026-09-07 00:06:38	NA	NA	NA	NA	NA	COORDINATE_ROUNDED;CONTINENT_DERIVED_FROM_COORDINATES	NA	COORDINATE_ROUNDED;CONTINENT_DERIVED_FROM_COORDINATES	StillImage	TRUE	FALSE	TVGD	TVGD	N	CH2	RP	477	87BWH	83J	NA	NA	NA	3MPC	NA	TVGD	Chelonia mydas	Chelonia mydas (Linnaeus, 1758)	Chelonia mydas	NA	EML	2026-09-07 00:06:38	2026-09-07 00:01:45	NA	TRUE	NA	NA	FALSE	LATIN_AMERICA	NORTH_AMERICA	NA	NA	NA	NA	NA	NA	NA	NA	LC
543673466	NA	NA	NA	CC0_1_0	2024-01-04 14:21:00	California Academy of Sciences	NA	NA	NA	http://grbio.org/institution/california-academy-sciences	http://grscicoll.org/institutional-collection/herpetology-0	NA	CAS	HERP	NA	NA	PRESERVED_SPECIMEN	NA	NA	NA	urn:catalog:CAS:HERP:8306	8306	2264	F.T. Nelson	NA	NA	NA	NA	Female	Juvenile	NA	NA	NA	NA	NA	NA	NA	NA	PRESENT	Dry	NA	NA	NA	NA	NA	NA	Miscellaneous postcrania in skeletal collection.	NA	NA	NA	NA	NA	NA	NA	NA	NA	NA	NA	NA	NA	NA	1905-12-01	NA	335	335	1905	12	1	1-17 Dec 1905	NA	NA	NA	NA	NA	NA	NA	NA	NA	South Pacific Ocean; Ecuador; Galapagos Prov.; Galapagos Ids.; Pinzon Id.	SOUTH_AMERICA	South Pacific Ocean	Galapagos Ids.	Pinzon Id.	EC	Galapagos Prov.	NA	NA	NA	Duncan Island, Galapagos Arch.	NA	NA	NA	NA	NA	NA	NA	-0.613056	-90.677778	NA	NA	NA	NA	NA	NA	NA	NA	NA	NA	NA	Google Earth, 2013.	NA	NA	NA	NA	NA	NA	NA	NA	NA	NA	NA	NA	NA	NA	NA	NA	NA	NA	NA	NA	NA	NA	NA	NA	NA	NA	NA	NA	NA	NA	NA	C6Q3Z	NA	NA	NA	NA	NA	Chelonoidis duncanensis (Pritchard, 1996)	NA	NA	NA	NA	NA	NA	Animalia; Chordata; Reptilia; Testudines; Testudinidae	Animalia	Chordata	Reptilia	Testudines	Testudinoidea	Testudinidae	NA	NA	NA	Chelonoidis	Chelonoidis	NA	NA	duncanensis	NA	NA	SPECIES	NA	NA	NA	SYNONYM	NA	NA	cece4fc2-1fec-4bb5-a335-7252548e3f0b	US	2026-09-07 00:06:40	NA	NA	NA	NA	NA	COORDINATE_ROUNDED;CONTINENT_DERIVED_FROM_COORDINATES	NA	COORDINATE_ROUNDED;CONTINENT_DERIVED_FROM_COORDINATES	StillImage	TRUE	FALSE	MVBKH	C6Q3Z	N	CH2	RP	477	87BWY	626NZ	NA	NA	NA	3MPP	NA	5Y2Z9	Chelonoidis niger	Chelonoidis niger duncanensis (Pritchard, 1996)	Chelonoidis duncanensis	NA	EML	2026-09-07 00:06:40	2026-09-07 00:01:45	NA	TRUE	NA	NA	FALSE	LATIN_AMERICA	NORTH_AMERICA	ECU	Ecuador	ECU.9_1	Galápagos	ECU.9.3_1	Santa Cruz	ECU.9.3.3_1	Santa Rosa	NA
543673733	NA	NA	NA	CC0_1_0	2024-01-04 14:21:00	California Academy of Sciences	NA	NA	NA	http://grbio.org/institution/california-academy-sciences	http://grscicoll.org/institutional-collection/herpetology-0	NA	CAS	HERP	NA	NA	PRESERVED_SPECIMEN	NA	NA	NA	urn:catalog:CAS:HERP:8330	8330	2146	R.H. Beck	NA	NA	NA	NA	Female	Adult	NA	NA	NA	NA	NA	NA	NA	NA	PRESENT	Dry	NA	NA	NA	NA	NA	NA	Miscellaneous postcrania in skeletal collection.	NA	NA	NA	NA	NA	NA	NA	NA	NA	NA	NA	NA	NA	NA	1905-12-01	NA	335	335	1905	12	1	1-17 Dec 1905	NA	NA	NA	NA	NA	NA	NA	NA	NA	South Pacific Ocean; Ecuador; Galapagos Prov.; Galapagos Ids.; Pinzon Id.	SOUTH_AMERICA	South Pacific Ocean	Galapagos Ids.	Pinzon Id.	EC	Galapagos Prov.	NA	NA	NA	Duncan Island, Galapagos Arch.	NA	NA	NA	NA	NA	NA	NA	-0.613056	-90.677778	NA	NA	NA	NA	NA	NA	NA	NA	NA	NA	NA	Google Earth, 2013.	NA	NA	NA	NA	NA	NA	NA	NA	NA	NA	NA	NA	NA	NA	NA	NA	NA	NA	NA	NA	NA	NA	NA	NA	NA	NA	NA	NA	NA	NA	NA	C6Q3Z	NA	NA	NA	NA	NA	Chelonoidis duncanensis (Pritchard, 1996)	NA	NA	NA	NA	NA	NA	Animalia; Chordata; Reptilia; Testudines; Testudinidae	Animalia	Chordata	Reptilia	Testudines	Testudinoidea	Testudinidae	NA	NA	NA	Chelonoidis	Chelonoidis	NA	NA	duncanensis	NA	NA	SPECIES	NA	NA	NA	SYNONYM	NA	NA	cece4fc2-1fec-4bb5-a335-7252548e3f0b	US	2026-09-07 00:06:40	NA	NA	NA	NA	NA	COORDINATE_ROUNDED;CONTINENT_DERIVED_FROM_COORDINATES	NA	COORDINATE_ROUNDED;CONTINENT_DERIVED_FROM_COORDINATES	StillImage	TRUE	FALSE	MVBKH	C6Q3Z	N	CH2	RP	477	87BWY	626NZ	NA	NA	NA	3MPP	NA	5Y2Z9	Chelonoidis niger	Chelonoidis niger duncanensis (Pritchard, 1996)	Chelonoidis duncanensis	NA	EML	2026-09-07 00:06:40	2026-09-07 00:01:45	NA	TRUE	NA	NA	FALSE	LATIN_AMERICA	NORTH_AMERICA	ECU	Ecuador	ECU.9_1	Galápagos	ECU.9.3_1	Santa Cruz	ECU.9.3.3_1	Santa Rosa	NA
543675054	NA	NA	NA	CC0_1_0	2024-01-04 14:21:00	California Academy of Sciences	NA	NA	NA	http://grbio.org/institution/california-academy-sciences	http://grscicoll.org/institutional-collection/herpetology-0	NA	CAS	HERP	NA	NA	PRESERVED_SPECIMEN	NA	NA	NA	urn:catalog:CAS:HERP:8449	8449	2064	R.H. Beck	NA	NA	NA	NA	Female	Adult	NA	NA	NA	NA	NA	NA	NA	NA	PRESENT	Dry	NA	NA	NA	NA	NA	NA	Killed 27 Nov 1905.  Slevin's notes indicate the collectors where F.T. Nelson and W.H. Ochsner.	NA	NA	NA	NA	NA	NA	NA	NA	NA	NA	NA	NA	NA	NA	1905-11-25	NA	329	329	1905	11	25	25 Nov 1905	NA	NA	NA	NA	NA	NA	NA	NA	NA	South Pacific Ocean; Ecuador; Galapagos Prov.; Galapagos Ids.; Santa Cruz Id.	SOUTH_AMERICA	South Pacific Ocean	Galapagos Ids.	Santa Cruz Id.	EC	Galapagos Prov.	NA	NA	N coast of island	Indefatigable Isl., Galapagos Arch. North Coast of Island	NA	NA	NA	NA	NA	NA	NA	-0.501667	-90.3275	NA	NA	NA	NA	NA	NA	NA	NA	NA	NA	NA	Google Earth, 2013.	NA	NA	NA	NA	NA	NA	NA	NA	NA	NA	NA	NA	NA	NA	NA	NA	NA	NA	NA	NA	NA	NA	NA	NA	NA	NA	NA	NA	NA	NA	NA	TVGD	NA	NA	NA	NA	NA	Chelonia mydas (Linnaeus, 1758)	NA	NA	NA	NA	NA	NA	Animalia; Chordata; Reptilia; Testudines; Cheloniidae	Animalia	Chordata	Reptilia	Testudines	Chelonioidea	Cheloniidae	NA	NA	NA	Chelonia	Chelonia	NA	NA	mydas	NA	NA	SPECIES	NA	NA	NA	ACCEPTED	NA	NA	cece4fc2-1fec-4bb5-a335-7252548e3f0b	US	2026-09-07 00:06:33	NA	NA	NA	NA	NA	COORDINATE_ROUNDED;CONTINENT_DERIVED_FROM_COORDINATES	NA	COORDINATE_ROUNDED;CONTINENT_DERIVED_FROM_COORDINATES	StillImage	TRUE	FALSE	TVGD	TVGD	N	CH2	RP	477	87BWH	83J	NA	NA	NA	3MPC	NA	TVGD	Chelonia mydas	Chelonia mydas (Linnaeus, 1758)	Chelonia mydas	NA	EML	2026-09-07 00:06:33	2026-09-07 00:01:45	NA	TRUE	NA	NA	FALSE	LATIN_AMERICA	NORTH_AMERICA	NA	NA	NA	NA	NA	NA	NA	NA	LC
543673766	NA	NA	NA	CC0_1_0	2024-01-04 14:21:00	California Academy of Sciences	NA	NA	NA	http://grbio.org/institution/california-academy-sciences	http://grscicoll.org/institutional-collection/herpetology-0	NA	CAS	HERP	NA	NA	PRESERVED_SPECIMEN	NA	NA	NA	urn:catalog:CAS:HERP:8333	8333	2149	R.H. Beck	NA	NA	NA	NA	Female	Adult	NA	NA	NA	NA	NA	NA	NA	NA	PRESENT	Dry	NA	NA	NA	NA	NA	NA	Miscellaneous postcrania in skeletal collection.	NA	NA	NA	NA	NA	NA	NA	NA	NA	NA	NA	NA	NA	NA	1905-12-01	NA	335	335	1905	12	1	1-17 Dec 1905	NA	NA	NA	NA	NA	NA	NA	NA	NA	South Pacific Ocean; Ecuador; Galapagos Prov.; Galapagos Ids.; Pinzon Id.	SOUTH_AMERICA	South Pacific Ocean	Galapagos Ids.	Pinzon Id.	EC	Galapagos Prov.	NA	NA	NA	Duncan Island, Galapagos Arch.	NA	NA	NA	NA	NA	NA	NA	-0.613056	-90.677778	NA	NA	NA	NA	NA	NA	NA	NA	NA	NA	NA	Google Earth, 2013.	NA	NA	NA	NA	NA	NA	NA	NA	NA	NA	NA	NA	NA	NA	NA	NA	NA	NA	NA	NA	NA	NA	NA	NA	NA	NA	NA	NA	NA	NA	NA	C6Q3Z	NA	NA	NA	NA	NA	Chelonoidis duncanensis (Pritchard, 1996)	NA	NA	NA	NA	NA	NA	Animalia; Chordata; Reptilia; Testudines; Testudinidae	Animalia	Chordata	Reptilia	Testudines	Testudinoidea	Testudinidae	NA	NA	NA	Chelonoidis	Chelonoidis	NA	NA	duncanensis	NA	NA	SPECIES	NA	NA	NA	SYNONYM	NA	NA	cece4fc2-1fec-4bb5-a335-7252548e3f0b	US	2026-09-07 00:06:33	NA	NA	NA	NA	NA	COORDINATE_ROUNDED;CONTINENT_DERIVED_FROM_COORDINATES	NA	COORDINATE_ROUNDED;CONTINENT_DERIVED_FROM_COORDINATES	StillImage	TRUE	FALSE	MVBKH	C6Q3Z	N	CH2	RP	477	87BWY	626NZ	NA	NA	NA	3MPP	NA	5Y2Z9	Chelonoidis niger	Chelonoidis niger duncanensis (Pritchard, 1996)	Chelonoidis duncanensis	NA	EML	2026-09-07 00:06:33	2026-09-07 00:01:45	NA	TRUE	NA	NA	FALSE	LATIN_AMERICA	NORTH_AMERICA	ECU	Ecuador	ECU.9_1	Galápagos	ECU.9.3_1	Santa Cruz	ECU.9.3.3_1	Santa Rosa	NA
543675299	NA	NA	NA	CC0_1_0	2024-01-04 14:21:00	California Academy of Sciences	NA	NA	NA	http://grbio.org/institution/california-academy-sciences	http://grscicoll.org/institutional-collection/herpetology-0	NA	CAS	HERP	NA	NA	PRESERVED_SPECIMEN	NA	NA	NA	urn:catalog:CAS:HERP:8471	8471	2262	F.T. Nelson	NA	NA	NA	NA	Male	Adult	NA	NA	NA	NA	NA	NA	NA	NA	PRESENT	Dry	NA	NA	NA	NA	NA	NA	Killed 27 Dec 1905. Miscellaneous postcrania in skeletal collection.	NA	NA	NA	NA	NA	NA	NA	NA	NA	NA	NA	NA	NA	NA	1905-12-26	NA	360	360	1905	12	26	26 Dec 1905	On the beach.	NA	NA	NA	NA	NA	NA	NA	NA	South Pacific Ocean; Ecuador; Galapagos Prov.; Galapagos Ids.; San Salvador Id.	SOUTH_AMERICA	South Pacific Ocean	Galapagos Ids.	San Salvador Id.	EC	Galapagos Prov.	NA	NA	James Bay	James Bay, James Isl. Galapagos Arch. On the beach	NA	NA	NA	NA	NA	NA	NA	-0.203611	-90.829722	NA	NA	NA	NA	NA	NA	NA	NA	NA	NA	NA	Google Earth, 2013.	NA	NA	NA	NA	NA	NA	NA	NA	NA	NA	NA	NA	NA	NA	NA	NA	NA	NA	NA	NA	NA	NA	NA	NA	NA	NA	NA	NA	NA	NA	NA	TVGD	NA	NA	NA	NA	NA	Chelonia mydas (Linnaeus, 1758)	NA	NA	NA	NA	NA	NA	Animalia; Chordata; Reptilia; Testudines; Cheloniidae	Animalia	Chordata	Reptilia	Testudines	Chelonioidea	Cheloniidae	NA	NA	NA	Chelonia	Chelonia	NA	NA	mydas	NA	NA	SPECIES	NA	NA	NA	ACCEPTED	NA	NA	cece4fc2-1fec-4bb5-a335-7252548e3f0b	US	2026-09-07 00:06:33	NA	NA	NA	NA	NA	COORDINATE_ROUNDED;CONTINENT_DERIVED_FROM_COORDINATES	NA	COORDINATE_ROUNDED;CONTINENT_DERIVED_FROM_COORDINATES	StillImage	TRUE	FALSE	TVGD	TVGD	N	CH2	RP	477	87BWH	83J	NA	NA	NA	3MPC	NA	TVGD	Chelonia mydas	Chelonia mydas (Linnaeus, 1758)	Chelonia mydas	NA	EML	2026-09-07 00:06:33	2026-09-07 00:01:45	NA	TRUE	NA	NA	FALSE	LATIN_AMERICA	NORTH_AMERICA	NA	NA	NA	NA	NA	NA	NA	NA	LC
543673132	NA	NA	NA	CC0_1_0	2024-01-04 14:21:00	California Academy of Sciences	NA	NA	NA	http://grbio.org/institution/california-academy-sciences	http://grscicoll.org/institutional-collection/herpetology-0	NA	CAS	HERP	NA	NA	PRESERVED_SPECIMEN	NA	NA	NA	urn:catalog:CAS:HERP:8276	8276	1836	R.H. Beck	NA	NA	NA	NA	Female	Adult	NA	NA	NA	NA	NA	NA	NA	NA	PRESENT	Dry	NA	NA	NA	NA	NA	NA	NA	NA	NA	NA	NA	NA	NA	NA	NA	NA	NA	NA	NA	NA	NA	1905-10-25	NA	298	298	1905	10	25	25 Oct 1905	NA	NA	NA	NA	NA	NA	NA	NA	NA	South Pacific Ocean; Ecuador; Galapagos Prov.; Galapagos Ids.; Santa Cruz Id.	SOUTH_AMERICA	South Pacific Ocean	Galapagos Ids.	Santa Cruz Id.	EC	Galapagos Prov.	NA	NA	2 mi from Puerta de la Aguada	Indefatigable Isl., Galapagos Arch.  Two miles from Puerta de la Aguada.	NA	NA	NA	NA	NA	NA	NA	-0.726389	-90.327639	NA	NA	NA	NA	NA	NA	NA	NA	NA	NA	NA	Google Earth, 2013.	NA	NA	NA	NA	NA	NA	NA	NA	NA	NA	NA	NA	NA	NA	NA	NA	NA	NA	NA	NA	NA	NA	NA	NA	NA	NA	NA	NA	NA	NA	NA	C6Q47	NA	NA	NA	NA	NA	Chelonoidis porteri (Rothschild, 1903)	NA	NA	NA	NA	NA	NA	Animalia; Chordata; Reptilia; Testudines; Testudinidae	Animalia	Chordata	Reptilia	Testudines	Testudinoidea	Testudinidae	NA	NA	NA	Chelonoidis	Chelonoidis	NA	NA	porteri	NA	NA	SPECIES	NA	NA	NA	SYNONYM	NA	NA	cece4fc2-1fec-4bb5-a335-7252548e3f0b	US	2026-09-07 00:06:38	NA	NA	NA	NA	NA	COORDINATE_ROUNDED;CONTINENT_DERIVED_FROM_COORDINATES	NA	COORDINATE_ROUNDED;CONTINENT_DERIVED_FROM_COORDINATES	StillImage	TRUE	FALSE	TVLK	C6Q47	N	CH2	RP	477	87BWY	626NZ	NA	NA	NA	3MPP	NA	5Y2Z9	Chelonoidis niger	Chelonoidis niger porteri (Rothschild, 1903)	Chelonoidis porteri	NA	EML	2026-09-07 00:06:38	2026-09-07 00:01:45	NA	TRUE	NA	NA	FALSE	LATIN_AMERICA	NORTH_AMERICA	ECU	Ecuador	ECU.9_1	Galápagos	ECU.9.3_1	Santa Cruz	ECU.9.3.1_1	Bellavista	NA
543671211	NA	NA	NA	CC0_1_0	2024-01-04 14:21:00	California Academy of Sciences	NA	NA	NA	http://grbio.org/institution/california-academy-sciences	http://grscicoll.org/institutional-collection/herpetology-0	NA	CAS	HERP	NA	NA	PRESERVED_SPECIMEN	NA	NA	NA	urn:catalog:CAS:HERP:8103	8103	NA	R.H. Beck	NA	NA	NA	NA	NA	NA	NA	NA	NA	NA	NA	NA	NA	NA	PRESENT	Dry	NA	NA	NA	NA	NA	NA	Limb bone.	NA	NA	NA	NA	NA	NA	NA	NA	NA	NA	NA	NA	NA	NA	1905-12-27	NA	361	361	1905	12	27	27 Dec 1905	NA	NA	NA	NA	NA	NA	NA	NA	NA	South Pacific Ocean; Ecuador; Galapagos Prov.; Galapagos Ids.; San Salvador Id.	SOUTH_AMERICA	South Pacific Ocean	Galapagos Ids.	San Salvador Id.	EC	Galapagos Prov.	NA	NA	NA	James Isl. Galapagos Archipelago	NA	NA	NA	NA	NA	NA	NA	-0.243228	-90.855975	NA	NA	NA	NA	NA	NA	NA	NA	NA	NA	NA	Google Earth, 2016.	NA	NA	NA	NA	NA	NA	NA	NA	NA	NA	NA	NA	NA	NA	NA	NA	NA	NA	NA	NA	NA	NA	NA	NA	NA	NA	NA	NA	NA	NA	NA	C6Q3X	NA	NA	NA	NA	NA	Chelonoidis darwini (Van Denburgh, 1907)	NA	NA	NA	NA	NA	NA	Animalia; Chordata; Reptilia; Testudines; Testudinidae	Animalia	Chordata	Reptilia	Testudines	Testudinoidea	Testudinidae	NA	NA	NA	Chelonoidis	Chelonoidis	NA	NA	darwini	NA	NA	SPECIES	NA	NA	NA	SYNONYM	NA	NA	cece4fc2-1fec-4bb5-a335-7252548e3f0b	US	2026-09-07 00:06:41	NA	NA	NA	NA	NA	COORDINATE_ROUNDED;CONTINENT_DERIVED_FROM_COORDINATES	NA	COORDINATE_ROUNDED;CONTINENT_DERIVED_FROM_COORDINATES	StillImage	TRUE	FALSE	TVL7	C6Q3X	N	CH2	RP	477	87BWY	626NZ	NA	NA	NA	3MPP	NA	5Y2Z9	Chelonoidis niger	Chelonoidis niger darwini (Van Denburgh, 1907)	Chelonoidis darwini	NA	EML	2026-09-07 00:06:41	2026-09-07 00:01:45	NA	TRUE	NA	NA	FALSE	LATIN_AMERICA	NORTH_AMERICA	ECU	Ecuador	ECU.9_1	Galápagos	ECU.9.3_1	Santa Cruz	ECU.9.3.1_1	Bellavista	NA
543673387	NA	NA	NA	CC0_1_0	2024-01-04 14:21:00	California Academy of Sciences	NA	NA	NA	http://grbio.org/institution/california-academy-sciences	http://grscicoll.org/institutional-collection/herpetology-0	NA	CAS	HERP	NA	NA	PRESERVED_SPECIMEN	NA	NA	NA	urn:catalog:CAS:HERP:8299	8299	2093	F.T. Nelson	NA	NA	NA	NA	Female	Adult	NA	NA	NA	NA	NA	NA	NA	NA	PRESENT	Dry	NA	NA	NA	NA	NA	NA	Skull and miscellaneous postcrania in skeletal collection.	NA	NA	NA	NA	NA	NA	NA	NA	NA	NA	NA	NA	NA	NA	1905-12-07	NA	341	341	1905	12	7	7 Dec 1905	NA	NA	NA	NA	NA	NA	NA	NA	NA	South Pacific Ocean; Ecuador; Galapagos Prov.; Galapagos Ids.; Pinzon Id.	SOUTH_AMERICA	South Pacific Ocean	Galapagos Ids.	Pinzon Id.	EC	Galapagos Prov.	NA	NA	NA	Duncan Island, Galapagos Arch.	NA	NA	NA	NA	NA	NA	NA	-0.613056	-90.677778	NA	NA	NA	NA	NA	NA	NA	NA	NA	NA	NA	Google Earth, 2013.	NA	NA	NA	NA	NA	NA	NA	NA	NA	NA	NA	NA	NA	NA	NA	NA	NA	NA	NA	NA	NA	NA	NA	NA	NA	NA	NA	NA	NA	NA	NA	C6Q3Z	NA	NA	NA	NA	NA	Chelonoidis duncanensis (Pritchard, 1996)	NA	NA	NA	NA	NA	NA	Animalia; Chordata; Reptilia; Testudines; Testudinidae	Animalia	Chordata	Reptilia	Testudines	Testudinoidea	Testudinidae	NA	NA	NA	Chelonoidis	Chelonoidis	NA	NA	duncanensis	NA	NA	SPECIES	NA	NA	NA	SYNONYM	NA	NA	cece4fc2-1fec-4bb5-a335-7252548e3f0b	US	2026-09-07 00:06:41	NA	NA	NA	NA	NA	COORDINATE_ROUNDED;CONTINENT_DERIVED_FROM_COORDINATES	NA	COORDINATE_ROUNDED;CONTINENT_DERIVED_FROM_COORDINATES	StillImage	TRUE	FALSE	MVBKH	C6Q3Z	N	CH2	RP	477	87BWY	626NZ	NA	NA	NA	3MPP	NA	5Y2Z9	Chelonoidis niger	Chelonoidis niger duncanensis (Pritchard, 1996)	Chelonoidis duncanensis	NA	EML	2026-09-07 00:06:41	2026-09-07 00:01:45	NA	TRUE	NA	NA	FALSE	LATIN_AMERICA	NORTH_AMERICA	ECU	Ecuador	ECU.9_1	Galápagos	ECU.9.3_1	Santa Cruz	ECU.9.3.3_1	Santa Rosa	NA
543674288	NA	NA	NA	CC0_1_0	2024-01-04 14:21:00	California Academy of Sciences	NA	NA	NA	http://grbio.org/institution/california-academy-sciences	http://grscicoll.org/institutional-collection/herpetology-0	NA	CAS	HERP	NA	NA	PRESERVED_SPECIMEN	NA	NA	NA	urn:catalog:CAS:HERP:8380	8380	NA	J.R. Slevin	NA	NA	NA	NA	NA	NA	NA	NA	NA	NA	NA	NA	NA	NA	PRESENT	Dry	NA	NA	NA	NA	NA	NA	NA	NA	NA	NA	NA	NA	NA	NA	NA	NA	NA	NA	NA	NA	NA	1905-08-16	NA	228	228	1905	8	16	16 Aug 1905	NA	NA	NA	NA	NA	NA	NA	NA	NA	South Pacific Ocean; Ecuador; Galapagos Prov.; Galapagos Ids.; Pinzon Id.	SOUTH_AMERICA	South Pacific Ocean	Galapagos Ids.	Pinzon Id.	EC	Galapagos Prov.	NA	NA	NA	Duncan Island, Galapagos Arch.	NA	NA	NA	NA	NA	NA	NA	-0.613056	-90.677778	NA	NA	NA	NA	NA	NA	NA	NA	NA	NA	NA	Google Earth, 2013.	NA	NA	NA	NA	NA	NA	NA	NA	NA	NA	NA	NA	NA	NA	NA	NA	NA	NA	NA	NA	NA	NA	NA	NA	NA	NA	NA	NA	NA	NA	NA	C6Q3Z	NA	NA	NA	NA	NA	Chelonoidis duncanensis (Pritchard, 1996)	NA	NA	NA	NA	NA	NA	Animalia; Chordata; Reptilia; Testudines; Testudinidae	Animalia	Chordata	Reptilia	Testudines	Testudinoidea	Testudinidae	NA	NA	NA	Chelonoidis	Chelonoidis	NA	NA	duncanensis	NA	NA	SPECIES	NA	NA	NA	SYNONYM	NA	NA	cece4fc2-1fec-4bb5-a335-7252548e3f0b	US	2026-09-07 00:06:41	NA	NA	NA	NA	NA	COORDINATE_ROUNDED;CONTINENT_DERIVED_FROM_COORDINATES	NA	COORDINATE_ROUNDED;CONTINENT_DERIVED_FROM_COORDINATES	StillImage	TRUE	FALSE	MVBKH	C6Q3Z	N	CH2	RP	477	87BWY	626NZ	NA	NA	NA	3MPP	NA	5Y2Z9	Chelonoidis niger	Chelonoidis niger duncanensis (Pritchard, 1996)	Chelonoidis duncanensis	NA	EML	2026-09-07 00:06:41	2026-09-07 00:01:45	NA	TRUE	NA	NA	FALSE	LATIN_AMERICA	NORTH_AMERICA	ECU	Ecuador	ECU.9_1	Galápagos	ECU.9.3_1	Santa Cruz	ECU.9.3.3_1	Santa Rosa	NA
543675165	NA	NA	NA	CC0_1_0	2024-01-04 14:21:00	California Academy of Sciences	NA	NA	NA	http://grbio.org/institution/california-academy-sciences	http://grscicoll.org/institutional-collection/herpetology-0	NA	CAS	HERP	NA	NA	PRESERVED_SPECIMEN	NA	NA	NA	urn:catalog:CAS:HERP:8459	8459	2080	R.H. Beck	NA	NA	NA	NA	Female	Adult	NA	NA	NA	NA	NA	NA	NA	NA	PRESENT	Dry	NA	NA	NA	NA	NA	NA	Killed 4 Dec 1905.  Miscellaneous postcrania in skeletal collection.  Date of collection in error, no collecting was done on 26 Nov 1905 based on Slevin's and Beck's field notes - JVV, 16 Jul 2013.	NA	NA	NA	NA	NA	NA	NA	NA	NA	NA	NA	NA	NA	NA	1905-11-26	NA	330	330	1905	11	26	26 Nov 1905	NA	NA	NA	NA	NA	NA	NA	NA	NA	South Pacific Ocean; Ecuador; Galapagos Prov.; Galapagos Ids.; Santa Cruz Id.	SOUTH_AMERICA	South Pacific Ocean	Galapagos Ids.	Santa Cruz Id.	EC	Galapagos Prov.	NA	NA	NA	Indefatigable Isl., Galapagos Arch.	NA	NA	NA	NA	NA	NA	NA	-0.501667	-90.3275	NA	NA	NA	NA	NA	NA	NA	NA	NA	NA	NA	Google Earth, 2013.	NA	NA	NA	NA	NA	NA	NA	NA	NA	NA	NA	NA	NA	NA	NA	NA	NA	NA	NA	NA	NA	NA	NA	NA	NA	NA	NA	NA	NA	NA	NA	TVGD	NA	NA	NA	NA	NA	Chelonia mydas (Linnaeus, 1758)	NA	NA	NA	NA	NA	NA	Animalia; Chordata; Reptilia; Testudines; Cheloniidae	Animalia	Chordata	Reptilia	Testudines	Chelonioidea	Cheloniidae	NA	NA	NA	Chelonia	Chelonia	NA	NA	mydas	NA	NA	SPECIES	NA	NA	NA	ACCEPTED	NA	NA	cece4fc2-1fec-4bb5-a335-7252548e3f0b	US	2026-09-07 00:06:36	NA	NA	NA	NA	NA	COORDINATE_ROUNDED;CONTINENT_DERIVED_FROM_COORDINATES	NA	COORDINATE_ROUNDED;CONTINENT_DERIVED_FROM_COORDINATES	StillImage	TRUE	FALSE	TVGD	TVGD	N	CH2	RP	477	87BWH	83J	NA	NA	NA	3MPC	NA	TVGD	Chelonia mydas	Chelonia mydas (Linnaeus, 1758)	Chelonia mydas	NA	EML	2026-09-07 00:06:36	2026-09-07 00:01:45	NA	TRUE	NA	NA	FALSE	LATIN_AMERICA	NORTH_AMERICA	NA	NA	NA	NA	NA	NA	NA	NA	LC
543674188	NA	NA	NA	CC0_1_0	2024-01-04 14:21:00	California Academy of Sciences	NA	NA	NA	http://grbio.org/institution/california-academy-sciences	http://grscicoll.org/institutional-collection/herpetology-0	NA	CAS	HERP	NA	NA	PRESERVED_SPECIMEN	NA	NA	NA	urn:catalog:CAS:HERP:8371	8371	K.K.	Expedition	NA	NA	NA	NA	Female	Adult	NA	NA	NA	NA	NA	NA	NA	NA	PRESENT	Dry	NA	NA	NA	NA	NA	NA	NA	NA	NA	NA	NA	NA	NA	NA	NA	NA	NA	NA	NA	NA	NA	1905-12	NA	NA	NA	1905	12	NA	Dec 1905	NA	NA	NA	NA	NA	NA	NA	NA	NA	South Pacific Ocean; Ecuador; Galapagos Prov.; Galapagos Ids.; Pinzon Id.	SOUTH_AMERICA	South Pacific Ocean	Galapagos Ids.	Pinzon Id.	EC	Galapagos Prov.	NA	NA	NA	Duncan Island, Galapagos Arch.	NA	NA	NA	NA	NA	NA	NA	-0.613056	-90.677778	NA	NA	NA	NA	NA	NA	NA	NA	NA	NA	NA	Google Earth, 2013.	NA	NA	NA	NA	NA	NA	NA	NA	NA	NA	NA	NA	NA	NA	NA	NA	NA	NA	NA	NA	NA	NA	NA	NA	NA	NA	NA	NA	NA	NA	NA	C6Q3Z	NA	NA	NA	NA	NA	Chelonoidis duncanensis (Pritchard, 1996)	NA	NA	NA	NA	NA	NA	Animalia; Chordata; Reptilia; Testudines; Testudinidae	Animalia	Chordata	Reptilia	Testudines	Testudinoidea	Testudinidae	NA	NA	NA	Chelonoidis	Chelonoidis	NA	NA	duncanensis	NA	NA	SPECIES	NA	NA	NA	SYNONYM	NA	NA	cece4fc2-1fec-4bb5-a335-7252548e3f0b	US	2026-09-07 00:06:33	NA	NA	NA	NA	NA	COORDINATE_ROUNDED;CONTINENT_DERIVED_FROM_COORDINATES	NA	COORDINATE_ROUNDED;CONTINENT_DERIVED_FROM_COORDINATES	StillImage	TRUE	FALSE	MVBKH	C6Q3Z	N	CH2	RP	477	87BWY	626NZ	NA	NA	NA	3MPP	NA	5Y2Z9	Chelonoidis niger	Chelonoidis niger duncanensis (Pritchard, 1996)	Chelonoidis duncanensis	NA	EML	2026-09-07 00:06:33	2026-09-07 00:01:45	NA	TRUE	NA	NA	FALSE	LATIN_AMERICA	NORTH_AMERICA	ECU	Ecuador	ECU.9_1	Galápagos	ECU.9.3_1	Santa Cruz	ECU.9.3.3_1	Santa Rosa	NA
543675121	NA	NA	NA	CC0_1_0	2024-01-04 14:21:00	California Academy of Sciences	NA	NA	NA	http://grbio.org/institution/california-academy-sciences	http://grscicoll.org/institutional-collection/herpetology-0	NA	CAS	HERP	NA	NA	PRESERVED_SPECIMEN	NA	NA	NA	urn:catalog:CAS:HERP:8455	8455	2070	R.H. Beck	NA	NA	NA	NA	Female	Adult	NA	NA	NA	NA	NA	NA	NA	NA	PRESENT	Dry	NA	NA	NA	NA	NA	NA	Killed 29 Nov 1905.	NA	NA	NA	NA	NA	NA	NA	NA	NA	NA	NA	NA	NA	NA	1905-11-24	NA	328	328	1905	11	24	24 Nov 1905	NA	NA	NA	NA	NA	NA	NA	NA	NA	South Pacific Ocean; Ecuador; Galapagos Prov.; Galapagos Ids.; Santa Cruz Id.	SOUTH_AMERICA	South Pacific Ocean	Galapagos Ids.	Santa Cruz Id.	EC	Galapagos Prov.	NA	NA	NA	Indefatigable Isl., Galapagos Arch.	NA	NA	NA	NA	NA	NA	NA	-0.501667	-90.3275	NA	NA	NA	NA	NA	NA	NA	NA	NA	NA	NA	Google Earth, 2013.	NA	NA	NA	NA	NA	NA	NA	NA	NA	NA	NA	NA	NA	NA	NA	NA	NA	NA	NA	NA	NA	NA	NA	NA	NA	NA	NA	NA	NA	NA	NA	TVGD	NA	NA	NA	NA	NA	Chelonia mydas (Linnaeus, 1758)	NA	NA	NA	NA	NA	NA	Animalia; Chordata; Reptilia; Testudines; Cheloniidae	Animalia	Chordata	Reptilia	Testudines	Chelonioidea	Cheloniidae	NA	NA	NA	Chelonia	Chelonia	NA	NA	mydas	NA	NA	SPECIES	NA	NA	NA	ACCEPTED	NA	NA	cece4fc2-1fec-4bb5-a335-7252548e3f0b	US	2026-09-07 00:06:33	NA	NA	NA	NA	NA	COORDINATE_ROUNDED;CONTINENT_DERIVED_FROM_COORDINATES	NA	COORDINATE_ROUNDED;CONTINENT_DERIVED_FROM_COORDINATES	StillImage	TRUE	FALSE	TVGD	TVGD	N	CH2	RP	477	87BWH	83J	NA	NA	NA	3MPC	NA	TVGD	Chelonia mydas	Chelonia mydas (Linnaeus, 1758)	Chelonia mydas	NA	EML	2026-09-07 00:06:33	2026-09-07 00:01:45	NA	TRUE	NA	NA	FALSE	LATIN_AMERICA	NORTH_AMERICA	NA	NA	NA	NA	NA	NA	NA	NA	LC
543673855	NA	NA	NA	CC0_1_0	2024-01-04 14:21:00	California Academy of Sciences	NA	NA	NA	http://grbio.org/institution/california-academy-sciences	http://grscicoll.org/institutional-collection/herpetology-0	NA	CAS	HERP	NA	NA	PRESERVED_SPECIMEN	NA	NA	NA	urn:catalog:CAS:HERP:8341	8341	2158	R.H. Beck	NA	NA	NA	NA	Female	Adult	NA	NA	NA	NA	NA	NA	NA	NA	PRESENT	Dry	NA	NA	NA	NA	NA	NA	Miscellaneous postcrania in skeletal collection.	NA	NA	NA	NA	NA	NA	NA	NA	NA	NA	NA	NA	NA	NA	1905-12-01	NA	335	335	1905	12	1	1-17 Dec 1905	NA	NA	NA	NA	NA	NA	NA	NA	NA	South Pacific Ocean; Ecuador; Galapagos Prov.; Galapagos Ids.; Pinzon Id.	SOUTH_AMERICA	South Pacific Ocean	Galapagos Ids.	Pinzon Id.	EC	Galapagos Prov.	NA	NA	NA	Duncan Island, Galapagos Arch.	NA	NA	NA	NA	NA	NA	NA	-0.613056	-90.677778	NA	NA	NA	NA	NA	NA	NA	NA	NA	NA	NA	Google Earth, 2013.	NA	NA	NA	NA	NA	NA	NA	NA	NA	NA	NA	NA	NA	NA	NA	NA	NA	NA	NA	NA	NA	NA	NA	NA	NA	NA	NA	NA	NA	NA	NA	C6Q3Z	NA	NA	NA	NA	NA	Chelonoidis duncanensis (Pritchard, 1996)	NA	NA	NA	NA	NA	NA	Animalia; Chordata; Reptilia; Testudines; Testudinidae	Animalia	Chordata	Reptilia	Testudines	Testudinoidea	Testudinidae	NA	NA	NA	Chelonoidis	Chelonoidis	NA	NA	duncanensis	NA	NA	SPECIES	NA	NA	NA	SYNONYM	NA	NA	cece4fc2-1fec-4bb5-a335-7252548e3f0b	US	2026-09-07 00:06:36	NA	NA	NA	NA	NA	COORDINATE_ROUNDED;CONTINENT_DERIVED_FROM_COORDINATES	NA	COORDINATE_ROUNDED;CONTINENT_DERIVED_FROM_COORDINATES	StillImage	TRUE	FALSE	MVBKH	C6Q3Z	N	CH2	RP	477	87BWY	626NZ	NA	NA	NA	3MPP	NA	5Y2Z9	Chelonoidis niger	Chelonoidis niger duncanensis (Pritchard, 1996)	Chelonoidis duncanensis	NA	EML	2026-09-07 00:06:36	2026-09-07 00:01:45	NA	TRUE	NA	NA	FALSE	LATIN_AMERICA	NORTH_AMERICA	ECU	Ecuador	ECU.9_1	Galápagos	ECU.9.3_1	Santa Cruz	ECU.9.3.3_1	Santa Rosa	NA
543674177	NA	NA	NA	CC0_1_0	2024-01-04 14:21:00	California Academy of Sciences	NA	NA	NA	http://grbio.org/institution/california-academy-sciences	http://grscicoll.org/institutional-collection/herpetology-0	NA	CAS	HERP	NA	NA	PRESERVED_SPECIMEN	NA	NA	NA	urn:catalog:CAS:HERP:8370	8370	J.J.	Expedition	NA	NA	NA	NA	Female	Adult	NA	NA	NA	NA	NA	NA	NA	NA	PRESENT	Dry	NA	NA	NA	NA	NA	NA	NA	NA	NA	NA	NA	NA	NA	NA	NA	NA	NA	NA	NA	NA	NA	1905-12	NA	NA	NA	1905	12	NA	Dec 1905	NA	NA	NA	NA	NA	NA	NA	NA	NA	South Pacific Ocean; Ecuador; Galapagos Prov.; Galapagos Ids.; Pinzon Id.	SOUTH_AMERICA	South Pacific Ocean	Galapagos Ids.	Pinzon Id.	EC	Galapagos Prov.	NA	NA	NA	Duncan Island, Galapagos Arch.	NA	NA	NA	NA	NA	NA	NA	-0.613056	-90.677778	NA	NA	NA	NA	NA	NA	NA	NA	NA	NA	NA	Google Earth, 2013.	NA	NA	NA	NA	NA	NA	NA	NA	NA	NA	NA	NA	NA	NA	NA	NA	NA	NA	NA	NA	NA	NA	NA	NA	NA	NA	NA	NA	NA	NA	NA	C6Q3Z	NA	NA	NA	NA	NA	Chelonoidis duncanensis (Pritchard, 1996)	NA	NA	NA	NA	NA	NA	Animalia; Chordata; Reptilia; Testudines; Testudinidae	Animalia	Chordata	Reptilia	Testudines	Testudinoidea	Testudinidae	NA	NA	NA	Chelonoidis	Chelonoidis	NA	NA	duncanensis	NA	NA	SPECIES	NA	NA	NA	SYNONYM	NA	NA	cece4fc2-1fec-4bb5-a335-7252548e3f0b	US	2026-09-07 00:06:36	NA	NA	NA	NA	NA	COORDINATE_ROUNDED;CONTINENT_DERIVED_FROM_COORDINATES	NA	COORDINATE_ROUNDED;CONTINENT_DERIVED_FROM_COORDINATES	StillImage	TRUE	FALSE	MVBKH	C6Q3Z	N	CH2	RP	477	87BWY	626NZ	NA	NA	NA	3MPP	NA	5Y2Z9	Chelonoidis niger	Chelonoidis niger duncanensis (Pritchard, 1996)	Chelonoidis duncanensis	NA	EML	2026-09-07 00:06:36	2026-09-07 00:01:45	NA	TRUE	NA	NA	FALSE	LATIN_AMERICA	NORTH_AMERICA	ECU	Ecuador	ECU.9_1	Galápagos	ECU.9.3_1	Santa Cruz	ECU.9.3.3_1	Santa Rosa	NA
543673433	NA	NA	NA	CC0_1_0	2024-01-04 14:21:00	California Academy of Sciences	NA	NA	NA	http://grbio.org/institution/california-academy-sciences	http://grscicoll.org/institutional-collection/herpetology-0	NA	CAS	HERP	NA	NA	PRESERVED_SPECIMEN	NA	NA	NA	urn:catalog:CAS:HERP:8303	8303	2224	F.T. Nelson	NA	NA	NA	NA	Female	Adult	NA	NA	NA	NA	NA	NA	NA	NA	PRESENT	Dry	NA	NA	NA	NA	NA	NA	Killed on board 23 Dec 1905.  Miscellaneous postcrania in skeletal collection.	NA	NA	NA	NA	NA	NA	NA	NA	NA	NA	NA	NA	NA	NA	1905-12-01	NA	335	335	1905	12	1	1-17 Dec 1905	NA	NA	NA	NA	NA	NA	NA	NA	NA	South Pacific Ocean; Ecuador; Galapagos Prov.; Galapagos Ids.; Pinzon Id.	SOUTH_AMERICA	South Pacific Ocean	Galapagos Ids.	Pinzon Id.	EC	Galapagos Prov.	NA	NA	NA	Duncan Island, Galapagos Arch.	NA	NA	NA	NA	NA	NA	NA	-0.613056	-90.677778	NA	NA	NA	NA	NA	NA	NA	NA	NA	NA	NA	Google Earth, 2013.	NA	NA	NA	NA	NA	NA	NA	NA	NA	NA	NA	NA	NA	NA	NA	NA	NA	NA	NA	NA	NA	NA	NA	NA	NA	NA	NA	NA	NA	NA	NA	C6Q3Z	NA	NA	NA	NA	NA	Chelonoidis duncanensis (Pritchard, 1996)	NA	NA	NA	NA	NA	NA	Animalia; Chordata; Reptilia; Testudines; Testudinidae	Animalia	Chordata	Reptilia	Testudines	Testudinoidea	Testudinidae	NA	NA	NA	Chelonoidis	Chelonoidis	NA	NA	duncanensis	NA	NA	SPECIES	NA	NA	NA	SYNONYM	NA	NA	cece4fc2-1fec-4bb5-a335-7252548e3f0b	US	2026-09-07 00:06:33	NA	NA	NA	NA	NA	COORDINATE_ROUNDED;CONTINENT_DERIVED_FROM_COORDINATES	NA	COORDINATE_ROUNDED;CONTINENT_DERIVED_FROM_COORDINATES	StillImage	TRUE	FALSE	MVBKH	C6Q3Z	N	CH2	RP	477	87BWY	626NZ	NA	NA	NA	3MPP	NA	5Y2Z9	Chelonoidis niger	Chelonoidis niger duncanensis (Pritchard, 1996)	Chelonoidis duncanensis	NA	EML	2026-09-07 00:06:33	2026-09-07 00:01:45	NA	TRUE	NA	NA	FALSE	LATIN_AMERICA	NORTH_AMERICA	ECU	Ecuador	ECU.9_1	Galápagos	ECU.9.3_1	Santa Cruz	ECU.9.3.3_1	Santa Rosa	NA
543674343	NA	NA	NA	CC0_1_0	2024-01-04 14:21:00	California Academy of Sciences	NA	NA	NA	http://grbio.org/institution/california-academy-sciences	http://grscicoll.org/institutional-collection/herpetology-0	NA	CAS	HERP	NA	NA	PRESERVED_SPECIMEN	NA	NA	NA	urn:catalog:CAS:HERP:8385	8385	1895?	E.W. Gifford and F.X. Williams	NA	NA	NA	NA	Female	Adult	NA	NA	NA	NA	NA	NA	NA	NA	PRESENT	Dry	NA	NA	NA	NA	NA	NA	NA	NA	NA	NA	NA	NA	NA	NA	NA	NA	NA	NA	NA	NA	NA	1905-11-14	NA	318	318	1905	11	14	14 Nov 1905	NA	NA	NA	NA	NA	NA	NA	NA	NA	South Pacific Ocean; Ecuador; Galapagos Prov.; Galapagos Ids.; Santa Cruz Id.	SOUTH_AMERICA	South Pacific Ocean	Galapagos Ids.	Santa Cruz Id.	EC	Galapagos Prov.	NA	NA	NA	Indefatigable Island, Galapagos Arch.	NA	NA	NA	NA	NA	NA	NA	-0.726389	-90.327639	NA	NA	NA	NA	NA	NA	NA	NA	NA	NA	NA	Google Earth, 2013.	NA	NA	NA	NA	NA	NA	NA	NA	NA	NA	NA	NA	NA	NA	NA	NA	NA	NA	NA	NA	NA	NA	NA	NA	NA	NA	NA	NA	NA	NA	NA	C6Q47	NA	NA	NA	NA	NA	Chelonoidis porteri (Rothschild, 1903)	NA	NA	NA	NA	NA	NA	Animalia; Chordata; Reptilia; Testudines; Testudinidae	Animalia	Chordata	Reptilia	Testudines	Testudinoidea	Testudinidae	NA	NA	NA	Chelonoidis	Chelonoidis	NA	NA	porteri	NA	NA	SPECIES	NA	NA	NA	SYNONYM	NA	NA	cece4fc2-1fec-4bb5-a335-7252548e3f0b	US	2026-09-07 00:06:33	NA	NA	NA	NA	NA	COORDINATE_ROUNDED;CONTINENT_DERIVED_FROM_COORDINATES	NA	COORDINATE_ROUNDED;CONTINENT_DERIVED_FROM_COORDINATES	StillImage	TRUE	FALSE	TVLK	C6Q47	N	CH2	RP	477	87BWY	626NZ	NA	NA	NA	3MPP	NA	5Y2Z9	Chelonoidis niger	Chelonoidis niger porteri (Rothschild, 1903)	Chelonoidis porteri	NA	EML	2026-09-07 00:06:33	2026-09-07 00:01:45	NA	TRUE	NA	NA	FALSE	LATIN_AMERICA	NORTH_AMERICA	ECU	Ecuador	ECU.9_1	Galápagos	ECU.9.3_1	Santa Cruz	ECU.9.3.1_1	Bellavista	NA
543674788	NA	NA	NA	CC0_1_0	2024-01-04 14:21:00	California Academy of Sciences	NA	NA	NA	http://grbio.org/institution/california-academy-sciences	http://grscicoll.org/institutional-collection/herpetology-0	NA	CAS	HERP	NA	NA	PRESERVED_SPECIMEN	NA	NA	NA	urn:catalog:CAS:HERP:8425	8425	NA	R.H. Beck	NA	NA	NA	NA	NA	Egg	NA	NA	NA	NA	NA	NA	NA	NA	PRESENT	Dry	NA	NA	NA	NA	NA	NA	9 spms. taken from #8388.	NA	NA	NA	NA	NA	NA	NA	NA	NA	NA	NA	NA	NA	NA	1905-11-02	NA	306	306	1905	11	2	2 Nov 1905	NA	NA	NA	NA	NA	NA	NA	NA	NA	South Pacific Ocean; Ecuador; Galapagos Prov.; Galapagos Ids.; Isabela Id.	SOUTH_AMERICA	South Pacific Ocean	Galapagos Ids.	Isabela Id.	EC	Galapagos Prov.	NA	NA	8 mi W of Villamil	Vilamil, Albemarle Island, Galapagos Arch. 8 m W. of Vilamil.	NA	NA	NA	NA	NA	NA	NA	-1.000833	-91.072778	NA	NA	NA	NA	NA	NA	NA	NA	NA	NA	NA	Google Earth, 2013.	NA	NA	NA	NA	NA	NA	NA	NA	NA	NA	NA	NA	NA	NA	NA	NA	NA	NA	NA	NA	NA	NA	NA	NA	NA	NA	NA	NA	NA	NA	NA	3MPP	NA	NA	NA	NA	NA	Chelonoidis Fitzinger, 1835	NA	NA	NA	NA	NA	NA	Animalia; Chordata; Reptilia; Testudines; Testudinidae	Animalia	Chordata	Reptilia	Testudines	Testudinoidea	Testudinidae	NA	NA	NA	Chelonoidis	NA	NA	NA	NA	NA	NA	GENUS	NA	NA	NA	ACCEPTED	NA	NA	cece4fc2-1fec-4bb5-a335-7252548e3f0b	US	2026-09-07 00:06:33	NA	NA	NA	NA	NA	COORDINATE_ROUNDED;CONTINENT_DERIVED_FROM_COORDINATES	NA	COORDINATE_ROUNDED;CONTINENT_DERIVED_FROM_COORDINATES	StillImage	TRUE	FALSE	3MPP	3MPP	N	CH2	RP	477	87BWY	626NZ	NA	NA	NA	3MPP	NA	NA	NA	Chelonoidis Fitzinger, 1835	Chelonoidis	NA	EML	2026-09-07 00:06:33	2026-09-07 00:01:45	NA	TRUE	NA	NA	FALSE	LATIN_AMERICA	NORTH_AMERICA	ECU	Ecuador	ECU.9_1	Galápagos	ECU.9.1_1	Isabela	ECU.9.1.2_1	Tomas De Berlanga (Santo Tomas)	NA
543671555	NA	NA	NA	CC0_1_0	2024-01-04 14:21:00	California Academy of Sciences	NA	NA	NA	http://grbio.org/institution/california-academy-sciences	http://grscicoll.org/institutional-collection/herpetology-0	NA	CAS	HERP	NA	NA	PRESERVED_SPECIMEN	NA	NA	NA	urn:catalog:CAS:HERP:8134	8134	2409	R.H. Beck	NA	NA	NA	NA	NA	Adult	NA	NA	NA	NA	NA	NA	NA	NA	PRESENT	Dry	NA	NA	NA	JN637227;JN637233;JN637289	NA	NA	Skull skeletonized.	NA	NA	NA	NA	NA	NA	NA	NA	NA	NA	NA	NA	NA	NA	1905-12-20	NA	354	354	1905	12	20	20 Dec 1905	NA	NA	NA	NA	NA	NA	NA	NA	NA	South Pacific Ocean; Ecuador; Galapagos Prov.; Galapagos Ids.; Rabida Id.	SOUTH_AMERICA	South Pacific Ocean	Galapagos Ids.	Rabida Id.	EC	Galapagos Prov.	NA	NA	NA	Jervis Isl. Galapagos Archipelago	NA	NA	NA	NA	NA	NA	NA	-0.413056	-90.706944	NA	NA	NA	NA	NA	NA	NA	NA	NA	NA	NA	Google Earth, 2013.	NA	NA	NA	NA	NA	NA	NA	NA	NA	NA	NA	NA	NA	NA	NA	NA	NA	NA	NA	NA	NA	NA	NA	NA	NA	NA	NA	NA	NA	NA	NA	3MPP	NA	NA	NA	NA	NA	Chelonoidis Fitzinger, 1835	NA	NA	NA	NA	NA	NA	Animalia; Chordata; Reptilia; Testudines; Testudinidae	Animalia	Chordata	Reptilia	Testudines	Testudinoidea	Testudinidae	NA	NA	NA	Chelonoidis	NA	NA	NA	NA	NA	NA	GENUS	NA	NA	NA	ACCEPTED	NA	NA	cece4fc2-1fec-4bb5-a335-7252548e3f0b	US	2026-09-07 00:06:38	NA	NA	NA	NA	NA	COORDINATE_ROUNDED;CONTINENT_DERIVED_FROM_COORDINATES;TAXON_MATCH_HIGHERRANK	NA	COORDINATE_ROUNDED;CONTINENT_DERIVED_FROM_COORDINATES	StillImage	TRUE	FALSE	3MPP	3MPP	N	CH2	RP	477	87BWY	626NZ	NA	NA	NA	3MPP	NA	NA	NA	Chelonoidis Fitzinger, 1835	Chelonoidis wallacei	NA	EML	2026-09-07 00:06:38	2026-09-07 00:01:45	NA	TRUE	NA	NA	TRUE	LATIN_AMERICA	NORTH_AMERICA	ECU	Ecuador	ECU.9_1	Galápagos	ECU.9.3_1	Santa Cruz	ECU.9.3.1_1	Bellavista	NA
543673910	NA	NA	NA	CC0_1_0	2024-01-04 14:21:00	California Academy of Sciences	NA	NA	NA	http://grbio.org/institution/california-academy-sciences	http://grscicoll.org/institutional-collection/herpetology-0	NA	CAS	HERP	NA	NA	PRESERVED_SPECIMEN	NA	NA	NA	urn:catalog:CAS:HERP:8346	8346	2163	R.H. Beck	NA	NA	NA	NA	Female	Adult	NA	NA	NA	NA	NA	NA	NA	NA	PRESENT	Dry	NA	NA	NA	NA	NA	NA	abnormality on the 2nd neuralþon the carapace (asymmetry).þabnormality on the 2nd neuralþon the carapace (asymmetry).þAbnormality on the 2nd neural on the carapace (asymmetry).	NA	NA	NA	NA	NA	NA	NA	NA	NA	NA	NA	NA	NA	NA	1905-12-01	NA	335	335	1905	12	1	1-17 Dec 1905	NA	NA	NA	NA	NA	NA	NA	NA	NA	South Pacific Ocean; Ecuador; Galapagos Prov.; Galapagos Ids.; Pinzon Id.	SOUTH_AMERICA	South Pacific Ocean	Galapagos Ids.	Pinzon Id.	EC	Galapagos Prov.	NA	NA	NA	Duncan Island, Galapagos Arch.	NA	NA	NA	NA	NA	NA	NA	-0.613056	-90.677778	NA	NA	NA	NA	NA	NA	NA	NA	NA	NA	NA	Google Earth, 2013.	NA	NA	NA	NA	NA	NA	NA	NA	NA	NA	NA	NA	NA	NA	NA	NA	NA	NA	NA	NA	NA	NA	NA	NA	NA	NA	NA	NA	NA	NA	NA	C6Q3Z	NA	NA	NA	NA	NA	Chelonoidis duncanensis (Pritchard, 1996)	NA	NA	NA	NA	NA	NA	Animalia; Chordata; Reptilia; Testudines; Testudinidae	Animalia	Chordata	Reptilia	Testudines	Testudinoidea	Testudinidae	NA	NA	NA	Chelonoidis	Chelonoidis	NA	NA	duncanensis	NA	NA	SPECIES	NA	NA	NA	SYNONYM	NA	NA	cece4fc2-1fec-4bb5-a335-7252548e3f0b	US	2026-09-07 00:06:38	NA	NA	NA	NA	NA	COORDINATE_ROUNDED;CONTINENT_DERIVED_FROM_COORDINATES	NA	COORDINATE_ROUNDED;CONTINENT_DERIVED_FROM_COORDINATES	StillImage	TRUE	FALSE	MVBKH	C6Q3Z	N	CH2	RP	477	87BWY	626NZ	NA	NA	NA	3MPP	NA	5Y2Z9	Chelonoidis niger	Chelonoidis niger duncanensis (Pritchard, 1996)	Chelonoidis duncanensis	NA	EML	2026-09-07 00:06:38	2026-09-07 00:01:45	NA	TRUE	NA	NA	FALSE	LATIN_AMERICA	NORTH_AMERICA	ECU	Ecuador	ECU.9_1	Galápagos	ECU.9.3_1	Santa Cruz	ECU.9.3.3_1	Santa Rosa	NA
543674099	NA	NA	NA	CC0_1_0	2024-01-04 14:21:00	California Academy of Sciences	NA	NA	NA	http://grbio.org/institution/california-academy-sciences	http://grscicoll.org/institutional-collection/herpetology-0	NA	CAS	HERP	NA	NA	PRESERVED_SPECIMEN	NA	NA	NA	urn:catalog:CAS:HERP:8363	8363	D.D.	Expedition	NA	NA	NA	NA	Female	Adult	NA	NA	NA	NA	NA	NA	NA	NA	PRESENT	Dry	NA	NA	NA	NA	NA	NA	NA	NA	NA	NA	NA	NA	NA	NA	NA	NA	NA	NA	NA	NA	NA	1905-12	NA	NA	NA	1905	12	NA	Dec 1905	NA	NA	NA	NA	NA	NA	NA	NA	NA	South Pacific Ocean; Ecuador; Galapagos Prov.; Galapagos Ids.; Pinzon Id.	SOUTH_AMERICA	South Pacific Ocean	Galapagos Ids.	Pinzon Id.	EC	Galapagos Prov.	NA	NA	NA	Duncan Island, Galapagos Arch.	NA	NA	NA	NA	NA	NA	NA	-0.613056	-90.677778	NA	NA	NA	NA	NA	NA	NA	NA	NA	NA	NA	Google Earth, 2013.	NA	NA	NA	NA	NA	NA	NA	NA	NA	NA	NA	NA	NA	NA	NA	NA	NA	NA	NA	NA	NA	NA	NA	NA	NA	NA	NA	NA	NA	NA	NA	C6Q3Z	NA	NA	NA	NA	NA	Chelonoidis duncanensis (Pritchard, 1996)	NA	NA	NA	NA	NA	NA	Animalia; Chordata; Reptilia; Testudines; Testudinidae	Animalia	Chordata	Reptilia	Testudines	Testudinoidea	Testudinidae	NA	NA	NA	Chelonoidis	Chelonoidis	NA	NA	duncanensis	NA	NA	SPECIES	NA	NA	NA	SYNONYM	NA	NA	cece4fc2-1fec-4bb5-a335-7252548e3f0b	US	2026-09-07 00:06:38	NA	NA	NA	NA	NA	COORDINATE_ROUNDED;CONTINENT_DERIVED_FROM_COORDINATES	NA	COORDINATE_ROUNDED;CONTINENT_DERIVED_FROM_COORDINATES	StillImage	TRUE	FALSE	MVBKH	C6Q3Z	N	CH2	RP	477	87BWY	626NZ	NA	NA	NA	3MPP	NA	5Y2Z9	Chelonoidis niger	Chelonoidis niger duncanensis (Pritchard, 1996)	Chelonoidis duncanensis	NA	EML	2026-09-07 00:06:38	2026-09-07 00:01:45	NA	TRUE	NA	NA	FALSE	LATIN_AMERICA	NORTH_AMERICA	ECU	Ecuador	ECU.9_1	Galápagos	ECU.9.3_1	Santa Cruz	ECU.9.3.3_1	Santa Rosa	NA
543553945	NA	NA	NA	CC0_1_0	2024-01-04 14:21:00	California Academy of Sciences	NA	NA	NA	http://grbio.org/institution/california-academy-sciences	http://grscicoll.org/institutional-collection/herpetology-0	NA	CAS	HERP	NA	NA	PRESERVED_SPECIMEN	NA	NA	NA	urn:catalog:CAS:HERP:201514	201514	JRS-2153	R.H. Beck	NA	NA	NA	NA	Female	NA	NA	NA	NA	NA	NA	NA	NA	NA	PRESENT	Dry	NA	NA	NA	NA	NA	NA	NA	NA	NA	NA	NA	NA	NA	NA	NA	NA	NA	NA	NA	NA	NA	1905-12-01	NA	335	335	1905	12	1	1-17 Dec 1905	NA	NA	NA	NA	NA	NA	NA	NA	NA	South Pacific Ocean; Ecuador; Galapagos Prov.; Galapagos Ids.; Pinzon Id.	SOUTH_AMERICA	South Pacific Ocean	Galapagos Ids.	Pinzon Id.	EC	Galapagos Prov.	NA	NA	NA	Duncan Island	NA	NA	NA	NA	NA	NA	NA	-0.613056	-90.677778	NA	NA	NA	NA	NA	NA	NA	NA	NA	NA	NA	Google Earth, 2013.	NA	NA	NA	NA	NA	NA	NA	NA	NA	NA	NA	NA	NA	NA	NA	NA	NA	NA	NA	NA	NA	NA	NA	NA	NA	NA	NA	NA	NA	NA	NA	3MPP	NA	NA	NA	NA	NA	Chelonoidis Fitzinger, 1835	NA	NA	NA	NA	NA	NA	Animalia; Chordata; Reptilia; Testudines; Testudinidae	Animalia	Chordata	Reptilia	Testudines	Testudinoidea	Testudinidae	NA	NA	NA	Chelonoidis	NA	NA	NA	NA	NA	NA	GENUS	NA	NA	NA	ACCEPTED	NA	NA	cece4fc2-1fec-4bb5-a335-7252548e3f0b	US	2026-09-07 00:06:29	NA	NA	NA	NA	NA	COORDINATE_ROUNDED;CONTINENT_DERIVED_FROM_COORDINATES	NA	COORDINATE_ROUNDED;CONTINENT_DERIVED_FROM_COORDINATES	NA	TRUE	FALSE	3MPP	3MPP	N	CH2	RP	477	87BWY	626NZ	NA	NA	NA	3MPP	NA	NA	NA	Chelonoidis Fitzinger, 1835	Chelonoidis	NA	EML	2026-09-07 00:06:29	2026-09-07 00:01:45	NA	TRUE	NA	NA	FALSE	LATIN_AMERICA	NORTH_AMERICA	ECU	Ecuador	ECU.9_1	Galápagos	ECU.9.3_1	Santa Cruz	ECU.9.3.3_1	Santa Rosa	NA
543673444	NA	NA	NA	CC0_1_0	2024-01-04 14:21:00	California Academy of Sciences	NA	NA	NA	http://grbio.org/institution/california-academy-sciences	http://grscicoll.org/institutional-collection/herpetology-0	NA	CAS	HERP	NA	NA	PRESERVED_SPECIMEN	NA	NA	NA	urn:catalog:CAS:HERP:8304	8304	2225	F.T. Nelson	NA	NA	NA	NA	Female	Adult	NA	NA	NA	NA	NA	NA	NA	NA	PRESENT	Dry	NA	NA	NA	NA	NA	NA	Miscellaneous postcrania in skeletal collection.	NA	NA	NA	NA	NA	NA	NA	NA	NA	NA	NA	NA	NA	NA	1905-12-01	NA	335	335	1905	12	1	1-17 Dec 1905	NA	NA	NA	NA	NA	NA	NA	NA	NA	South Pacific Ocean; Ecuador; Galapagos Prov.; Galapagos Ids.; Pinzon Id.	SOUTH_AMERICA	South Pacific Ocean	Galapagos Ids.	Pinzon Id.	EC	Galapagos Prov.	NA	NA	NA	Duncan Island, Galapagos Arch.	NA	NA	NA	NA	NA	NA	NA	-0.613056	-90.677778	NA	NA	NA	NA	NA	NA	NA	NA	NA	NA	NA	Google Earth, 2013.	NA	NA	NA	NA	NA	NA	NA	NA	NA	NA	NA	NA	NA	NA	NA	NA	NA	NA	NA	NA	NA	NA	NA	NA	NA	NA	NA	NA	NA	NA	NA	C6Q3Z	NA	NA	NA	NA	NA	Chelonoidis duncanensis (Pritchard, 1996)	NA	NA	NA	NA	NA	NA	Animalia; Chordata; Reptilia; Testudines; Testudinidae	Animalia	Chordata	Reptilia	Testudines	Testudinoidea	Testudinidae	NA	NA	NA	Chelonoidis	Chelonoidis	NA	NA	duncanensis	NA	NA	SPECIES	NA	NA	NA	SYNONYM	NA	NA	cece4fc2-1fec-4bb5-a335-7252548e3f0b	US	2026-09-07 00:06:33	NA	NA	NA	NA	NA	COORDINATE_ROUNDED;CONTINENT_DERIVED_FROM_COORDINATES	NA	COORDINATE_ROUNDED;CONTINENT_DERIVED_FROM_COORDINATES	StillImage	TRUE	FALSE	MVBKH	C6Q3Z	N	CH2	RP	477	87BWY	626NZ	NA	NA	NA	3MPP	NA	5Y2Z9	Chelonoidis niger	Chelonoidis niger duncanensis (Pritchard, 1996)	Chelonoidis duncanensis	NA	EML	2026-09-07 00:06:33	2026-09-07 00:01:45	NA	TRUE	NA	NA	FALSE	LATIN_AMERICA	NORTH_AMERICA	ECU	Ecuador	ECU.9_1	Galápagos	ECU.9.3_1	Santa Cruz	ECU.9.3.3_1	Santa Rosa	NA
543674088	NA	NA	NA	CC0_1_0	2024-01-04 14:21:00	California Academy of Sciences	NA	NA	NA	http://grbio.org/institution/california-academy-sciences	http://grscicoll.org/institutional-collection/herpetology-0	NA	CAS	HERP	NA	NA	PRESERVED_SPECIMEN	NA	NA	NA	urn:catalog:CAS:HERP:8362	8362	C.C.	Expedition	NA	NA	NA	NA	Female	Adult	NA	NA	NA	NA	NA	NA	NA	NA	PRESENT	Dry	NA	NA	NA	NA	NA	NA	NA	NA	NA	NA	NA	NA	NA	NA	NA	NA	NA	NA	NA	NA	NA	1905-12	NA	NA	NA	1905	12	NA	Dec 1905	NA	NA	NA	NA	NA	NA	NA	NA	NA	South Pacific Ocean; Ecuador; Galapagos Prov.; Galapagos Ids.; Pinzon Id.	SOUTH_AMERICA	South Pacific Ocean	Galapagos Ids.	Pinzon Id.	EC	Galapagos Prov.	NA	NA	NA	Duncan Island, Galapagos Arch.	NA	NA	NA	NA	NA	NA	NA	-0.613056	-90.677778	NA	NA	NA	NA	NA	NA	NA	NA	NA	NA	NA	Google Earth, 2013.	NA	NA	NA	NA	NA	NA	NA	NA	NA	NA	NA	NA	NA	NA	NA	NA	NA	NA	NA	NA	NA	NA	NA	NA	NA	NA	NA	NA	NA	NA	NA	C6Q3Z	NA	NA	NA	NA	NA	Chelonoidis duncanensis (Pritchard, 1996)	NA	NA	NA	NA	NA	NA	Animalia; Chordata; Reptilia; Testudines; Testudinidae	Animalia	Chordata	Reptilia	Testudines	Testudinoidea	Testudinidae	NA	NA	NA	Chelonoidis	Chelonoidis	NA	NA	duncanensis	NA	NA	SPECIES	NA	NA	NA	SYNONYM	NA	NA	cece4fc2-1fec-4bb5-a335-7252548e3f0b	US	2026-09-07 00:06:33	NA	NA	NA	NA	NA	COORDINATE_ROUNDED;CONTINENT_DERIVED_FROM_COORDINATES	NA	COORDINATE_ROUNDED;CONTINENT_DERIVED_FROM_COORDINATES	StillImage	TRUE	FALSE	MVBKH	C6Q3Z	N	CH2	RP	477	87BWY	626NZ	NA	NA	NA	3MPP	NA	5Y2Z9	Chelonoidis niger	Chelonoidis niger duncanensis (Pritchard, 1996)	Chelonoidis duncanensis	NA	EML	2026-09-07 00:06:33	2026-09-07 00:01:45	NA	TRUE	NA	NA	FALSE	LATIN_AMERICA	NORTH_AMERICA	ECU	Ecuador	ECU.9_1	Galápagos	ECU.9.3_1	Santa Cruz	ECU.9.3.3_1	Santa Rosa	NA
543673177	NA	NA	NA	CC0_1_0	2024-01-04 14:21:00	California Academy of Sciences	NA	NA	NA	http://grbio.org/institution/california-academy-sciences	http://grscicoll.org/institutional-collection/herpetology-0	NA	CAS	HERP	NA	NA	PRESERVED_SPECIMEN	NA	NA	NA	urn:catalog:CAS:HERP:8280	8280	2060	R.H. Beck	NA	NA	NA	NA	Female	Adult	NA	NA	NA	NA	NA	NA	NA	NA	PRESENT	Dry	NA	NA	NA	NA	NA	NA	Miscellaneous postcrania in skeletal collection.	NA	NA	NA	NA	NA	NA	NA	NA	NA	NA	NA	NA	NA	NA	1905-11-13	NA	317	317	1905	11	13	13 Nov 1905	NA	NA	NA	NA	NA	NA	NA	NA	NA	South Pacific Ocean; Ecuador; Galapagos Prov.; Galapagos Ids.; Santa Cruz Id.	SOUTH_AMERICA	South Pacific Ocean	Galapagos Ids.	Santa Cruz Id.	EC	Galapagos Prov.	NA	NA	vicinity of Academy Bay	Indefatigable Isl., Galapagos Arch.  Vic. Academy Bay.	NA	NA	NA	NA	NA	NA	NA	-0.726389	-90.327639	NA	NA	NA	NA	NA	NA	NA	NA	NA	NA	NA	Google Earth, 2013.	NA	NA	NA	NA	NA	NA	NA	NA	NA	NA	NA	NA	NA	NA	NA	NA	NA	NA	NA	NA	NA	NA	NA	NA	NA	NA	NA	NA	NA	NA	NA	C6Q47	NA	NA	NA	NA	NA	Chelonoidis porteri (Rothschild, 1903)	NA	NA	NA	NA	NA	NA	Animalia; Chordata; Reptilia; Testudines; Testudinidae	Animalia	Chordata	Reptilia	Testudines	Testudinoidea	Testudinidae	NA	NA	NA	Chelonoidis	Chelonoidis	NA	NA	porteri	NA	NA	SPECIES	NA	NA	NA	SYNONYM	NA	NA	cece4fc2-1fec-4bb5-a335-7252548e3f0b	US	2026-09-07 00:06:33	NA	NA	NA	NA	NA	COORDINATE_ROUNDED;CONTINENT_DERIVED_FROM_COORDINATES	NA	COORDINATE_ROUNDED;CONTINENT_DERIVED_FROM_COORDINATES	StillImage	TRUE	FALSE	TVLK	C6Q47	N	CH2	RP	477	87BWY	626NZ	NA	NA	NA	3MPP	NA	5Y2Z9	Chelonoidis niger	Chelonoidis niger porteri (Rothschild, 1903)	Chelonoidis porteri	NA	EML	2026-09-07 00:06:33	2026-09-07 00:01:45	NA	TRUE	NA	NA	FALSE	LATIN_AMERICA	NORTH_AMERICA	ECU	Ecuador	ECU.9_1	Galápagos	ECU.9.3_1	Santa Cruz	ECU.9.3.1_1	Bellavista	NA
543673921	NA	NA	NA	CC0_1_0	2024-01-04 14:21:00	California Academy of Sciences	NA	NA	NA	http://grbio.org/institution/california-academy-sciences	http://grscicoll.org/institutional-collection/herpetology-0	NA	CAS	HERP	NA	NA	PRESERVED_SPECIMEN	NA	NA	NA	urn:catalog:CAS:HERP:8347	8347	2164	R.H. Beck	NA	NA	NA	NA	Female	Adult	NA	NA	NA	NA	NA	NA	NA	NA	PRESENT	Dry	NA	NA	NA	NA	NA	NA	NA	NA	NA	NA	NA	NA	NA	NA	NA	NA	NA	NA	NA	NA	NA	1905-12-01	NA	335	335	1905	12	1	1-17 Dec 1905	NA	NA	NA	NA	NA	NA	NA	NA	NA	South Pacific Ocean; Ecuador; Galapagos Prov.; Galapagos Ids.; Pinzon Id.	SOUTH_AMERICA	South Pacific Ocean	Galapagos Ids.	Pinzon Id.	EC	Galapagos Prov.	NA	NA	NA	Duncan Island, Galapagos Arch.	NA	NA	NA	NA	NA	NA	NA	-0.613056	-90.677778	NA	NA	NA	NA	NA	NA	NA	NA	NA	NA	NA	Google Earth, 2013.	NA	NA	NA	NA	NA	NA	NA	NA	NA	NA	NA	NA	NA	NA	NA	NA	NA	NA	NA	NA	NA	NA	NA	NA	NA	NA	NA	NA	NA	NA	NA	C6Q3Z	NA	NA	NA	NA	NA	Chelonoidis duncanensis (Pritchard, 1996)	NA	NA	NA	NA	NA	NA	Animalia; Chordata; Reptilia; Testudines; Testudinidae	Animalia	Chordata	Reptilia	Testudines	Testudinoidea	Testudinidae	NA	NA	NA	Chelonoidis	Chelonoidis	NA	NA	duncanensis	NA	NA	SPECIES	NA	NA	NA	SYNONYM	NA	NA	cece4fc2-1fec-4bb5-a335-7252548e3f0b	US	2026-09-07 00:06:33	NA	NA	NA	NA	NA	COORDINATE_ROUNDED;CONTINENT_DERIVED_FROM_COORDINATES	NA	COORDINATE_ROUNDED;CONTINENT_DERIVED_FROM_COORDINATES	StillImage	TRUE	FALSE	MVBKH	C6Q3Z	N	CH2	RP	477	87BWY	626NZ	NA	NA	NA	3MPP	NA	5Y2Z9	Chelonoidis niger	Chelonoidis niger duncanensis (Pritchard, 1996)	Chelonoidis duncanensis	NA	EML	2026-09-07 00:06:33	2026-09-07 00:01:45	NA	TRUE	NA	NA	FALSE	LATIN_AMERICA	NORTH_AMERICA	ECU	Ecuador	ECU.9_1	Galápagos	ECU.9.3_1	Santa Cruz	ECU.9.3.3_1	Santa Rosa	NA
543672099	NA	NA	NA	CC0_1_0	2024-01-04 14:21:00	California Academy of Sciences	NA	NA	NA	http://grbio.org/institution/california-academy-sciences	http://grscicoll.org/institutional-collection/herpetology-0	NA	CAS	HERP	NA	NA	PRESERVED_SPECIMEN	NA	NA	NA	urn:catalog:CAS:HERP:8183	8183	2350	J.R. Slevin	NA	NA	NA	NA	Female	Adult	NA	NA	NA	NA	NA	NA	NA	NA	PRESENT	Dry	NA	NA	NA	NA	NA	NA	On board 28 Dec. 1905.  Bought of Native Collector.	NA	NA	NA	NA	NA	NA	NA	NA	NA	NA	NA	NA	NA	NA	1905-11-03	NA	307	307	1905	11	3	3 Nov 1905	NA	NA	NA	NA	NA	NA	NA	NA	NA	South Pacific Ocean; Ecuador; Galapagos Prov.; Galapagos Ids.; Isabela Id.	SOUTH_AMERICA	South Pacific Ocean	Galapagos Ids.	Isabela Id.	EC	Galapagos Prov.	NA	NA	Villamil Mtn	Vilamil Mt., Albemarle Isl. Galapagos Arch.	NA	NA	NA	NA	NA	NA	NA	-0.986667	-91.044722	NA	NA	NA	NA	NA	NA	NA	NA	NA	NA	NA	Google Earth, 2013.	NA	NA	NA	NA	NA	NA	NA	NA	NA	NA	NA	NA	NA	NA	NA	NA	NA	NA	NA	NA	NA	NA	NA	NA	NA	NA	NA	NA	NA	NA	NA	C6Q49	NA	NA	NA	NA	NA	Chelonoidis vicina (Günther, 1875)	NA	NA	NA	NA	NA	NA	Animalia; Chordata; Reptilia; Testudines; Testudinidae	Animalia	Chordata	Reptilia	Testudines	Testudinoidea	Testudinidae	NA	NA	NA	Chelonoidis	Chelonoidis	NA	NA	vicina	NA	NA	SPECIES	NA	NA	NA	SYNONYM	NA	NA	cece4fc2-1fec-4bb5-a335-7252548e3f0b	US	2026-09-07 00:06:33	NA	NA	NA	NA	NA	COORDINATE_ROUNDED;CONTINENT_DERIVED_FROM_COORDINATES	NA	COORDINATE_ROUNDED;CONTINENT_DERIVED_FROM_COORDINATES	StillImage	TRUE	FALSE	TVLL	C6Q49	N	CH2	RP	477	87BWY	626NZ	NA	NA	NA	3MPP	NA	5Y2Z9	Chelonoidis niger	Chelonoidis niger vicina (Günther, 1874)	Chelonoidis vicina	NA	EML	2026-09-07 00:06:33	2026-09-07 00:01:45	NA	TRUE	NA	NA	FALSE	LATIN_AMERICA	NORTH_AMERICA	ECU	Ecuador	ECU.9_1	Galápagos	ECU.9.1_1	Isabela	ECU.9.1.2_1	Tomas De Berlanga (Santo Tomas)	NA
543673400	NA	NA	NA	CC0_1_0	2024-01-04 14:21:00	California Academy of Sciences	NA	NA	NA	http://grbio.org/institution/california-academy-sciences	http://grscicoll.org/institutional-collection/herpetology-0	NA	CAS	HERP	NA	NA	PRESERVED_SPECIMEN	NA	NA	NA	urn:catalog:CAS:HERP:8300	8300	2095	R.H. Beck	NA	NA	NA	NA	Female	Adult	NA	NA	NA	NA	NA	NA	NA	NA	PRESENT	Dry	NA	NA	NA	NA	NA	NA	Miscellaneous postcrania in skeletal collection.	NA	NA	NA	NA	NA	NA	NA	NA	NA	NA	NA	NA	NA	NA	1905-12-08	NA	342	342	1905	12	8	8 Dec 1905	NA	NA	NA	NA	NA	NA	NA	NA	NA	South Pacific Ocean; Ecuador; Galapagos Prov.; Galapagos Ids.; Pinzon Id.	SOUTH_AMERICA	South Pacific Ocean	Galapagos Ids.	Pinzon Id.	EC	Galapagos Prov.	NA	NA	NA	Duncan Island, Galapagos Arch.	NA	NA	NA	NA	NA	NA	NA	-0.613056	-90.677778	NA	NA	NA	NA	NA	NA	NA	NA	NA	NA	NA	Google Earth, 2013.	NA	NA	NA	NA	NA	NA	NA	NA	NA	NA	NA	NA	NA	NA	NA	NA	NA	NA	NA	NA	NA	NA	NA	NA	NA	NA	NA	NA	NA	NA	NA	C6Q3Z	NA	NA	NA	NA	NA	Chelonoidis duncanensis (Pritchard, 1996)	NA	NA	NA	NA	NA	NA	Animalia; Chordata; Reptilia; Testudines; Testudinidae	Animalia	Chordata	Reptilia	Testudines	Testudinoidea	Testudinidae	NA	NA	NA	Chelonoidis	Chelonoidis	NA	NA	duncanensis	NA	NA	SPECIES	NA	NA	NA	SYNONYM	NA	NA	cece4fc2-1fec-4bb5-a335-7252548e3f0b	US	2026-09-07 00:06:33	NA	NA	NA	NA	NA	COORDINATE_ROUNDED;CONTINENT_DERIVED_FROM_COORDINATES	NA	COORDINATE_ROUNDED;CONTINENT_DERIVED_FROM_COORDINATES	StillImage	TRUE	FALSE	MVBKH	C6Q3Z	N	CH2	RP	477	87BWY	626NZ	NA	NA	NA	3MPP	NA	5Y2Z9	Chelonoidis niger	Chelonoidis niger duncanensis (Pritchard, 1996)	Chelonoidis duncanensis	NA	EML	2026-09-07 00:06:33	2026-09-07 00:01:45	NA	TRUE	NA	NA	FALSE	LATIN_AMERICA	NORTH_AMERICA	ECU	Ecuador	ECU.9_1	Galápagos	ECU.9.3_1	Santa Cruz	ECU.9.3.3_1	Santa Rosa	NA
543674121	NA	NA	NA	CC0_1_0	2024-01-04 14:21:00	California Academy of Sciences	NA	NA	NA	http://grbio.org/institution/california-academy-sciences	http://grscicoll.org/institutional-collection/herpetology-0	NA	CAS	HERP	NA	NA	PRESERVED_SPECIMEN	NA	NA	NA	urn:catalog:CAS:HERP:8365	8365	G.G.	Expedition	NA	NA	NA	NA	Male	Adult	NA	NA	NA	NA	NA	NA	NA	NA	PRESENT	Dry	NA	NA	NA	NA	NA	NA	NA	NA	NA	NA	NA	NA	NA	NA	NA	NA	NA	NA	NA	NA	NA	1905-12	NA	NA	NA	1905	12	NA	Dec 1905	NA	NA	NA	NA	NA	NA	NA	NA	NA	South Pacific Ocean; Ecuador; Galapagos Prov.; Galapagos Ids.; Pinzon Id.	SOUTH_AMERICA	South Pacific Ocean	Galapagos Ids.	Pinzon Id.	EC	Galapagos Prov.	NA	NA	NA	Duncan Island, Galapagos Arch.	NA	NA	NA	NA	NA	NA	NA	-0.613056	-90.677778	NA	NA	NA	NA	NA	NA	NA	NA	NA	NA	NA	Google Earth, 2013.	NA	NA	NA	NA	NA	NA	NA	NA	NA	NA	NA	NA	NA	NA	NA	NA	NA	NA	NA	NA	NA	NA	NA	NA	NA	NA	NA	NA	NA	NA	NA	C6Q3Z	NA	NA	NA	NA	NA	Chelonoidis duncanensis (Pritchard, 1996)	NA	NA	NA	NA	NA	NA	Animalia; Chordata; Reptilia; Testudines; Testudinidae	Animalia	Chordata	Reptilia	Testudines	Testudinoidea	Testudinidae	NA	NA	NA	Chelonoidis	Chelonoidis	NA	NA	duncanensis	NA	NA	SPECIES	NA	NA	NA	SYNONYM	NA	NA	cece4fc2-1fec-4bb5-a335-7252548e3f0b	US	2026-09-07 00:06:33	NA	NA	NA	NA	NA	COORDINATE_ROUNDED;CONTINENT_DERIVED_FROM_COORDINATES	NA	COORDINATE_ROUNDED;CONTINENT_DERIVED_FROM_COORDINATES	StillImage	TRUE	FALSE	MVBKH	C6Q3Z	N	CH2	RP	477	87BWY	626NZ	NA	NA	NA	3MPP	NA	5Y2Z9	Chelonoidis niger	Chelonoidis niger duncanensis (Pritchard, 1996)	Chelonoidis duncanensis	NA	EML	2026-09-07 00:06:33	2026-09-07 00:01:45	NA	TRUE	NA	NA	FALSE	LATIN_AMERICA	NORTH_AMERICA	ECU	Ecuador	ECU.9_1	Galápagos	ECU.9.3_1	Santa Cruz	ECU.9.3.3_1	Santa Rosa	NA
543673276	NA	NA	NA	CC0_1_0	2024-01-04 14:21:00	California Academy of Sciences	NA	NA	NA	http://grbio.org/institution/california-academy-sciences	http://grscicoll.org/institutional-collection/herpetology-0	NA	CAS	HERP	NA	NA	PRESERVED_SPECIMEN	NA	NA	NA	urn:catalog:CAS:HERP:8289	8289	2061a	R.H. Beck	NA	NA	NA	NA	Male	Adult	NA	NA	NA	NA	NA	NA	NA	NA	PRESENT	Dry	NA	NA	NA	NA	NA	NA	Skull.	NA	NA	NA	NA	NA	NA	NA	NA	NA	NA	NA	NA	NA	NA	1905-11-13	NA	317	317	1905	11	13	13 Nov 1905	NA	NA	NA	NA	NA	NA	NA	NA	NA	South Pacific Ocean; Ecuador; Galapagos Prov.; Galapagos Ids.; Santa Cruz Id.	SOUTH_AMERICA	South Pacific Ocean	Galapagos Ids.	Santa Cruz Id.	EC	Galapagos Prov.	NA	NA	NA	Indefatigable Isl., Galapagos Arch.	NA	NA	NA	NA	NA	NA	NA	-0.726389	-90.327639	NA	NA	NA	NA	NA	NA	NA	NA	NA	NA	NA	Google Earth, 2013.	NA	NA	NA	NA	NA	NA	NA	NA	NA	NA	NA	NA	NA	NA	NA	NA	NA	NA	NA	NA	NA	NA	NA	NA	NA	NA	NA	NA	NA	NA	NA	C6Q47	NA	NA	NA	NA	NA	Chelonoidis porteri (Rothschild, 1903)	NA	NA	NA	NA	NA	NA	Animalia; Chordata; Reptilia; Testudines; Testudinidae	Animalia	Chordata	Reptilia	Testudines	Testudinoidea	Testudinidae	NA	NA	NA	Chelonoidis	Chelonoidis	NA	NA	porteri	NA	NA	SPECIES	NA	NA	NA	SYNONYM	NA	NA	cece4fc2-1fec-4bb5-a335-7252548e3f0b	US	2026-09-07 00:06:33	NA	NA	NA	NA	NA	COORDINATE_ROUNDED;CONTINENT_DERIVED_FROM_COORDINATES	NA	COORDINATE_ROUNDED;CONTINENT_DERIVED_FROM_COORDINATES	StillImage	TRUE	FALSE	TVLK	C6Q47	N	CH2	RP	477	87BWY	626NZ	NA	NA	NA	3MPP	NA	5Y2Z9	Chelonoidis niger	Chelonoidis niger porteri (Rothschild, 1903)	Chelonoidis porteri	NA	EML	2026-09-07 00:06:33	2026-09-07 00:01:45	NA	TRUE	NA	NA	FALSE	LATIN_AMERICA	NORTH_AMERICA	ECU	Ecuador	ECU.9_1	Galápagos	ECU.9.3_1	Santa Cruz	ECU.9.3.1_1	Bellavista	NA
543671200	NA	NA	NA	CC0_1_0	2024-01-04 14:21:00	California Academy of Sciences	NA	NA	NA	http://grbio.org/institution/california-academy-sciences	http://grscicoll.org/institutional-collection/herpetology-0	NA	CAS	HERP	NA	NA	PRESERVED_SPECIMEN	NA	NA	NA	urn:catalog:CAS:HERP:8102	8102	NA	R.H. Beck	NA	NA	NA	NA	NA	NA	NA	NA	NA	NA	NA	NA	NA	NA	PRESENT	Dry	NA	NA	NA	NA	NA	NA	Miscellaneous postcrania with carapace in skeletal collection.	NA	NA	NA	NA	NA	NA	NA	NA	NA	NA	NA	NA	NA	NA	1905-12-28	NA	362	362	1905	12	28	28 Dec 1905	NA	NA	NA	NA	NA	NA	NA	NA	NA	South Pacific Ocean; Ecuador; Galapagos Prov.; Galapagos Ids.; San Salvador Id.	SOUTH_AMERICA	South Pacific Ocean	Galapagos Ids.	San Salvador Id.	EC	Galapagos Prov.	NA	NA	NA	James Isl. Galapagos Archipelago	NA	NA	NA	NA	NA	NA	NA	-0.243228	-90.855975	NA	NA	NA	NA	NA	NA	NA	NA	NA	NA	NA	Google Earth, 2013.	NA	NA	NA	NA	NA	NA	NA	NA	NA	NA	NA	NA	NA	NA	NA	NA	NA	NA	NA	NA	NA	NA	NA	NA	NA	NA	NA	NA	NA	NA	NA	C6Q3X	NA	NA	NA	NA	NA	Chelonoidis darwini (Van Denburgh, 1907)	NA	NA	NA	NA	NA	NA	Animalia; Chordata; Reptilia; Testudines; Testudinidae	Animalia	Chordata	Reptilia	Testudines	Testudinoidea	Testudinidae	NA	NA	NA	Chelonoidis	Chelonoidis	NA	NA	darwini	NA	NA	SPECIES	NA	NA	NA	SYNONYM	NA	NA	cece4fc2-1fec-4bb5-a335-7252548e3f0b	US	2026-09-07 00:06:33	NA	NA	NA	NA	NA	COORDINATE_ROUNDED;CONTINENT_DERIVED_FROM_COORDINATES	NA	COORDINATE_ROUNDED;CONTINENT_DERIVED_FROM_COORDINATES	StillImage	TRUE	FALSE	TVL7	C6Q3X	N	CH2	RP	477	87BWY	626NZ	NA	NA	NA	3MPP	NA	5Y2Z9	Chelonoidis niger	Chelonoidis niger darwini (Van Denburgh, 1907)	Chelonoidis darwini	NA	EML	2026-09-07 00:06:33	2026-09-07 00:01:45	NA	TRUE	NA	NA	FALSE	LATIN_AMERICA	NORTH_AMERICA	ECU	Ecuador	ECU.9_1	Galápagos	ECU.9.3_1	Santa Cruz	ECU.9.3.1_1	Bellavista	NA
543673188	NA	NA	NA	CC0_1_0	2024-01-04 14:21:00	California Academy of Sciences	NA	NA	NA	http://grbio.org/institution/california-academy-sciences	http://grscicoll.org/institutional-collection/herpetology-0	NA	CAS	HERP	NA	NA	PRESERVED_SPECIMEN	NA	NA	NA	urn:catalog:CAS:HERP:8281	8281	2071	R.H. Beck	NA	NA	NA	NA	Male	Adult	NA	NA	NA	NA	NA	NA	NA	NA	PRESENT	Dry	NA	NA	NA	NA	NA	NA	NA	NA	NA	NA	NA	NA	NA	NA	NA	NA	NA	NA	NA	NA	NA	1905-11-14	NA	318	318	1905	11	14	14 Nov 1905	NA	NA	NA	NA	NA	NA	NA	NA	NA	South Pacific Ocean; Ecuador; Galapagos Prov.; Galapagos Ids.; Santa Cruz Id.	SOUTH_AMERICA	South Pacific Ocean	Galapagos Ids.	Santa Cruz Id.	EC	Galapagos Prov.	NA	NA	vicinity of Academy Bay	Indefatigable Isl., Galapagos Arch.  Vic. Academy Bay.	NA	NA	NA	NA	NA	NA	NA	-0.726389	-90.327639	NA	NA	NA	NA	NA	NA	NA	NA	NA	NA	NA	Google Earth, 2013.	NA	NA	NA	NA	NA	NA	NA	NA	NA	NA	NA	NA	NA	NA	NA	NA	NA	NA	NA	NA	NA	NA	NA	NA	NA	NA	NA	NA	NA	NA	NA	C6Q47	NA	NA	NA	NA	NA	Chelonoidis porteri (Rothschild, 1903)	NA	NA	NA	NA	NA	NA	Animalia; Chordata; Reptilia; Testudines; Testudinidae	Animalia	Chordata	Reptilia	Testudines	Testudinoidea	Testudinidae	NA	NA	NA	Chelonoidis	Chelonoidis	NA	NA	porteri	NA	NA	SPECIES	NA	NA	NA	SYNONYM	NA	NA	cece4fc2-1fec-4bb5-a335-7252548e3f0b	US	2026-09-07 00:06:33	NA	NA	NA	NA	NA	COORDINATE_ROUNDED;CONTINENT_DERIVED_FROM_COORDINATES	NA	COORDINATE_ROUNDED;CONTINENT_DERIVED_FROM_COORDINATES	StillImage	TRUE	FALSE	TVLK	C6Q47	N	CH2	RP	477	87BWY	626NZ	NA	NA	NA	3MPP	NA	5Y2Z9	Chelonoidis niger	Chelonoidis niger porteri (Rothschild, 1903)	Chelonoidis porteri	NA	EML	2026-09-07 00:06:33	2026-09-07 00:01:45	NA	TRUE	NA	NA	FALSE	LATIN_AMERICA	NORTH_AMERICA	ECU	Ecuador	ECU.9_1	Galápagos	ECU.9.3_1	Santa Cruz	ECU.9.3.1_1	Bellavista	NA
543674265	NA	NA	NA	CC0_1_0	2024-01-04 14:21:00	California Academy of Sciences	NA	NA	NA	http://grbio.org/institution/california-academy-sciences	http://grscicoll.org/institutional-collection/herpetology-0	NA	CAS	HERP	NA	NA	PRESERVED_SPECIMEN	NA	NA	NA	urn:catalog:CAS:HERP:8378	8378	NA	R.H. Beck	NA	NA	NA	NA	NA	NA	NA	NA	NA	NA	NA	NA	NA	NA	PRESENT	Dry	NA	NA	NA	NA	NA	NA	Skull.	NA	NA	NA	NA	NA	NA	NA	NA	NA	NA	NA	NA	NA	NA	1905-12-13	NA	347	347	1905	12	13	13 Dec 1905	NA	NA	NA	NA	NA	NA	NA	NA	NA	South Pacific Ocean; Ecuador; Galapagos Prov.; Galapagos Ids.; Pinzon Id.	SOUTH_AMERICA	South Pacific Ocean	Galapagos Ids.	Pinzon Id.	EC	Galapagos Prov.	NA	NA	NA	Duncan Island, Galapagos Arch.	NA	NA	NA	NA	NA	NA	NA	-0.613056	-90.677778	NA	NA	NA	NA	NA	NA	NA	NA	NA	NA	NA	Google Earth, 2013.	NA	NA	NA	NA	NA	NA	NA	NA	NA	NA	NA	NA	NA	NA	NA	NA	NA	NA	NA	NA	NA	NA	NA	NA	NA	NA	NA	NA	NA	NA	NA	C6Q3Z	NA	NA	NA	NA	NA	Chelonoidis duncanensis (Pritchard, 1996)	NA	NA	NA	NA	NA	NA	Animalia; Chordata; Reptilia; Testudines; Testudinidae	Animalia	Chordata	Reptilia	Testudines	Testudinoidea	Testudinidae	NA	NA	NA	Chelonoidis	Chelonoidis	NA	NA	duncanensis	NA	NA	SPECIES	NA	NA	NA	SYNONYM	NA	NA	cece4fc2-1fec-4bb5-a335-7252548e3f0b	US	2026-09-07 00:06:38	NA	NA	NA	NA	NA	COORDINATE_ROUNDED;CONTINENT_DERIVED_FROM_COORDINATES	NA	COORDINATE_ROUNDED;CONTINENT_DERIVED_FROM_COORDINATES	StillImage	TRUE	FALSE	MVBKH	C6Q3Z	N	CH2	RP	477	87BWY	626NZ	NA	NA	NA	3MPP	NA	5Y2Z9	Chelonoidis niger	Chelonoidis niger duncanensis (Pritchard, 1996)	Chelonoidis duncanensis	NA	EML	2026-09-07 00:06:38	2026-09-07 00:01:45	NA	TRUE	NA	NA	FALSE	LATIN_AMERICA	NORTH_AMERICA	ECU	Ecuador	ECU.9_1	Galápagos	ECU.9.3_1	Santa Cruz	ECU.9.3.3_1	Santa Rosa	NA
543471239	NA	NA	NA	CC0_1_0	2024-01-04 14:21:00	California Academy of Sciences	NA	NA	NA	http://grbio.org/institution/california-academy-sciences	http://grscicoll.org/institutional-collection/herpetology-0	NA	CAS	HERP	NA	NA	PRESERVED_SPECIMEN	NA	NA	NA	urn:catalog:CAS:HERP:12708	12708	NA	F.T. Nelson and W.H. Ochsner	NA	NA	NA	NA	Female	NA	NA	NA	NA	NA	NA	NA	NA	NA	PRESENT	Dry	NA	NA	NA	NA	NA	NA	Skull only.	NA	NA	NA	NA	NA	NA	NA	NA	NA	NA	NA	NA	NA	NA	1905-11-25	NA	329	329	1905	11	25	25 Nov 1905	Lagoon.	NA	NA	NA	NA	NA	NA	NA	NA	South Pacific Ocean; Ecuador; Galapagos Prov.; Galapagos Ids.; Santa Cruz Id.	SOUTH_AMERICA	South Pacific Ocean	Galapagos Ids.	Santa Cruz Id.	EC	Galapagos Prov.	NA	NA	opposite Daphne Id.	North Indefatigable Island, Galapagos Arch. Lagoon. Opposite Daphne Island.	NA	NA	NA	NA	NA	NA	NA	-0.501667	-90.3275	NA	NA	NA	NA	NA	NA	NA	NA	NA	NA	NA	Google Earth, 2013.	NA	NA	NA	NA	NA	NA	NA	NA	NA	NA	NA	NA	NA	NA	NA	NA	NA	NA	NA	NA	NA	NA	NA	NA	NA	NA	NA	NA	NA	NA	NA	TVGD	NA	NA	NA	NA	NA	Chelonia mydas (Linnaeus, 1758)	NA	NA	NA	NA	NA	NA	Animalia; Chordata; Reptilia; Testudines; Cheloniidae	Animalia	Chordata	Reptilia	Testudines	Chelonioidea	Cheloniidae	NA	NA	NA	Chelonia	Chelonia	NA	NA	mydas	NA	NA	SPECIES	NA	NA	NA	ACCEPTED	NA	NA	cece4fc2-1fec-4bb5-a335-7252548e3f0b	US	2026-09-07 00:06:37	NA	NA	NA	NA	NA	COORDINATE_ROUNDED;CONTINENT_DERIVED_FROM_COORDINATES	NA	COORDINATE_ROUNDED;CONTINENT_DERIVED_FROM_COORDINATES	StillImage	TRUE	FALSE	TVGD	TVGD	N	CH2	RP	477	87BWH	83J	NA	NA	NA	3MPC	NA	TVGD	Chelonia mydas	Chelonia mydas (Linnaeus, 1758)	Chelonia mydas	NA	EML	2026-09-07 00:06:37	2026-09-07 00:01:45	NA	TRUE	NA	NA	FALSE	LATIN_AMERICA	NORTH_AMERICA	NA	NA	NA	NA	NA	NA	NA	NA	LC
543674299	NA	NA	NA	CC0_1_0	2024-01-04 14:21:00	California Academy of Sciences	NA	NA	NA	http://grbio.org/institution/california-academy-sciences	http://grscicoll.org/institutional-collection/herpetology-0	NA	CAS	HERP	NA	NA	PRESERVED_SPECIMEN	NA	NA	NA	urn:catalog:CAS:HERP:8381	8381	NA	R.H. Beck	NA	NA	NA	NA	NA	NA	NA	NA	NA	NA	NA	NA	NA	NA	PRESENT	Dry	NA	NA	NA	NA	NA	NA	NA	NA	NA	NA	NA	NA	NA	NA	NA	NA	NA	NA	NA	NA	NA	1905-10-25	NA	298	298	1905	10	25	25 Oct 1905	NA	NA	NA	NA	NA	NA	NA	NA	NA	South Pacific Ocean; Ecuador; Galapagos Prov.; Galapagos Ids.; Santa Cruz Id.	SOUTH_AMERICA	South Pacific Ocean	Galapagos Ids.	Santa Cruz Id.	EC	Galapagos Prov.	NA	NA	NA	Indefatigable Island, Galapagos Arch.	NA	NA	NA	NA	NA	NA	NA	-0.726389	-90.327639	NA	NA	NA	NA	NA	NA	NA	NA	NA	NA	NA	Google Earth, 2013.	NA	NA	NA	NA	NA	NA	NA	NA	NA	NA	NA	NA	NA	NA	NA	NA	NA	NA	NA	NA	NA	NA	NA	NA	NA	NA	NA	NA	NA	NA	NA	C6Q47	NA	NA	NA	NA	NA	Chelonoidis porteri (Rothschild, 1903)	NA	NA	NA	NA	NA	NA	Animalia; Chordata; Reptilia; Testudines; Testudinidae	Animalia	Chordata	Reptilia	Testudines	Testudinoidea	Testudinidae	NA	NA	NA	Chelonoidis	Chelonoidis	NA	NA	porteri	NA	NA	SPECIES	NA	NA	NA	SYNONYM	NA	NA	cece4fc2-1fec-4bb5-a335-7252548e3f0b	US	2026-09-07 00:06:40	NA	NA	NA	NA	NA	COORDINATE_ROUNDED;CONTINENT_DERIVED_FROM_COORDINATES	NA	COORDINATE_ROUNDED;CONTINENT_DERIVED_FROM_COORDINATES	StillImage	TRUE	FALSE	TVLK	C6Q47	N	CH2	RP	477	87BWY	626NZ	NA	NA	NA	3MPP	NA	5Y2Z9	Chelonoidis niger	Chelonoidis niger porteri (Rothschild, 1903)	Chelonoidis porteri	NA	EML	2026-09-07 00:06:40	2026-09-07 00:01:45	NA	TRUE	NA	NA	FALSE	LATIN_AMERICA	NORTH_AMERICA	ECU	Ecuador	ECU.9_1	Galápagos	ECU.9.3_1	Santa Cruz	ECU.9.3.1_1	Bellavista	NA
543673899	NA	NA	NA	CC0_1_0	2024-01-04 14:21:00	California Academy of Sciences	NA	NA	NA	http://grbio.org/institution/california-academy-sciences	http://grscicoll.org/institutional-collection/herpetology-0	NA	CAS	HERP	NA	NA	PRESERVED_SPECIMEN	NA	NA	NA	urn:catalog:CAS:HERP:8345	8345	2162	R.H. Beck	NA	NA	NA	NA	Female	Adult	NA	NA	NA	NA	NA	NA	NA	NA	PRESENT	Dry	NA	NA	NA	NA	NA	NA	NA	NA	NA	NA	NA	NA	NA	NA	NA	NA	NA	NA	NA	NA	NA	1905-12-01	NA	335	335	1905	12	1	1-17 Dec 1905	NA	NA	NA	NA	NA	NA	NA	NA	NA	South Pacific Ocean; Ecuador; Galapagos Prov.; Galapagos Ids.; Pinzon Id.	SOUTH_AMERICA	South Pacific Ocean	Galapagos Ids.	Pinzon Id.	EC	Galapagos Prov.	NA	NA	NA	Duncan Island, Galapagos Arch.	NA	NA	NA	NA	NA	NA	NA	-0.613056	-90.677778	NA	NA	NA	NA	NA	NA	NA	NA	NA	NA	NA	Google Earth, 2013.	NA	NA	NA	NA	NA	NA	NA	NA	NA	NA	NA	NA	NA	NA	NA	NA	NA	NA	NA	NA	NA	NA	NA	NA	NA	NA	NA	NA	NA	NA	NA	C6Q3Z	NA	NA	NA	NA	NA	Chelonoidis duncanensis (Pritchard, 1996)	NA	NA	NA	NA	NA	NA	Animalia; Chordata; Reptilia; Testudines; Testudinidae	Animalia	Chordata	Reptilia	Testudines	Testudinoidea	Testudinidae	NA	NA	NA	Chelonoidis	Chelonoidis	NA	NA	duncanensis	NA	NA	SPECIES	NA	NA	NA	SYNONYM	NA	NA	cece4fc2-1fec-4bb5-a335-7252548e3f0b	US	2026-09-07 00:06:41	NA	NA	NA	NA	NA	COORDINATE_ROUNDED;CONTINENT_DERIVED_FROM_COORDINATES	NA	COORDINATE_ROUNDED;CONTINENT_DERIVED_FROM_COORDINATES	StillImage	TRUE	FALSE	MVBKH	C6Q3Z	N	CH2	RP	477	87BWY	626NZ	NA	NA	NA	3MPP	NA	5Y2Z9	Chelonoidis niger	Chelonoidis niger duncanensis (Pritchard, 1996)	Chelonoidis duncanensis	NA	EML	2026-09-07 00:06:41	2026-09-07 00:01:45	NA	TRUE	NA	NA	FALSE	LATIN_AMERICA	NORTH_AMERICA	ECU	Ecuador	ECU.9_1	Galápagos	ECU.9.3_1	Santa Cruz	ECU.9.3.3_1	Santa Rosa	NA
543673376	NA	NA	NA	CC0_1_0	2024-01-04 14:21:00	California Academy of Sciences	NA	NA	NA	http://grbio.org/institution/california-academy-sciences	http://grscicoll.org/institutional-collection/herpetology-0	NA	CAS	HERP	NA	NA	PRESERVED_SPECIMEN	NA	NA	NA	urn:catalog:CAS:HERP:8298	8298	2094	R.H. Beck	NA	NA	NA	NA	Female	Adult	NA	NA	NA	NA	NA	NA	NA	NA	PRESENT	Dry	NA	NA	NA	NA	NA	NA	Miscellaneous postcrania in skeletal collection.	NA	NA	NA	NA	NA	NA	NA	NA	NA	NA	NA	NA	NA	NA	1905-12-07	NA	341	341	1905	12	7	7 Dec 1905	NA	NA	NA	NA	NA	NA	NA	NA	NA	South Pacific Ocean; Ecuador; Galapagos Prov.; Galapagos Ids.; Pinzon Id.	SOUTH_AMERICA	South Pacific Ocean	Galapagos Ids.	Pinzon Id.	EC	Galapagos Prov.	NA	NA	NA	Duncan Island, Galapagos Arch.	NA	NA	NA	NA	NA	NA	NA	-0.613056	-90.677778	NA	NA	NA	NA	NA	NA	NA	NA	NA	NA	NA	Google Earth, 2013.	NA	NA	NA	NA	NA	NA	NA	NA	NA	NA	NA	NA	NA	NA	NA	NA	NA	NA	NA	NA	NA	NA	NA	NA	NA	NA	NA	NA	NA	NA	NA	C6Q3Z	NA	NA	NA	NA	NA	Chelonoidis duncanensis (Pritchard, 1996)	NA	NA	NA	NA	NA	NA	Animalia; Chordata; Reptilia; Testudines; Testudinidae	Animalia	Chordata	Reptilia	Testudines	Testudinoidea	Testudinidae	NA	NA	NA	Chelonoidis	Chelonoidis	NA	NA	duncanensis	NA	NA	SPECIES	NA	NA	NA	SYNONYM	NA	NA	cece4fc2-1fec-4bb5-a335-7252548e3f0b	US	2026-09-07 00:06:38	NA	NA	NA	NA	NA	COORDINATE_ROUNDED;CONTINENT_DERIVED_FROM_COORDINATES	NA	COORDINATE_ROUNDED;CONTINENT_DERIVED_FROM_COORDINATES	StillImage	TRUE	FALSE	MVBKH	C6Q3Z	N	CH2	RP	477	87BWY	626NZ	NA	NA	NA	3MPP	NA	5Y2Z9	Chelonoidis niger	Chelonoidis niger duncanensis (Pritchard, 1996)	Chelonoidis duncanensis	NA	EML	2026-09-07 00:06:38	2026-09-07 00:01:45	NA	TRUE	NA	NA	FALSE	LATIN_AMERICA	NORTH_AMERICA	ECU	Ecuador	ECU.9_1	Galápagos	ECU.9.3_1	Santa Cruz	ECU.9.3.3_1	Santa Rosa	NA
543674832	NA	NA	NA	CC0_1_0	2024-01-04 14:21:00	California Academy of Sciences	NA	NA	NA	http://grbio.org/institution/california-academy-sciences	http://grscicoll.org/institutional-collection/herpetology-0	NA	CAS	HERP	NA	NA	PRESERVED_SPECIMEN	NA	NA	NA	urn:catalog:CAS:HERP:8429	8429	NA	NA	NA	NA	NA	NA	NA	Egg	NA	NA	NA	NA	NA	NA	NA	NA	PRESENT	Dry	NA	NA	NA	NA	NA	NA	Two eggs.	NA	NA	NA	NA	NA	NA	NA	NA	NA	NA	NA	NA	NA	NA	1905-10	NA	NA	NA	1905	10	NA	Oct 1905	NA	NA	NA	NA	NA	NA	NA	NA	NA	South Pacific Ocean; Ecuador; Galapagos Prov.; Galapagos Ids.; Isabela Id.	SOUTH_AMERICA	South Pacific Ocean	Galapagos Ids.	Isabela Id.	EC	Galapagos Prov.	NA	NA	SE Isabela Id.	S.E. Albemarle Island, Galapagos Arch.	NA	NA	NA	NA	NA	NA	NA	-0.911944	-91.123611	9656.08	NA	NA	NA	NA	NA	NA	NA	NA	NA	NA	Google Earth, 2013.	NA	NA	NA	NA	NA	NA	NA	NA	NA	NA	NA	NA	NA	NA	NA	NA	NA	NA	NA	NA	NA	NA	NA	NA	NA	NA	NA	NA	NA	NA	NA	C6Q49	NA	NA	NA	NA	NA	Chelonoidis vicina (Günther, 1875)	NA	NA	NA	NA	NA	NA	Animalia; Chordata; Reptilia; Testudines; Testudinidae	Animalia	Chordata	Reptilia	Testudines	Testudinoidea	Testudinidae	NA	NA	NA	Chelonoidis	Chelonoidis	NA	NA	vicina	NA	NA	SPECIES	NA	NA	NA	SYNONYM	NA	NA	cece4fc2-1fec-4bb5-a335-7252548e3f0b	US	2026-09-07 00:06:38	NA	NA	NA	NA	NA	COORDINATE_ROUNDED;CONTINENT_DERIVED_FROM_COORDINATES	NA	COORDINATE_ROUNDED;CONTINENT_DERIVED_FROM_COORDINATES	StillImage	TRUE	FALSE	TVLL	C6Q49	N	CH2	RP	477	87BWY	626NZ	NA	NA	NA	3MPP	NA	5Y2Z9	Chelonoidis niger	Chelonoidis niger vicina (Günther, 1874)	Chelonoidis vicina	NA	EML	2026-09-07 00:06:38	2026-09-07 00:01:45	NA	TRUE	NA	NA	FALSE	LATIN_AMERICA	NORTH_AMERICA	ECU	Ecuador	ECU.9_1	Galápagos	ECU.9.1_1	Isabela	ECU.9.1.2_1	Tomas De Berlanga (Santo Tomas)	NA
543675288	NA	NA	NA	CC0_1_0	2024-01-04 14:21:00	California Academy of Sciences	NA	NA	NA	http://grbio.org/institution/california-academy-sciences	http://grscicoll.org/institutional-collection/herpetology-0	NA	CAS	HERP	NA	NA	PRESERVED_SPECIMEN	NA	NA	NA	urn:catalog:CAS:HERP:8470	8470	2222	R.H. Beck	NA	NA	NA	NA	Female	Adult	NA	NA	NA	NA	NA	NA	NA	NA	PRESENT	Dry	NA	NA	NA	NA	NA	NA	Killed 23 Dec 1905. Mandible and misc. postcrania in skeletal collection.	NA	NA	NA	NA	NA	NA	NA	NA	NA	NA	NA	NA	NA	NA	1905-12-22	NA	356	356	1905	12	22	22 Dec 1905	On the beach.	NA	NA	NA	NA	NA	NA	NA	NA	South Pacific Ocean; Ecuador; Galapagos Prov.; Galapagos Ids.; San Salvador Id.	SOUTH_AMERICA	South Pacific Ocean	Galapagos Ids.	San Salvador Id.	EC	Galapagos Prov.	NA	NA	James Bay	James Bay, James Isl. Galapagos Arch. On the beach.	NA	NA	NA	NA	NA	NA	NA	-0.242778	-90.857778	NA	NA	NA	NA	NA	NA	NA	NA	NA	NA	NA	Google Earth, 2013.	NA	NA	NA	NA	NA	NA	NA	NA	NA	NA	NA	NA	NA	NA	NA	NA	NA	NA	NA	NA	NA	NA	NA	NA	NA	NA	NA	NA	NA	NA	NA	TVGD	NA	NA	NA	NA	NA	Chelonia mydas (Linnaeus, 1758)	NA	NA	NA	NA	NA	NA	Animalia; Chordata; Reptilia; Testudines; Cheloniidae	Animalia	Chordata	Reptilia	Testudines	Chelonioidea	Cheloniidae	NA	NA	NA	Chelonia	Chelonia	NA	NA	mydas	NA	NA	SPECIES	NA	NA	NA	ACCEPTED	NA	NA	cece4fc2-1fec-4bb5-a335-7252548e3f0b	US	2026-09-07 00:06:38	NA	NA	NA	NA	NA	COORDINATE_ROUNDED;CONTINENT_DERIVED_FROM_COORDINATES	NA	COORDINATE_ROUNDED;CONTINENT_DERIVED_FROM_COORDINATES	StillImage	TRUE	FALSE	TVGD	TVGD	N	CH2	RP	477	87BWH	83J	NA	NA	NA	3MPC	NA	TVGD	Chelonia mydas	Chelonia mydas (Linnaeus, 1758)	Chelonia mydas	NA	EML	2026-09-07 00:06:38	2026-09-07 00:01:45	NA	TRUE	NA	NA	FALSE	LATIN_AMERICA	NORTH_AMERICA	NA	NA	NA	NA	NA	NA	NA	NA	LC
543673121	NA	NA	NA	CC0_1_0	2024-01-04 14:21:00	California Academy of Sciences	NA	NA	NA	http://grbio.org/institution/california-academy-sciences	http://grscicoll.org/institutional-collection/herpetology-0	NA	CAS	HERP	NA	NA	PRESERVED_SPECIMEN	NA	NA	NA	urn:catalog:CAS:HERP:8275	8275	1861	R.H. Beck, J.R. Slevin and F.X. Williams	NA	NA	NA	NA	Male	Adult	NA	NA	NA	NA	NA	NA	NA	NA	PRESENT	Dry	NA	NA	NA	NA	NA	NA	Plastron and carapace and miscellaneous postcrania.	NA	NA	NA	NA	NA	NA	NA	NA	NA	NA	NA	NA	NA	NA	1905-10-25	NA	298	298	1905	10	25	25 Oct 1905	NA	NA	NA	NA	NA	NA	NA	NA	NA	South Pacific Ocean; Ecuador; Galapagos Prov.; Galapagos Ids.; Santa Cruz Id.	SOUTH_AMERICA	South Pacific Ocean	Galapagos Ids.	Santa Cruz Id.	EC	Galapagos Prov.	NA	NA	vicinity of Puerta de la Aguada	Indefatigable Isl., Galapagos Arch.  Vic. Puerta de la Aguada.	NA	NA	NA	NA	NA	NA	NA	-0.726389	-90.327639	NA	NA	NA	NA	NA	NA	NA	NA	NA	NA	NA	Google Earth, 2013.	NA	NA	NA	NA	NA	NA	NA	NA	NA	NA	NA	NA	NA	NA	NA	NA	NA	NA	NA	NA	NA	NA	NA	NA	NA	NA	NA	NA	NA	NA	NA	C6Q47	NA	NA	NA	NA	NA	Chelonoidis porteri (Rothschild, 1903)	NA	NA	NA	NA	NA	NA	Animalia; Chordata; Reptilia; Testudines; Testudinidae	Animalia	Chordata	Reptilia	Testudines	Testudinoidea	Testudinidae	NA	NA	NA	Chelonoidis	Chelonoidis	NA	NA	porteri	NA	NA	SPECIES	NA	NA	NA	SYNONYM	NA	NA	cece4fc2-1fec-4bb5-a335-7252548e3f0b	US	2026-09-07 00:06:33	NA	NA	NA	NA	NA	COORDINATE_ROUNDED;CONTINENT_DERIVED_FROM_COORDINATES	NA	COORDINATE_ROUNDED;CONTINENT_DERIVED_FROM_COORDINATES	StillImage	TRUE	FALSE	TVLK	C6Q47	N	CH2	RP	477	87BWY	626NZ	NA	NA	NA	3MPP	NA	5Y2Z9	Chelonoidis niger	Chelonoidis niger porteri (Rothschild, 1903)	Chelonoidis porteri	NA	EML	2026-09-07 00:06:33	2026-09-07 00:01:45	NA	TRUE	NA	NA	FALSE	LATIN_AMERICA	NORTH_AMERICA	ECU	Ecuador	ECU.9_1	Galápagos	ECU.9.3_1	Santa Cruz	ECU.9.3.1_1	Bellavista	NA
543673544	NA	NA	NA	CC0_1_0	2024-01-04 14:21:00	California Academy of Sciences	NA	NA	NA	http://grbio.org/institution/california-academy-sciences	http://grscicoll.org/institutional-collection/herpetology-0	NA	CAS	HERP	NA	NA	PRESERVED_SPECIMEN	NA	NA	NA	urn:catalog:CAS:HERP:8313	8313	3744	J.R. Slevin	NA	NA	NA	NA	Male	Adult	NA	NA	NA	NA	NA	NA	NA	NA	PRESENT	Dry	NA	NA	NA	NA	NA	NA	Died on board 11 Jul 1906.  Skull.	NA	NA	NA	NA	NA	NA	NA	NA	NA	NA	NA	NA	NA	NA	1905-12-01	NA	335	335	1905	12	1	1-17 Dec 1905	NA	NA	NA	NA	NA	NA	NA	NA	NA	South Pacific Ocean; Ecuador; Galapagos Prov.; Galapagos Ids.; Pinzon Id.	SOUTH_AMERICA	South Pacific Ocean	Galapagos Ids.	Pinzon Id.	EC	Galapagos Prov.	NA	NA	NA	Duncan Island, Galapagos Arch.	NA	NA	NA	NA	NA	NA	NA	-0.613056	-90.677778	NA	NA	NA	NA	NA	NA	NA	NA	NA	NA	NA	Google Earth, 2013.	NA	NA	NA	NA	NA	NA	NA	NA	NA	NA	NA	NA	NA	NA	NA	NA	NA	NA	NA	NA	NA	NA	NA	NA	NA	NA	NA	NA	NA	NA	NA	C6Q3Z	NA	NA	NA	NA	NA	Chelonoidis duncanensis (Pritchard, 1996)	NA	NA	NA	NA	NA	NA	Animalia; Chordata; Reptilia; Testudines; Testudinidae	Animalia	Chordata	Reptilia	Testudines	Testudinoidea	Testudinidae	NA	NA	NA	Chelonoidis	Chelonoidis	NA	NA	duncanensis	NA	NA	SPECIES	NA	NA	NA	SYNONYM	NA	NA	cece4fc2-1fec-4bb5-a335-7252548e3f0b	US	2026-09-07 00:06:33	NA	NA	NA	NA	NA	COORDINATE_ROUNDED;CONTINENT_DERIVED_FROM_COORDINATES	NA	COORDINATE_ROUNDED;CONTINENT_DERIVED_FROM_COORDINATES	StillImage	TRUE	FALSE	MVBKH	C6Q3Z	N	CH2	RP	477	87BWY	626NZ	NA	NA	NA	3MPP	NA	5Y2Z9	Chelonoidis niger	Chelonoidis niger duncanensis (Pritchard, 1996)	Chelonoidis duncanensis	NA	EML	2026-09-07 00:06:33	2026-09-07 00:01:45	NA	TRUE	NA	NA	FALSE	LATIN_AMERICA	NORTH_AMERICA	ECU	Ecuador	ECU.9_1	Galápagos	ECU.9.3_1	Santa Cruz	ECU.9.3.3_1	Santa Rosa	NA
543675699	NA	NA	NA	CC0_1_0	2024-01-04 14:21:00	California Academy of Sciences	NA	NA	NA	http://grbio.org/institution/california-academy-sciences	http://grscicoll.org/institutional-collection/herpetology-0	NA	CAS	HERP	NA	NA	PRESERVED_SPECIMEN	NA	NA	NA	urn:catalog:CAS:HERP:8507	8507	2607?	J.R. Slevin	NA	NA	NA	NA	Female	Adult	NA	NA	NA	NA	NA	NA	NA	NA	PRESENT	Dry	NA	NA	NA	NA	NA	NA	Killed 7 Feb 1906.  Miscellaneous postcrania in skeletal collection.	NA	NA	NA	NA	NA	NA	NA	NA	NA	NA	NA	NA	NA	NA	1905-02-05	NA	36	36	1905	2	5	5 Feb 1905	NA	NA	NA	NA	NA	NA	NA	NA	NA	South Pacific Ocean; Ecuador; Galapagos Prov.; Galapagos Ids.; Espanola Id.	SOUTH_AMERICA	South Pacific Ocean	Galapagos Ids.	Espanola Id.	EC	Galapagos Prov.	NA	NA	NA	Hood Isl. Galapagos Arch.	NA	NA	NA	NA	NA	NA	NA	-1.354167	-89.659861	NA	NA	NA	NA	NA	NA	NA	NA	NA	NA	NA	Google Earth, 2013.	NA	NA	NA	NA	NA	NA	NA	NA	NA	NA	NA	NA	NA	NA	NA	NA	NA	NA	NA	NA	NA	NA	NA	NA	NA	NA	NA	NA	NA	NA	NA	TVGD	NA	NA	NA	NA	NA	Chelonia mydas (Linnaeus, 1758)	NA	NA	NA	NA	NA	NA	Animalia; Chordata; Reptilia; Testudines; Cheloniidae	Animalia	Chordata	Reptilia	Testudines	Chelonioidea	Cheloniidae	NA	NA	NA	Chelonia	Chelonia	NA	NA	mydas	NA	NA	SPECIES	NA	NA	NA	ACCEPTED	NA	NA	cece4fc2-1fec-4bb5-a335-7252548e3f0b	US	2026-09-07 00:06:33	NA	NA	NA	NA	NA	COORDINATE_ROUNDED;CONTINENT_DERIVED_FROM_COORDINATES	NA	COORDINATE_ROUNDED;CONTINENT_DERIVED_FROM_COORDINATES	StillImage	TRUE	FALSE	TVGD	TVGD	N	CH2	RP	477	87BWH	83J	NA	NA	NA	3MPC	NA	TVGD	Chelonia mydas	Chelonia mydas (Linnaeus, 1758)	Chelonia mydas	NA	EML	2026-09-07 00:06:33	2026-09-07 00:01:45	NA	TRUE	NA	NA	FALSE	LATIN_AMERICA	NORTH_AMERICA	ECU	Ecuador	ECU.9_1	Galápagos	ECU.9.2_1	San Cristóbal	ECU.9.2.2_1	Isla Santa Mara (Floreana) (Cab.	LC
543673165	NA	NA	NA	CC0_1_0	2024-01-04 14:21:00	California Academy of Sciences	NA	NA	NA	http://grbio.org/institution/california-academy-sciences	http://grscicoll.org/institutional-collection/herpetology-0	NA	CAS	HERP	NA	NA	PRESERVED_SPECIMEN	NA	NA	NA	urn:catalog:CAS:HERP:8279	8279	1876	R.H. Beck	NA	NA	NA	NA	NA	Adult	NA	NA	NA	NA	NA	NA	NA	NA	PRESENT	Dry	NA	NA	NA	NA	NA	NA	Miscellaneous postcrania in skeletal collection.	NA	NA	NA	NA	NA	NA	NA	NA	NA	NA	NA	NA	NA	NA	1905-11-09	NA	313	313	1905	11	9	9 Nov 1905	NA	NA	NA	NA	NA	NA	NA	NA	NA	South Pacific Ocean; Ecuador; Galapagos Prov.; Galapagos Ids.; Santa Cruz Id.	SOUTH_AMERICA	South Pacific Ocean	Galapagos Ids.	Santa Cruz Id.	EC	Galapagos Prov.	NA	NA	vicinity of Academy Bay	Indefatigable Isl., Galapagos Arch.  Vic. Academy Bay.	NA	NA	NA	NA	NA	NA	NA	-0.726389	-90.327639	NA	NA	NA	NA	NA	NA	NA	NA	NA	NA	NA	Google Earth, 2013.	NA	NA	NA	NA	NA	NA	NA	NA	NA	NA	NA	NA	NA	NA	NA	NA	NA	NA	NA	NA	NA	NA	NA	NA	NA	NA	NA	NA	NA	NA	NA	C6Q47	NA	NA	NA	NA	NA	Chelonoidis porteri (Rothschild, 1903)	NA	NA	NA	NA	NA	NA	Animalia; Chordata; Reptilia; Testudines; Testudinidae	Animalia	Chordata	Reptilia	Testudines	Testudinoidea	Testudinidae	NA	NA	NA	Chelonoidis	Chelonoidis	NA	NA	porteri	NA	NA	SPECIES	NA	NA	NA	SYNONYM	NA	NA	cece4fc2-1fec-4bb5-a335-7252548e3f0b	US	2026-09-07 00:06:33	NA	NA	NA	NA	NA	COORDINATE_ROUNDED;CONTINENT_DERIVED_FROM_COORDINATES	NA	COORDINATE_ROUNDED;CONTINENT_DERIVED_FROM_COORDINATES	StillImage	TRUE	FALSE	TVLK	C6Q47	N	CH2	RP	477	87BWY	626NZ	NA	NA	NA	3MPP	NA	5Y2Z9	Chelonoidis niger	Chelonoidis niger porteri (Rothschild, 1903)	Chelonoidis porteri	NA	EML	2026-09-07 00:06:33	2026-09-07 00:01:45	NA	TRUE	NA	NA	FALSE	LATIN_AMERICA	NORTH_AMERICA	ECU	Ecuador	ECU.9_1	Galápagos	ECU.9.3_1	Santa Cruz	ECU.9.3.1_1	Bellavista	NA
543675276	NA	NA	NA	CC0_1_0	2024-01-04 14:21:00	California Academy of Sciences	NA	NA	NA	http://grbio.org/institution/california-academy-sciences	http://grscicoll.org/institutional-collection/herpetology-0	NA	CAS	HERP	NA	NA	PRESERVED_SPECIMEN	NA	NA	NA	urn:catalog:CAS:HERP:8469	8469	2221	F.T. Nelson	NA	NA	NA	NA	Female	Adult	NA	NA	NA	NA	NA	NA	NA	NA	PRESENT	Dry	NA	NA	NA	NA	NA	NA	Killed 22 Dec 1905.  Miscellaneous postcrania in skeletal collection.	NA	NA	NA	NA	NA	NA	NA	NA	NA	NA	NA	NA	NA	NA	1905-12-20	NA	354	354	1905	12	20	20 Dec 1905	NA	NA	NA	NA	NA	NA	NA	NA	NA	South Pacific Ocean; Ecuador; Galapagos Prov.; Galapagos Ids.; San Salvador Id.	SOUTH_AMERICA	South Pacific Ocean	Galapagos Ids.	San Salvador Id.	EC	Galapagos Prov.	NA	NA	NA	James Isl. Galapagos Arch.	NA	NA	NA	NA	NA	NA	NA	-0.347778	-90.671667	NA	NA	NA	NA	NA	NA	NA	NA	NA	NA	NA	Google Earth, 2013.	NA	NA	NA	NA	NA	NA	NA	NA	NA	NA	NA	NA	NA	NA	NA	NA	NA	NA	NA	NA	NA	NA	NA	NA	NA	NA	NA	NA	NA	NA	NA	TVGD	NA	NA	NA	NA	NA	Chelonia mydas (Linnaeus, 1758)	NA	NA	NA	NA	NA	NA	Animalia; Chordata; Reptilia; Testudines; Cheloniidae	Animalia	Chordata	Reptilia	Testudines	Chelonioidea	Cheloniidae	NA	NA	NA	Chelonia	Chelonia	NA	NA	mydas	NA	NA	SPECIES	NA	NA	NA	ACCEPTED	NA	NA	cece4fc2-1fec-4bb5-a335-7252548e3f0b	US	2026-09-07 00:06:33	NA	NA	NA	NA	NA	COORDINATE_ROUNDED;CONTINENT_DERIVED_FROM_COORDINATES	NA	COORDINATE_ROUNDED;CONTINENT_DERIVED_FROM_COORDINATES	StillImage	TRUE	FALSE	TVGD	TVGD	N	CH2	RP	477	87BWH	83J	NA	NA	NA	3MPC	NA	TVGD	Chelonia mydas	Chelonia mydas (Linnaeus, 1758)	Chelonia mydas	NA	EML	2026-09-07 00:06:33	2026-09-07 00:01:45	NA	TRUE	NA	NA	FALSE	LATIN_AMERICA	NORTH_AMERICA	NA	NA	NA	NA	NA	NA	NA	NA	LC
543675110	NA	NA	NA	CC0_1_0	2024-01-04 14:21:00	California Academy of Sciences	NA	NA	NA	http://grbio.org/institution/california-academy-sciences	http://grscicoll.org/institutional-collection/herpetology-0	NA	CAS	HERP	NA	NA	PRESERVED_SPECIMEN	NA	NA	NA	urn:catalog:CAS:HERP:8454	8454	2069	R.H. Beck	NA	NA	NA	NA	Female	Adult	NA	NA	NA	NA	NA	NA	NA	NA	PRESENT	Dry	NA	NA	NA	NA	NA	NA	Killed 29 Nov 1905.	NA	NA	NA	NA	NA	NA	NA	NA	NA	NA	NA	NA	NA	NA	1905-11-24	NA	328	328	1905	11	24	24 Nov 1905	NA	NA	NA	NA	NA	NA	NA	NA	NA	South Pacific Ocean; Ecuador; Galapagos Prov.; Galapagos Ids.; Santa Cruz Id.	SOUTH_AMERICA	South Pacific Ocean	Galapagos Ids.	Santa Cruz Id.	EC	Galapagos Prov.	NA	NA	NA	Indefatigable Isl., Galapagos Arch.	NA	NA	NA	NA	NA	NA	NA	-0.501667	-90.3275	NA	NA	NA	NA	NA	NA	NA	NA	NA	NA	NA	Google Earth, 2013.	NA	NA	NA	NA	NA	NA	NA	NA	NA	NA	NA	NA	NA	NA	NA	NA	NA	NA	NA	NA	NA	NA	NA	NA	NA	NA	NA	NA	NA	NA	NA	TVGD	NA	NA	NA	NA	NA	Chelonia mydas (Linnaeus, 1758)	NA	NA	NA	NA	NA	NA	Animalia; Chordata; Reptilia; Testudines; Cheloniidae	Animalia	Chordata	Reptilia	Testudines	Chelonioidea	Cheloniidae	NA	NA	NA	Chelonia	Chelonia	NA	NA	mydas	NA	NA	SPECIES	NA	NA	NA	ACCEPTED	NA	NA	cece4fc2-1fec-4bb5-a335-7252548e3f0b	US	2026-09-07 00:06:33	NA	NA	NA	NA	NA	COORDINATE_ROUNDED;CONTINENT_DERIVED_FROM_COORDINATES	NA	COORDINATE_ROUNDED;CONTINENT_DERIVED_FROM_COORDINATES	StillImage	TRUE	FALSE	TVGD	TVGD	N	CH2	RP	477	87BWH	83J	NA	NA	NA	3MPC	NA	TVGD	Chelonia mydas	Chelonia mydas (Linnaeus, 1758)	Chelonia mydas	NA	EML	2026-09-07 00:06:33	2026-09-07 00:01:45	NA	TRUE	NA	NA	FALSE	LATIN_AMERICA	NORTH_AMERICA	NA	NA	NA	NA	NA	NA	NA	NA	LC
543675021	NA	NA	NA	CC0_1_0	2024-01-04 14:21:00	California Academy of Sciences	NA	NA	NA	http://grbio.org/institution/california-academy-sciences	http://grscicoll.org/institutional-collection/herpetology-0	NA	CAS	HERP	NA	NA	PRESERVED_SPECIMEN	NA	NA	NA	urn:catalog:CAS:HERP:8446	8446	871	R.H. Beck	NA	NA	NA	NA	Female	Adult	NA	NA	NA	NA	NA	NA	NA	NA	PRESENT	Dry	NA	NA	NA	NA	NA	NA	Killed 29 Sep 1905. Miscellaneous postcrania in Skel.	NA	NA	NA	NA	NA	NA	NA	NA	NA	NA	NA	NA	NA	NA	1905-09-28	NA	271	271	1905	9	28	28 Sep 1905	NA	NA	NA	NA	NA	NA	NA	NA	NA	South Pacific Ocean; Ecuador; Galapagos Prov.; Galapagos Ids.; Espanola Id.	SOUTH_AMERICA	South Pacific Ocean	Galapagos Ids.	Espanola Id.	EC	Galapagos Prov.	NA	NA	beach on NE part of island	Hood Island. Galapagos Arch. Beach on N.E. part of Island.	NA	NA	NA	NA	NA	NA	NA	-1.350917	-89.662083	NA	NA	NA	NA	NA	NA	NA	NA	NA	NA	NA	Google Earth, 2013.	NA	NA	NA	NA	NA	NA	NA	NA	NA	NA	NA	NA	NA	NA	NA	NA	NA	NA	NA	NA	NA	NA	NA	NA	NA	NA	NA	NA	NA	NA	NA	TVGD	NA	NA	NA	NA	NA	Chelonia mydas (Linnaeus, 1758)	NA	NA	NA	NA	NA	NA	Animalia; Chordata; Reptilia; Testudines; Cheloniidae	Animalia	Chordata	Reptilia	Testudines	Chelonioidea	Cheloniidae	NA	NA	NA	Chelonia	Chelonia	NA	NA	mydas	NA	NA	SPECIES	NA	NA	NA	ACCEPTED	NA	NA	cece4fc2-1fec-4bb5-a335-7252548e3f0b	US	2026-09-07 00:06:33	NA	NA	NA	NA	NA	COORDINATE_ROUNDED;CONTINENT_DERIVED_FROM_COORDINATES	NA	COORDINATE_ROUNDED;CONTINENT_DERIVED_FROM_COORDINATES	StillImage	TRUE	FALSE	TVGD	TVGD	N	CH2	RP	477	87BWH	83J	NA	NA	NA	3MPC	NA	TVGD	Chelonia mydas	Chelonia mydas (Linnaeus, 1758)	Chelonia mydas	NA	EML	2026-09-07 00:06:33	2026-09-07 00:01:45	NA	TRUE	NA	NA	FALSE	LATIN_AMERICA	NORTH_AMERICA	ECU	Ecuador	ECU.9_1	Galápagos	ECU.9.2_1	San Cristóbal	ECU.9.2.2_1	Isla Santa Mara (Floreana) (Cab.	LC
543673499	NA	NA	NA	CC0_1_0	2024-01-04 14:21:00	California Academy of Sciences	NA	NA	NA	http://grbio.org/institution/california-academy-sciences	http://grscicoll.org/institutional-collection/herpetology-0	NA	CAS	HERP	NA	NA	PRESERVED_SPECIMEN	NA	NA	NA	urn:catalog:CAS:HERP:8309	8309	2348	F.T. Nelson	NA	NA	NA	NA	Female	Adult	NA	NA	NA	NA	NA	NA	NA	NA	PRESENT	Dry	NA	NA	NA	NA	NA	NA	Killed on board 28 Dec 1905.  Miscellaneous postcrania in skeletal collection.	NA	NA	NA	NA	NA	NA	NA	NA	NA	NA	NA	NA	NA	NA	1905-12-01	NA	335	335	1905	12	1	1-17 Dec 1905	NA	NA	NA	NA	NA	NA	NA	NA	NA	South Pacific Ocean; Ecuador; Galapagos Prov.; Galapagos Ids.; Pinzon Id.	SOUTH_AMERICA	South Pacific Ocean	Galapagos Ids.	Pinzon Id.	EC	Galapagos Prov.	NA	NA	NA	Duncan Island, Galapagos Arch.	NA	NA	NA	NA	NA	NA	NA	-0.613056	-90.677778	NA	NA	NA	NA	NA	NA	NA	NA	NA	NA	NA	Google Earth, 2013.	NA	NA	NA	NA	NA	NA	NA	NA	NA	NA	NA	NA	NA	NA	NA	NA	NA	NA	NA	NA	NA	NA	NA	NA	NA	NA	NA	NA	NA	NA	NA	C6Q3Z	NA	NA	NA	NA	NA	Chelonoidis duncanensis (Pritchard, 1996)	NA	NA	NA	NA	NA	NA	Animalia; Chordata; Reptilia; Testudines; Testudinidae	Animalia	Chordata	Reptilia	Testudines	Testudinoidea	Testudinidae	NA	NA	NA	Chelonoidis	Chelonoidis	NA	NA	duncanensis	NA	NA	SPECIES	NA	NA	NA	SYNONYM	NA	NA	cece4fc2-1fec-4bb5-a335-7252548e3f0b	US	2026-09-07 00:06:33	NA	NA	NA	NA	NA	COORDINATE_ROUNDED;CONTINENT_DERIVED_FROM_COORDINATES	NA	COORDINATE_ROUNDED;CONTINENT_DERIVED_FROM_COORDINATES	StillImage	TRUE	FALSE	MVBKH	C6Q3Z	N	CH2	RP	477	87BWY	626NZ	NA	NA	NA	3MPP	NA	5Y2Z9	Chelonoidis niger	Chelonoidis niger duncanensis (Pritchard, 1996)	Chelonoidis duncanensis	NA	EML	2026-09-07 00:06:33	2026-09-07 00:01:45	NA	TRUE	NA	NA	FALSE	LATIN_AMERICA	NORTH_AMERICA	ECU	Ecuador	ECU.9_1	Galápagos	ECU.9.3_1	Santa Cruz	ECU.9.3.3_1	Santa Rosa	NA
543674221	NA	NA	NA	CC0_1_0	2024-01-04 14:21:00	California Academy of Sciences	NA	NA	NA	http://grbio.org/institution/california-academy-sciences	http://grscicoll.org/institutional-collection/herpetology-0	NA	CAS	HERP	NA	NA	PRESERVED_SPECIMEN	NA	NA	NA	urn:catalog:CAS:HERP:8374	8374	N.N.	Expedition	NA	NA	NA	NA	Female	Adult	NA	NA	NA	NA	NA	NA	NA	NA	PRESENT	Dry	NA	NA	NA	NA	NA	NA	NA	NA	NA	NA	NA	NA	NA	NA	NA	NA	NA	NA	NA	NA	NA	1905-12	NA	NA	NA	1905	12	NA	Dec 1905	NA	NA	NA	NA	NA	NA	NA	NA	NA	South Pacific Ocean; Ecuador; Galapagos Prov.; Galapagos Ids.; Pinzon Id.	SOUTH_AMERICA	South Pacific Ocean	Galapagos Ids.	Pinzon Id.	EC	Galapagos Prov.	NA	NA	NA	Duncan Island, Galapagos Arch.	NA	NA	NA	NA	NA	NA	NA	-0.613056	-90.677778	NA	NA	NA	NA	NA	NA	NA	NA	NA	NA	NA	Google Earth, 2013.	NA	NA	NA	NA	NA	NA	NA	NA	NA	NA	NA	NA	NA	NA	NA	NA	NA	NA	NA	NA	NA	NA	NA	NA	NA	NA	NA	NA	NA	NA	NA	C6Q3Z	NA	NA	NA	NA	NA	Chelonoidis duncanensis (Pritchard, 1996)	NA	NA	NA	NA	NA	NA	Animalia; Chordata; Reptilia; Testudines; Testudinidae	Animalia	Chordata	Reptilia	Testudines	Testudinoidea	Testudinidae	NA	NA	NA	Chelonoidis	Chelonoidis	NA	NA	duncanensis	NA	NA	SPECIES	NA	NA	NA	SYNONYM	NA	NA	cece4fc2-1fec-4bb5-a335-7252548e3f0b	US	2026-09-07 00:06:40	NA	NA	NA	NA	NA	COORDINATE_ROUNDED;CONTINENT_DERIVED_FROM_COORDINATES	NA	COORDINATE_ROUNDED;CONTINENT_DERIVED_FROM_COORDINATES	StillImage	TRUE	FALSE	MVBKH	C6Q3Z	N	CH2	RP	477	87BWY	626NZ	NA	NA	NA	3MPP	NA	5Y2Z9	Chelonoidis niger	Chelonoidis niger duncanensis (Pritchard, 1996)	Chelonoidis duncanensis	NA	EML	2026-09-07 00:06:40	2026-09-07 00:01:45	NA	TRUE	NA	NA	FALSE	LATIN_AMERICA	NORTH_AMERICA	ECU	Ecuador	ECU.9_1	Galápagos	ECU.9.3_1	Santa Cruz	ECU.9.3.3_1	Santa Rosa	NA
543673310	NA	NA	NA	CC0_1_0	2024-01-04 14:21:00	California Academy of Sciences	NA	NA	NA	http://grbio.org/institution/california-academy-sciences	http://grscicoll.org/institutional-collection/herpetology-0	NA	CAS	HERP	NA	NA	PRESERVED_SPECIMEN	NA	NA	NA	urn:catalog:CAS:HERP:8292	8292	2084	J.S. Hunter	NA	NA	NA	NA	Female	Adult	NA	NA	NA	NA	NA	NA	NA	NA	PRESENT	Dry	NA	NA	NA	NA	NA	NA	Miscellaneous postcrania in skeletal collection.	NA	NA	NA	NA	NA	NA	NA	NA	NA	NA	NA	NA	NA	NA	1905-12-02	NA	336	336	1905	12	2	2 Dec 1905	NA	NA	NA	NA	NA	NA	NA	NA	NA	South Pacific Ocean; Ecuador; Galapagos Prov.; Galapagos Ids.; Pinzon Id.	SOUTH_AMERICA	South Pacific Ocean	Galapagos Ids.	Pinzon Id.	EC	Galapagos Prov.	NA	NA	NA	Duncan Island, Galapagos Arch.	NA	NA	NA	NA	NA	NA	NA	-0.613056	-90.677778	NA	NA	NA	NA	NA	NA	NA	NA	NA	NA	NA	Google Earth, 2013.	NA	NA	NA	NA	NA	NA	NA	NA	NA	NA	NA	NA	NA	NA	NA	NA	NA	NA	NA	NA	NA	NA	NA	NA	NA	NA	NA	NA	NA	NA	NA	C6Q3Z	NA	NA	NA	NA	NA	Chelonoidis duncanensis (Pritchard, 1996)	NA	NA	NA	NA	NA	NA	Animalia; Chordata; Reptilia; Testudines; Testudinidae	Animalia	Chordata	Reptilia	Testudines	Testudinoidea	Testudinidae	NA	NA	NA	Chelonoidis	Chelonoidis	NA	NA	duncanensis	NA	NA	SPECIES	NA	NA	NA	SYNONYM	NA	NA	cece4fc2-1fec-4bb5-a335-7252548e3f0b	US	2026-09-07 00:06:40	NA	NA	NA	NA	NA	COORDINATE_ROUNDED;CONTINENT_DERIVED_FROM_COORDINATES	NA	COORDINATE_ROUNDED;CONTINENT_DERIVED_FROM_COORDINATES	StillImage	TRUE	FALSE	MVBKH	C6Q3Z	N	CH2	RP	477	87BWY	626NZ	NA	NA	NA	3MPP	NA	5Y2Z9	Chelonoidis niger	Chelonoidis niger duncanensis (Pritchard, 1996)	Chelonoidis duncanensis	NA	EML	2026-09-07 00:06:40	2026-09-07 00:01:45	NA	TRUE	NA	NA	FALSE	LATIN_AMERICA	NORTH_AMERICA	ECU	Ecuador	ECU.9_1	Galápagos	ECU.9.3_1	Santa Cruz	ECU.9.3.3_1	Santa Rosa	NA
543673455	NA	NA	NA	CC0_1_0	2024-01-04 14:21:00	California Academy of Sciences	NA	NA	NA	http://grbio.org/institution/california-academy-sciences	http://grscicoll.org/institutional-collection/herpetology-0	NA	CAS	HERP	NA	NA	PRESERVED_SPECIMEN	NA	NA	NA	urn:catalog:CAS:HERP:8305	8305	2263	F.T. Nelson	NA	NA	NA	NA	Female	NA	NA	NA	NA	NA	NA	NA	NA	NA	PRESENT	Dry	NA	NA	NA	NA	NA	NA	Miscellaneous postcrania in skeletal collection.	NA	NA	NA	NA	NA	NA	NA	NA	NA	NA	NA	NA	NA	NA	1905-12-01	NA	335	335	1905	12	1	1-17 Dec 1905	NA	NA	NA	NA	NA	NA	NA	NA	NA	South Pacific Ocean; Ecuador; Galapagos Prov.; Galapagos Ids.; Pinzon Id.	SOUTH_AMERICA	South Pacific Ocean	Galapagos Ids.	Pinzon Id.	EC	Galapagos Prov.	NA	NA	NA	Duncan Island, Galapagos Arch.	NA	NA	NA	NA	NA	NA	NA	-0.613056	-90.677778	NA	NA	NA	NA	NA	NA	NA	NA	NA	NA	NA	Google Earth, 2013.	NA	NA	NA	NA	NA	NA	NA	NA	NA	NA	NA	NA	NA	NA	NA	NA	NA	NA	NA	NA	NA	NA	NA	NA	NA	NA	NA	NA	NA	NA	NA	C6Q3Z	NA	NA	NA	NA	NA	Chelonoidis duncanensis (Pritchard, 1996)	NA	NA	NA	NA	NA	NA	Animalia; Chordata; Reptilia; Testudines; Testudinidae	Animalia	Chordata	Reptilia	Testudines	Testudinoidea	Testudinidae	NA	NA	NA	Chelonoidis	Chelonoidis	NA	NA	duncanensis	NA	NA	SPECIES	NA	NA	NA	SYNONYM	NA	NA	cece4fc2-1fec-4bb5-a335-7252548e3f0b	US	2026-09-07 00:06:33	NA	NA	NA	NA	NA	COORDINATE_ROUNDED;CONTINENT_DERIVED_FROM_COORDINATES	NA	COORDINATE_ROUNDED;CONTINENT_DERIVED_FROM_COORDINATES	StillImage	TRUE	FALSE	MVBKH	C6Q3Z	N	CH2	RP	477	87BWY	626NZ	NA	NA	NA	3MPP	NA	5Y2Z9	Chelonoidis niger	Chelonoidis niger duncanensis (Pritchard, 1996)	Chelonoidis duncanensis	NA	EML	2026-09-07 00:06:33	2026-09-07 00:01:45	NA	TRUE	NA	NA	FALSE	LATIN_AMERICA	NORTH_AMERICA	ECU	Ecuador	ECU.9_1	Galápagos	ECU.9.3_1	Santa Cruz	ECU.9.3.3_1	Santa Rosa	NA
543673699	NA	NA	NA	CC0_1_0	2024-01-04 14:21:00	California Academy of Sciences	NA	NA	NA	http://grbio.org/institution/california-academy-sciences	http://grscicoll.org/institutional-collection/herpetology-0	NA	CAS	HERP	NA	NA	PRESERVED_SPECIMEN	NA	NA	NA	urn:catalog:CAS:HERP:8327	8327	2140	R.H. Beck	NA	NA	NA	NA	Male	Adult	NA	NA	NA	NA	NA	NA	NA	NA	PRESENT	Dry	NA	NA	NA	NA	NA	NA	Miscellaneous postcrania in skeletal collection.	NA	NA	NA	NA	NA	NA	NA	NA	NA	NA	NA	NA	NA	NA	1905-12-01	NA	335	335	1905	12	1	1-17 Dec 1905	NA	NA	NA	NA	NA	NA	NA	NA	NA	South Pacific Ocean; Ecuador; Galapagos Prov.; Galapagos Ids.; Pinzon Id.	SOUTH_AMERICA	South Pacific Ocean	Galapagos Ids.	Pinzon Id.	EC	Galapagos Prov.	NA	NA	NA	Duncan Island, Galapagos Arch.	NA	NA	NA	NA	NA	NA	NA	-0.613056	-90.677778	NA	NA	NA	NA	NA	NA	NA	NA	NA	NA	NA	Google Earth, 2013.	NA	NA	NA	NA	NA	NA	NA	NA	NA	NA	NA	NA	NA	NA	NA	NA	NA	NA	NA	NA	NA	NA	NA	NA	NA	NA	NA	NA	NA	NA	NA	C6Q3Z	NA	NA	NA	NA	NA	Chelonoidis duncanensis (Pritchard, 1996)	NA	NA	NA	NA	NA	NA	Animalia; Chordata; Reptilia; Testudines; Testudinidae	Animalia	Chordata	Reptilia	Testudines	Testudinoidea	Testudinidae	NA	NA	NA	Chelonoidis	Chelonoidis	NA	NA	duncanensis	NA	NA	SPECIES	NA	NA	NA	SYNONYM	NA	NA	cece4fc2-1fec-4bb5-a335-7252548e3f0b	US	2026-09-07 00:06:33	NA	NA	NA	NA	NA	COORDINATE_ROUNDED;CONTINENT_DERIVED_FROM_COORDINATES	NA	COORDINATE_ROUNDED;CONTINENT_DERIVED_FROM_COORDINATES	StillImage	TRUE	FALSE	MVBKH	C6Q3Z	N	CH2	RP	477	87BWY	626NZ	NA	NA	NA	3MPP	NA	5Y2Z9	Chelonoidis niger	Chelonoidis niger duncanensis (Pritchard, 1996)	Chelonoidis duncanensis	NA	EML	2026-09-07 00:06:33	2026-09-07 00:01:45	NA	TRUE	NA	NA	FALSE	LATIN_AMERICA	NORTH_AMERICA	ECU	Ecuador	ECU.9_1	Galápagos	ECU.9.3_1	Santa Cruz	ECU.9.3.3_1	Santa Rosa	NA
543674143	NA	NA	NA	CC0_1_0	2024-01-04 14:21:00	California Academy of Sciences	NA	NA	NA	http://grbio.org/institution/california-academy-sciences	http://grscicoll.org/institutional-collection/herpetology-0	NA	CAS	HERP	NA	NA	PRESERVED_SPECIMEN	NA	NA	NA	urn:catalog:CAS:HERP:8367	8367	E.E.	Expedition	NA	NA	NA	NA	Female	Adult	NA	NA	NA	NA	NA	NA	NA	NA	PRESENT	Dry	NA	NA	NA	NA	NA	NA	NA	NA	NA	NA	NA	NA	NA	NA	NA	NA	NA	NA	NA	NA	NA	1905-12	NA	NA	NA	1905	12	NA	Dec 1905	NA	NA	NA	NA	NA	NA	NA	NA	NA	South Pacific Ocean; Ecuador; Galapagos Prov.; Galapagos Ids.; Pinzon Id.	SOUTH_AMERICA	South Pacific Ocean	Galapagos Ids.	Pinzon Id.	EC	Galapagos Prov.	NA	NA	NA	Duncan Island, Galapagos Arch.	NA	NA	NA	NA	NA	NA	NA	-0.613056	-90.677778	NA	NA	NA	NA	NA	NA	NA	NA	NA	NA	NA	Google Earth, 2013.	NA	NA	NA	NA	NA	NA	NA	NA	NA	NA	NA	NA	NA	NA	NA	NA	NA	NA	NA	NA	NA	NA	NA	NA	NA	NA	NA	NA	NA	NA	NA	C6Q3Z	NA	NA	NA	NA	NA	Chelonoidis duncanensis (Pritchard, 1996)	NA	NA	NA	NA	NA	NA	Animalia; Chordata; Reptilia; Testudines; Testudinidae	Animalia	Chordata	Reptilia	Testudines	Testudinoidea	Testudinidae	NA	NA	NA	Chelonoidis	Chelonoidis	NA	NA	duncanensis	NA	NA	SPECIES	NA	NA	NA	SYNONYM	NA	NA	cece4fc2-1fec-4bb5-a335-7252548e3f0b	US	2026-09-07 00:06:33	NA	NA	NA	NA	NA	COORDINATE_ROUNDED;CONTINENT_DERIVED_FROM_COORDINATES	NA	COORDINATE_ROUNDED;CONTINENT_DERIVED_FROM_COORDINATES	StillImage	TRUE	FALSE	MVBKH	C6Q3Z	N	CH2	RP	477	87BWY	626NZ	NA	NA	NA	3MPP	NA	5Y2Z9	Chelonoidis niger	Chelonoidis niger duncanensis (Pritchard, 1996)	Chelonoidis duncanensis	NA	EML	2026-09-07 00:06:33	2026-09-07 00:01:45	NA	TRUE	NA	NA	FALSE	LATIN_AMERICA	NORTH_AMERICA	ECU	Ecuador	ECU.9_1	Galápagos	ECU.9.3_1	Santa Cruz	ECU.9.3.3_1	Santa Rosa	NA
543674376	NA	NA	NA	CC0_1_0	2024-01-04 14:21:00	California Academy of Sciences	NA	NA	NA	http://grbio.org/institution/california-academy-sciences	http://grscicoll.org/institutional-collection/herpetology-0	NA	CAS	HERP	NA	NA	PRESERVED_SPECIMEN	NA	NA	NA	urn:catalog:CAS:HERP:8388	8388	1860?	R.H. Beck	NA	NA	NA	NA	Female	Adult	NA	NA	NA	NA	NA	NA	NA	NA	PRESENT	Dry	NA	NA	NA	NA	NA	NA	Miscellaneous postcrania.	NA	NA	NA	NA	NA	NA	NA	NA	NA	NA	NA	NA	NA	NA	1905-11-02	NA	306	306	1905	11	2	2 Nov 1905	NA	NA	NA	NA	NA	NA	NA	NA	NA	South Pacific Ocean; Ecuador; Galapagos Prov.; Galapagos Ids.; Isabela Id.	SOUTH_AMERICA	South Pacific Ocean	Galapagos Ids.	Isabela Id.	EC	Galapagos Prov.	NA	NA	8 mi W of Villamil	Albemarle Island, Galapagos Arch.  8 m. W. of Vilamil	NA	NA	NA	NA	NA	NA	NA	-1.000833	-91.072778	NA	NA	NA	NA	NA	NA	NA	NA	NA	NA	NA	Google Earth, 2013.	NA	NA	NA	NA	NA	NA	NA	NA	NA	NA	NA	NA	NA	NA	NA	NA	NA	NA	NA	NA	NA	NA	NA	NA	NA	NA	NA	NA	NA	NA	NA	C6Q49	NA	NA	NA	NA	NA	Chelonoidis vicina (Günther, 1875)	NA	NA	NA	NA	NA	NA	Animalia; Chordata; Reptilia; Testudines; Testudinidae	Animalia	Chordata	Reptilia	Testudines	Testudinoidea	Testudinidae	NA	NA	NA	Chelonoidis	Chelonoidis	NA	NA	vicina	NA	NA	SPECIES	NA	NA	NA	SYNONYM	NA	NA	cece4fc2-1fec-4bb5-a335-7252548e3f0b	US	2026-09-07 00:06:33	NA	NA	NA	NA	NA	COORDINATE_ROUNDED;CONTINENT_DERIVED_FROM_COORDINATES	NA	COORDINATE_ROUNDED;CONTINENT_DERIVED_FROM_COORDINATES	StillImage	TRUE	FALSE	TVLL	C6Q49	N	CH2	RP	477	87BWY	626NZ	NA	NA	NA	3MPP	NA	5Y2Z9	Chelonoidis niger	Chelonoidis niger vicina (Günther, 1874)	Chelonoidis vicina	NA	EML	2026-09-07 00:06:33	2026-09-07 00:01:45	NA	TRUE	NA	NA	FALSE	LATIN_AMERICA	NORTH_AMERICA	ECU	Ecuador	ECU.9_1	Galápagos	ECU.9.1_1	Isabela	ECU.9.1.2_1	Tomas De Berlanga (Santo Tomas)	NA
543671566	NA	NA	NA	CC0_1_0	2024-01-04 14:21:00	California Academy of Sciences	NA	NA	NA	http://grbio.org/institution/california-academy-sciences	http://grscicoll.org/institutional-collection/herpetology-0	NA	CAS	HERP	NA	NA	PRESERVED_SPECIMEN	NA	NA	NA	urn:catalog:CAS:HERP:8135	8135	NA	R.H. Beck	NA	NA	NA	NA	NA	Adult	NA	NA	NA	NA	NA	NA	NA	NA	PRESENT	Dry	NA	NA	NA	NA	NA	NA	Miscellaneous postcrania.	NA	NA	NA	NA	NA	NA	NA	NA	NA	NA	NA	NA	NA	NA	1905-12-21	NA	355	355	1905	12	21	21 Dec 1905	NA	NA	NA	NA	NA	NA	NA	NA	NA	South Pacific Ocean; Ecuador; Galapagos Prov.; Galapagos Ids.; Rabida Id.	SOUTH_AMERICA	South Pacific Ocean	Galapagos Ids.	Rabida Id.	EC	Galapagos Prov.	NA	NA	NA	Jervis Isl. Galapagos Archipelago	NA	NA	NA	NA	NA	NA	NA	-0.414167	-90.709167	NA	NA	NA	NA	NA	NA	NA	NA	NA	NA	NA	Google Earth, 2013.	NA	NA	NA	NA	NA	NA	NA	NA	NA	NA	NA	NA	NA	NA	NA	NA	NA	NA	NA	NA	NA	NA	NA	NA	NA	NA	NA	NA	NA	NA	NA	3MPP	NA	NA	NA	NA	NA	Chelonoidis Fitzinger, 1835	NA	NA	NA	NA	NA	NA	Animalia; Chordata; Reptilia; Testudines; Testudinidae	Animalia	Chordata	Reptilia	Testudines	Testudinoidea	Testudinidae	NA	NA	NA	Chelonoidis	NA	NA	NA	NA	NA	NA	GENUS	NA	NA	NA	ACCEPTED	NA	NA	cece4fc2-1fec-4bb5-a335-7252548e3f0b	US	2026-09-07 00:06:38	NA	NA	NA	NA	NA	COORDINATE_ROUNDED;CONTINENT_DERIVED_FROM_COORDINATES;TAXON_MATCH_HIGHERRANK	NA	COORDINATE_ROUNDED;CONTINENT_DERIVED_FROM_COORDINATES	StillImage	TRUE	FALSE	3MPP	3MPP	N	CH2	RP	477	87BWY	626NZ	NA	NA	NA	3MPP	NA	NA	NA	Chelonoidis Fitzinger, 1835	Chelonoidis wallacei	NA	EML	2026-09-07 00:06:38	2026-09-07 00:01:45	NA	TRUE	NA	NA	FALSE	LATIN_AMERICA	NORTH_AMERICA	ECU	Ecuador	ECU.9_1	Galápagos	ECU.9.3_1	Santa Cruz	ECU.9.3.1_1	Bellavista	NA
543674243	NA	NA	NA	CC0_1_0	2024-01-04 14:21:00	California Academy of Sciences	NA	NA	NA	http://grbio.org/institution/california-academy-sciences	http://grscicoll.org/institutional-collection/herpetology-0	NA	CAS	HERP	NA	NA	PRESERVED_SPECIMEN	NA	NA	NA	urn:catalog:CAS:HERP:8376	8376	P.P.	Expedition	NA	NA	NA	NA	Female	Adult	NA	NA	NA	NA	NA	NA	NA	NA	PRESENT	Dry	NA	NA	NA	NA	NA	NA	Died in San Francisco Jan 1907.  Skull in Etoh, Miscellaneous postcrania (and carpals) in Skel.	NA	NA	NA	NA	NA	NA	NA	NA	NA	NA	NA	NA	NA	NA	1905-12	NA	NA	NA	1905	12	NA	Dec 1905	NA	NA	NA	NA	NA	NA	NA	NA	NA	South Pacific Ocean; Ecuador; Galapagos Prov.; Galapagos Ids.; Pinzon Id.	SOUTH_AMERICA	South Pacific Ocean	Galapagos Ids.	Pinzon Id.	EC	Galapagos Prov.	NA	NA	NA	Duncan Island, Galapagos Arch.	NA	NA	NA	NA	NA	NA	NA	-0.613056	-90.677778	NA	NA	NA	NA	NA	NA	NA	NA	NA	NA	NA	Google Earth, 2013.	NA	NA	NA	NA	NA	NA	NA	NA	NA	NA	NA	NA	NA	NA	NA	NA	NA	NA	NA	NA	NA	NA	NA	J. Van Denburgh	NA	NA	NA	NA	NA	NA	NA	C6Q3Z	NA	NA	NA	NA	NA	Chelonoidis duncanensis (Pritchard, 1996)	NA	NA	NA	NA	NA	NA	Animalia; Chordata; Reptilia; Testudines; Testudinidae	Animalia	Chordata	Reptilia	Testudines	Testudinoidea	Testudinidae	NA	NA	NA	Chelonoidis	Chelonoidis	NA	NA	duncanensis	NA	NA	SPECIES	NA	NA	NA	SYNONYM	NA	NA	cece4fc2-1fec-4bb5-a335-7252548e3f0b	US	2026-09-07 00:06:38	NA	NA	NA	NA	NA	COORDINATE_ROUNDED;CONTINENT_DERIVED_FROM_COORDINATES	NA	COORDINATE_ROUNDED;CONTINENT_DERIVED_FROM_COORDINATES	StillImage	TRUE	FALSE	MVBKH	C6Q3Z	N	CH2	RP	477	87BWY	626NZ	NA	NA	NA	3MPP	NA	5Y2Z9	Chelonoidis niger	Chelonoidis niger duncanensis (Pritchard, 1996)	Chelonoidis duncanensis	NA	EML	2026-09-07 00:06:38	2026-09-07 00:01:45	NA	TRUE	NA	NA	FALSE	LATIN_AMERICA	NORTH_AMERICA	ECU	Ecuador	ECU.9_1	Galápagos	ECU.9.3_1	Santa Cruz	ECU.9.3.3_1	Santa Rosa	NA
543672088	NA	NA	NA	CC0_1_0	2024-01-04 14:21:00	California Academy of Sciences	NA	NA	NA	http://grbio.org/institution/california-academy-sciences	http://grscicoll.org/institutional-collection/herpetology-0	NA	CAS	HERP	NA	NA	PRESERVED_SPECIMEN	NA	NA	NA	urn:catalog:CAS:HERP:8182	8182	2662	R.H. Beck	NA	NA	NA	NA	Female	Adult	NA	NA	NA	NA	NA	NA	NA	NA	PRESENT	Dry	NA	NA	NA	NA	NA	NA	On board 21 Feb. 1906. Miscellaneous postcrania.	NA	NA	NA	NA	NA	NA	NA	NA	NA	NA	NA	NA	NA	NA	1905-11-02	NA	306	306	1905	11	2	2 Nov 1905	NA	NA	NA	NA	NA	NA	NA	NA	NA	South Pacific Ocean; Ecuador; Galapagos Prov.; Galapagos Ids.; Isabela Id.	SOUTH_AMERICA	South Pacific Ocean	Galapagos Ids.	Isabela Id.	EC	Galapagos Prov.	NA	NA	6 mi W of Villamil Mtn	Vilamil Mt., Albemarle Isl. Galapagos Arch.  6 miles west.	NA	NA	NA	NA	NA	NA	NA	-0.991389	-91.044722	NA	NA	NA	NA	NA	NA	NA	NA	NA	NA	NA	Google Earth, 2013.	NA	NA	NA	NA	NA	NA	NA	NA	NA	NA	NA	NA	NA	NA	NA	NA	NA	NA	NA	NA	NA	NA	NA	NA	NA	NA	NA	NA	NA	NA	NA	C6Q49	NA	NA	NA	NA	NA	Chelonoidis vicina (Günther, 1875)	NA	NA	NA	NA	NA	NA	Animalia; Chordata; Reptilia; Testudines; Testudinidae	Animalia	Chordata	Reptilia	Testudines	Testudinoidea	Testudinidae	NA	NA	NA	Chelonoidis	Chelonoidis	NA	NA	vicina	NA	NA	SPECIES	NA	NA	NA	SYNONYM	NA	NA	cece4fc2-1fec-4bb5-a335-7252548e3f0b	US	2026-09-07 00:06:41	NA	NA	NA	NA	NA	COORDINATE_ROUNDED;CONTINENT_DERIVED_FROM_COORDINATES	NA	COORDINATE_ROUNDED;CONTINENT_DERIVED_FROM_COORDINATES	StillImage	TRUE	FALSE	TVLL	C6Q49	N	CH2	RP	477	87BWY	626NZ	NA	NA	NA	3MPP	NA	5Y2Z9	Chelonoidis niger	Chelonoidis niger vicina (Günther, 1874)	Chelonoidis vicina	NA	EML	2026-09-07 00:06:41	2026-09-07 00:01:45	NA	TRUE	NA	NA	FALSE	LATIN_AMERICA	NORTH_AMERICA	ECU	Ecuador	ECU.9_1	Galápagos	ECU.9.1_1	Isabela	ECU.9.1.2_1	Tomas De Berlanga (Santo Tomas)	NA
543673888	NA	NA	NA	CC0_1_0	2024-01-04 14:21:00	California Academy of Sciences	NA	NA	NA	http://grbio.org/institution/california-academy-sciences	http://grscicoll.org/institutional-collection/herpetology-0	NA	CAS	HERP	NA	NA	PRESERVED_SPECIMEN	NA	NA	NA	urn:catalog:CAS:HERP:8344	8344	2161	R.H. Beck	NA	NA	NA	NA	Female	Adult	NA	NA	NA	NA	NA	NA	NA	NA	PRESENT	Dry	NA	NA	NA	NA	NA	NA	NA	NA	NA	NA	NA	NA	NA	NA	NA	NA	NA	NA	NA	NA	NA	1905-12-01	NA	335	335	1905	12	1	1-17 Dec 1905	NA	NA	NA	NA	NA	NA	NA	NA	NA	South Pacific Ocean; Ecuador; Galapagos Prov.; Galapagos Ids.; Pinzon Id.	SOUTH_AMERICA	South Pacific Ocean	Galapagos Ids.	Pinzon Id.	EC	Galapagos Prov.	NA	NA	NA	Duncan Island, Galapagos Arch.	NA	NA	NA	NA	NA	NA	NA	-0.613056	-90.677778	NA	NA	NA	NA	NA	NA	NA	NA	NA	NA	NA	Google Earth, 2013.	NA	NA	NA	NA	NA	NA	NA	NA	NA	NA	NA	NA	NA	NA	NA	NA	NA	NA	NA	NA	NA	NA	NA	NA	NA	NA	NA	NA	NA	NA	NA	C6Q3Z	NA	NA	NA	NA	NA	Chelonoidis duncanensis (Pritchard, 1996)	NA	NA	NA	NA	NA	NA	Animalia; Chordata; Reptilia; Testudines; Testudinidae	Animalia	Chordata	Reptilia	Testudines	Testudinoidea	Testudinidae	NA	NA	NA	Chelonoidis	Chelonoidis	NA	NA	duncanensis	NA	NA	SPECIES	NA	NA	NA	SYNONYM	NA	NA	cece4fc2-1fec-4bb5-a335-7252548e3f0b	US	2026-09-07 00:06:41	NA	NA	NA	NA	NA	COORDINATE_ROUNDED;CONTINENT_DERIVED_FROM_COORDINATES	NA	COORDINATE_ROUNDED;CONTINENT_DERIVED_FROM_COORDINATES	StillImage	TRUE	FALSE	MVBKH	C6Q3Z	N	CH2	RP	477	87BWY	626NZ	NA	NA	NA	3MPP	NA	5Y2Z9	Chelonoidis niger	Chelonoidis niger duncanensis (Pritchard, 1996)	Chelonoidis duncanensis	NA	EML	2026-09-07 00:06:41	2026-09-07 00:01:45	NA	TRUE	NA	NA	FALSE	LATIN_AMERICA	NORTH_AMERICA	ECU	Ecuador	ECU.9_1	Galápagos	ECU.9.3_1	Santa Cruz	ECU.9.3.3_1	Santa Rosa	NA
543673577	NA	NA	NA	CC0_1_0	2024-01-04 14:21:00	California Academy of Sciences	NA	NA	NA	http://grbio.org/institution/california-academy-sciences	http://grscicoll.org/institutional-collection/herpetology-0	NA	CAS	HERP	NA	NA	PRESERVED_SPECIMEN	NA	NA	NA	urn:catalog:CAS:HERP:8316	8316	2107	R.H. Beck	NA	NA	NA	NA	Female	Adult	NA	NA	NA	NA	NA	NA	NA	NA	PRESENT	Dry	NA	NA	NA	NA	NA	NA	Miscellaneous postcrania in skeletal collection.	NA	NA	NA	NA	NA	NA	NA	NA	NA	NA	NA	NA	NA	NA	1905-12-01	NA	335	335	1905	12	1	1-17 Dec 1905	NA	NA	NA	NA	NA	NA	NA	NA	NA	South Pacific Ocean; Ecuador; Galapagos Prov.; Galapagos Ids.; Pinzon Id.	SOUTH_AMERICA	South Pacific Ocean	Galapagos Ids.	Pinzon Id.	EC	Galapagos Prov.	NA	NA	NA	Duncan Island, Galapagos Arch.	NA	NA	NA	NA	NA	NA	NA	-0.613056	-90.677778	NA	NA	NA	NA	NA	NA	NA	NA	NA	NA	NA	Google Earth, 2013.	NA	NA	NA	NA	NA	NA	NA	NA	NA	NA	NA	NA	NA	NA	NA	NA	NA	NA	NA	NA	NA	NA	NA	NA	NA	NA	NA	NA	NA	NA	NA	C6Q3Z	NA	NA	NA	NA	NA	Chelonoidis duncanensis (Pritchard, 1996)	NA	NA	NA	NA	NA	NA	Animalia; Chordata; Reptilia; Testudines; Testudinidae	Animalia	Chordata	Reptilia	Testudines	Testudinoidea	Testudinidae	NA	NA	NA	Chelonoidis	Chelonoidis	NA	NA	duncanensis	NA	NA	SPECIES	NA	NA	NA	SYNONYM	NA	NA	cece4fc2-1fec-4bb5-a335-7252548e3f0b	US	2026-09-07 00:06:40	NA	NA	NA	NA	NA	COORDINATE_ROUNDED;CONTINENT_DERIVED_FROM_COORDINATES	NA	COORDINATE_ROUNDED;CONTINENT_DERIVED_FROM_COORDINATES	StillImage	TRUE	FALSE	MVBKH	C6Q3Z	N	CH2	RP	477	87BWY	626NZ	NA	NA	NA	3MPP	NA	5Y2Z9	Chelonoidis niger	Chelonoidis niger duncanensis (Pritchard, 1996)	Chelonoidis duncanensis	NA	EML	2026-09-07 00:06:40	2026-09-07 00:01:45	NA	TRUE	NA	NA	FALSE	LATIN_AMERICA	NORTH_AMERICA	ECU	Ecuador	ECU.9_1	Galápagos	ECU.9.3_1	Santa Cruz	ECU.9.3.3_1	Santa Rosa	NA
543674154	NA	NA	NA	CC0_1_0	2024-01-04 14:21:00	California Academy of Sciences	NA	NA	NA	http://grbio.org/institution/california-academy-sciences	http://grscicoll.org/institutional-collection/herpetology-0	NA	CAS	HERP	NA	NA	PRESERVED_SPECIMEN	NA	NA	NA	urn:catalog:CAS:HERP:8368	8368	H.H.	Expedition	NA	NA	NA	NA	Male	Adult	NA	NA	NA	NA	NA	NA	NA	NA	PRESENT	Dry	NA	NA	NA	NA	NA	NA	NA	NA	NA	NA	NA	NA	NA	NA	NA	NA	NA	NA	NA	NA	NA	1905-12	NA	NA	NA	1905	12	NA	Dec 1905	NA	NA	NA	NA	NA	NA	NA	NA	NA	South Pacific Ocean; Ecuador; Galapagos Prov.; Galapagos Ids.; Pinzon Id.	SOUTH_AMERICA	South Pacific Ocean	Galapagos Ids.	Pinzon Id.	EC	Galapagos Prov.	NA	NA	NA	Duncan Island, Galapagos Arch.	NA	NA	NA	NA	NA	NA	NA	-0.613056	-90.677778	NA	NA	NA	NA	NA	NA	NA	NA	NA	NA	NA	Google Earth, 2013.	NA	NA	NA	NA	NA	NA	NA	NA	NA	NA	NA	NA	NA	NA	NA	NA	NA	NA	NA	NA	NA	NA	NA	NA	NA	NA	NA	NA	NA	NA	NA	C6Q3Z	NA	NA	NA	NA	NA	Chelonoidis duncanensis (Pritchard, 1996)	NA	NA	NA	NA	NA	NA	Animalia; Chordata; Reptilia; Testudines; Testudinidae	Animalia	Chordata	Reptilia	Testudines	Testudinoidea	Testudinidae	NA	NA	NA	Chelonoidis	Chelonoidis	NA	NA	duncanensis	NA	NA	SPECIES	NA	NA	NA	SYNONYM	NA	NA	cece4fc2-1fec-4bb5-a335-7252548e3f0b	US	2026-09-07 00:06:40	NA	NA	NA	NA	NA	COORDINATE_ROUNDED;CONTINENT_DERIVED_FROM_COORDINATES	NA	COORDINATE_ROUNDED;CONTINENT_DERIVED_FROM_COORDINATES	StillImage	TRUE	FALSE	MVBKH	C6Q3Z	N	CH2	RP	477	87BWY	626NZ	NA	NA	NA	3MPP	NA	5Y2Z9	Chelonoidis niger	Chelonoidis niger duncanensis (Pritchard, 1996)	Chelonoidis duncanensis	NA	EML	2026-09-07 00:06:40	2026-09-07 00:01:45	NA	TRUE	NA	NA	FALSE	LATIN_AMERICA	NORTH_AMERICA	ECU	Ecuador	ECU.9_1	Galápagos	ECU.9.3_1	Santa Cruz	ECU.9.3.3_1	Santa Rosa	NA
543675132	NA	NA	NA	CC0_1_0	2024-01-04 14:21:00	California Academy of Sciences	NA	NA	NA	http://grbio.org/institution/california-academy-sciences	http://grscicoll.org/institutional-collection/herpetology-0	NA	CAS	HERP	NA	NA	PRESERVED_SPECIMEN	NA	NA	NA	urn:catalog:CAS:HERP:8456	8456	2073	R.H. Beck	NA	NA	NA	NA	Female	Adult	NA	NA	NA	NA	NA	NA	NA	NA	PRESENT	Dry	NA	NA	NA	NA	NA	NA	Killed 1 Dec 1905.  Miscellaneous postcrania in skeletal collection..	NA	NA	NA	NA	NA	NA	NA	NA	NA	NA	NA	NA	NA	NA	1905-11-24	NA	328	328	1905	11	24	24 Nov 1905	NA	NA	NA	NA	NA	NA	NA	NA	NA	South Pacific Ocean; Ecuador; Galapagos Prov.; Galapagos Ids.; Santa Cruz Id.	SOUTH_AMERICA	South Pacific Ocean	Galapagos Ids.	Santa Cruz Id.	EC	Galapagos Prov.	NA	NA	NA	Indefatigable Isl., Galapagos Arch.	NA	NA	NA	NA	NA	NA	NA	-0.501667	-90.3275	NA	NA	NA	NA	NA	NA	NA	NA	NA	NA	NA	Google Earth, 2013.	NA	NA	NA	NA	NA	NA	NA	NA	NA	NA	NA	NA	NA	NA	NA	NA	NA	NA	NA	NA	NA	NA	NA	NA	NA	NA	NA	NA	NA	NA	NA	TVGD	NA	NA	NA	NA	NA	Chelonia mydas (Linnaeus, 1758)	NA	NA	NA	NA	NA	NA	Animalia; Chordata; Reptilia; Testudines; Cheloniidae	Animalia	Chordata	Reptilia	Testudines	Chelonioidea	Cheloniidae	NA	NA	NA	Chelonia	Chelonia	NA	NA	mydas	NA	NA	SPECIES	NA	NA	NA	ACCEPTED	NA	NA	cece4fc2-1fec-4bb5-a335-7252548e3f0b	US	2026-09-07 00:06:40	NA	NA	NA	NA	NA	COORDINATE_ROUNDED;CONTINENT_DERIVED_FROM_COORDINATES	NA	COORDINATE_ROUNDED;CONTINENT_DERIVED_FROM_COORDINATES	StillImage	TRUE	FALSE	TVGD	TVGD	N	CH2	RP	477	87BWH	83J	NA	NA	NA	3MPC	NA	TVGD	Chelonia mydas	Chelonia mydas (Linnaeus, 1758)	Chelonia mydas	NA	EML	2026-09-07 00:06:40	2026-09-07 00:01:45	NA	TRUE	NA	NA	FALSE	LATIN_AMERICA	NORTH_AMERICA	NA	NA	NA	NA	NA	NA	NA	NA	LC
543673488	NA	NA	NA	CC0_1_0	2024-01-04 14:21:00	California Academy of Sciences	NA	NA	NA	http://grbio.org/institution/california-academy-sciences	http://grscicoll.org/institutional-collection/herpetology-0	NA	CAS	HERP	NA	NA	PRESERVED_SPECIMEN	NA	NA	NA	urn:catalog:CAS:HERP:8308	8308	2347	F.T. Nelson	NA	NA	NA	NA	Female	Adult	NA	NA	NA	NA	NA	NA	NA	NA	PRESENT	Dry	NA	NA	NA	NA	NA	NA	Killed on board 28 Dec 1905.  Miscellaneous postcrania in skeletal collection.	NA	NA	NA	NA	NA	NA	NA	NA	NA	NA	NA	NA	NA	NA	1905-12-01	NA	335	335	1905	12	1	1-17 Dec 1905	NA	NA	NA	NA	NA	NA	NA	NA	NA	South Pacific Ocean; Ecuador; Galapagos Prov.; Galapagos Ids.; Pinzon Id.	SOUTH_AMERICA	South Pacific Ocean	Galapagos Ids.	Pinzon Id.	EC	Galapagos Prov.	NA	NA	NA	Duncan Island, Galapagos Arch.	NA	NA	NA	NA	NA	NA	NA	-0.613056	-90.677778	NA	NA	NA	NA	NA	NA	NA	NA	NA	NA	NA	Google Earth, 2013.	NA	NA	NA	NA	NA	NA	NA	NA	NA	NA	NA	NA	NA	NA	NA	NA	NA	NA	NA	NA	NA	NA	NA	NA	NA	NA	NA	NA	NA	NA	NA	C6Q3Z	NA	NA	NA	NA	NA	Chelonoidis duncanensis (Pritchard, 1996)	NA	NA	NA	NA	NA	NA	Animalia; Chordata; Reptilia; Testudines; Testudinidae	Animalia	Chordata	Reptilia	Testudines	Testudinoidea	Testudinidae	NA	NA	NA	Chelonoidis	Chelonoidis	NA	NA	duncanensis	NA	NA	SPECIES	NA	NA	NA	SYNONYM	NA	NA	cece4fc2-1fec-4bb5-a335-7252548e3f0b	US	2026-09-07 00:06:33	NA	NA	NA	NA	NA	COORDINATE_ROUNDED;CONTINENT_DERIVED_FROM_COORDINATES	NA	COORDINATE_ROUNDED;CONTINENT_DERIVED_FROM_COORDINATES	StillImage	TRUE	FALSE	MVBKH	C6Q3Z	N	CH2	RP	477	87BWY	626NZ	NA	NA	NA	3MPP	NA	5Y2Z9	Chelonoidis niger	Chelonoidis niger duncanensis (Pritchard, 1996)	Chelonoidis duncanensis	NA	EML	2026-09-07 00:06:33	2026-09-07 00:01:45	NA	TRUE	NA	NA	FALSE	LATIN_AMERICA	NORTH_AMERICA	ECU	Ecuador	ECU.9_1	Galápagos	ECU.9.3_1	Santa Cruz	ECU.9.3.3_1	Santa Rosa	NA
543675310	NA	NA	NA	CC0_1_0	2024-01-04 14:21:00	California Academy of Sciences	NA	NA	NA	http://grbio.org/institution/california-academy-sciences	http://grscicoll.org/institutional-collection/herpetology-0	NA	CAS	HERP	NA	NA	PRESERVED_SPECIMEN	NA	NA	NA	urn:catalog:CAS:HERP:8472	8472	2352	F.T. Nelson	NA	NA	NA	NA	Male	Adult	NA	NA	NA	NA	NA	NA	NA	NA	PRESENT	Dry	NA	NA	NA	NA	NA	NA	Killed 28 Dec 1905. Miscellaneous postcrania in skeletal collection.	NA	NA	NA	NA	NA	NA	NA	NA	NA	NA	NA	NA	NA	NA	1905-12-26	NA	360	360	1905	12	26	26 Dec 1905	NA	NA	NA	NA	NA	NA	NA	NA	NA	South Pacific Ocean; Ecuador; Galapagos Prov.; Galapagos Ids.; San Salvador Id.	SOUTH_AMERICA	South Pacific Ocean	Galapagos Ids.	San Salvador Id.	EC	Galapagos Prov.	NA	NA	James Bay	James Bay, James Isl. Galapagos Arch.	NA	NA	NA	NA	NA	NA	NA	-0.203611	-90.829722	NA	NA	NA	NA	NA	NA	NA	NA	NA	NA	NA	Google Earth, 2013.	NA	NA	NA	NA	NA	NA	NA	NA	NA	NA	NA	NA	NA	NA	NA	NA	NA	NA	NA	NA	NA	NA	NA	NA	NA	NA	NA	NA	NA	NA	NA	TVGD	NA	NA	NA	NA	NA	Chelonia mydas (Linnaeus, 1758)	NA	NA	NA	NA	NA	NA	Animalia; Chordata; Reptilia; Testudines; Cheloniidae	Animalia	Chordata	Reptilia	Testudines	Chelonioidea	Cheloniidae	NA	NA	NA	Chelonia	Chelonia	NA	NA	mydas	NA	NA	SPECIES	NA	NA	NA	ACCEPTED	NA	NA	cece4fc2-1fec-4bb5-a335-7252548e3f0b	US	2026-09-07 00:06:33	NA	NA	NA	NA	NA	COORDINATE_ROUNDED;CONTINENT_DERIVED_FROM_COORDINATES	NA	COORDINATE_ROUNDED;CONTINENT_DERIVED_FROM_COORDINATES	StillImage	TRUE	FALSE	TVGD	TVGD	N	CH2	RP	477	87BWH	83J	NA	NA	NA	3MPC	NA	TVGD	Chelonia mydas	Chelonia mydas (Linnaeus, 1758)	Chelonia mydas	NA	EML	2026-09-07 00:06:33	2026-09-07 00:01:45	NA	TRUE	NA	NA	FALSE	LATIN_AMERICA	NORTH_AMERICA	NA	NA	NA	NA	NA	NA	NA	NA	LC
543673588	NA	NA	NA	CC0_1_0	2024-01-04 14:21:00	California Academy of Sciences	NA	NA	NA	http://grbio.org/institution/california-academy-sciences	http://grscicoll.org/institutional-collection/herpetology-0	NA	CAS	HERP	NA	NA	PRESERVED_SPECIMEN	NA	NA	NA	urn:catalog:CAS:HERP:8317	8317	2108	R.H. Beck	NA	NA	NA	NA	Male	Adult	NA	NA	NA	NA	NA	NA	NA	NA	PRESENT	Dry	NA	NA	NA	NA	NA	NA	Miscellaneous postcrania in skeletal collection.	NA	NA	NA	NA	NA	NA	NA	NA	NA	NA	NA	NA	NA	NA	1905-12-01	NA	335	335	1905	12	1	1-17 Dec 1905	NA	NA	NA	NA	NA	NA	NA	NA	NA	South Pacific Ocean; Ecuador; Galapagos Prov.; Galapagos Ids.; Pinzon Id.	SOUTH_AMERICA	South Pacific Ocean	Galapagos Ids.	Pinzon Id.	EC	Galapagos Prov.	NA	NA	NA	Duncan Island, Galapagos Arch.	NA	NA	NA	NA	NA	NA	NA	-0.613056	-90.677778	NA	NA	NA	NA	NA	NA	NA	NA	NA	NA	NA	Google Earth, 2013.	NA	NA	NA	NA	NA	NA	NA	NA	NA	NA	NA	NA	NA	NA	NA	NA	NA	NA	NA	NA	NA	NA	NA	NA	NA	NA	NA	NA	NA	NA	NA	C6Q3Z	NA	NA	NA	NA	NA	Chelonoidis duncanensis (Pritchard, 1996)	NA	NA	NA	NA	NA	NA	Animalia; Chordata; Reptilia; Testudines; Testudinidae	Animalia	Chordata	Reptilia	Testudines	Testudinoidea	Testudinidae	NA	NA	NA	Chelonoidis	Chelonoidis	NA	NA	duncanensis	NA	NA	SPECIES	NA	NA	NA	SYNONYM	NA	NA	cece4fc2-1fec-4bb5-a335-7252548e3f0b	US	2026-09-07 00:06:33	NA	NA	NA	NA	NA	COORDINATE_ROUNDED;CONTINENT_DERIVED_FROM_COORDINATES	NA	COORDINATE_ROUNDED;CONTINENT_DERIVED_FROM_COORDINATES	StillImage	TRUE	FALSE	MVBKH	C6Q3Z	N	CH2	RP	477	87BWY	626NZ	NA	NA	NA	3MPP	NA	5Y2Z9	Chelonoidis niger	Chelonoidis niger duncanensis (Pritchard, 1996)	Chelonoidis duncanensis	NA	EML	2026-09-07 00:06:33	2026-09-07 00:01:45	NA	TRUE	NA	NA	FALSE	LATIN_AMERICA	NORTH_AMERICA	ECU	Ecuador	ECU.9_1	Galápagos	ECU.9.3_1	Santa Cruz	ECU.9.3.3_1	Santa Rosa	NA
543674321	NA	NA	NA	CC0_1_0	2024-01-04 14:21:00	California Academy of Sciences	NA	NA	NA	http://grbio.org/institution/california-academy-sciences	http://grscicoll.org/institutional-collection/herpetology-0	NA	CAS	HERP	NA	NA	PRESERVED_SPECIMEN	NA	NA	NA	urn:catalog:CAS:HERP:8383	8383	1981?	R.H. Beck	NA	NA	NA	NA	Male	Adult	NA	NA	NA	NA	NA	NA	NA	NA	PRESENT	Dry	NA	NA	NA	NA	NA	NA	NA	NA	NA	NA	NA	NA	NA	NA	NA	NA	NA	NA	NA	NA	NA	1905-11-13	NA	317	317	1905	11	13	13 Nov 1905	NA	NA	NA	NA	NA	NA	NA	NA	NA	South Pacific Ocean; Ecuador; Galapagos Prov.; Galapagos Ids.; Santa Cruz Id.	SOUTH_AMERICA	South Pacific Ocean	Galapagos Ids.	Santa Cruz Id.	EC	Galapagos Prov.	NA	NA	NA	Indefatigable Island, Galapagos Arch.	NA	NA	NA	NA	NA	NA	NA	-0.726389	-90.327639	NA	NA	NA	NA	NA	NA	NA	NA	NA	NA	NA	Google Earth, 2013.	NA	NA	NA	NA	NA	NA	NA	NA	NA	NA	NA	NA	NA	NA	NA	NA	NA	NA	NA	NA	NA	NA	NA	NA	NA	NA	NA	NA	NA	NA	NA	C6Q47	NA	NA	NA	NA	NA	Chelonoidis porteri (Rothschild, 1903)	NA	NA	NA	NA	NA	NA	Animalia; Chordata; Reptilia; Testudines; Testudinidae	Animalia	Chordata	Reptilia	Testudines	Testudinoidea	Testudinidae	NA	NA	NA	Chelonoidis	Chelonoidis	NA	NA	porteri	NA	NA	SPECIES	NA	NA	NA	SYNONYM	NA	NA	cece4fc2-1fec-4bb5-a335-7252548e3f0b	US	2026-09-07 00:06:40	NA	NA	NA	NA	NA	COORDINATE_ROUNDED;CONTINENT_DERIVED_FROM_COORDINATES	NA	COORDINATE_ROUNDED;CONTINENT_DERIVED_FROM_COORDINATES	StillImage	TRUE	FALSE	TVLK	C6Q47	N	CH2	RP	477	87BWY	626NZ	NA	NA	NA	3MPP	NA	5Y2Z9	Chelonoidis niger	Chelonoidis niger porteri (Rothschild, 1903)	Chelonoidis porteri	NA	EML	2026-09-07 00:06:40	2026-09-07 00:01:45	NA	TRUE	NA	NA	FALSE	LATIN_AMERICA	NORTH_AMERICA	ECU	Ecuador	ECU.9_1	Galápagos	ECU.9.3_1	Santa Cruz	ECU.9.3.1_1	Bellavista	NA
543674332	NA	NA	NA	CC0_1_0	2024-01-04 14:21:00	California Academy of Sciences	NA	NA	NA	http://grbio.org/institution/california-academy-sciences	http://grscicoll.org/institutional-collection/herpetology-0	NA	CAS	HERP	NA	NA	PRESERVED_SPECIMEN	NA	NA	NA	urn:catalog:CAS:HERP:8384	8384	1874?	R.H. Beck	NA	NA	NA	NA	Female	Adult	NA	NA	NA	NA	NA	NA	NA	NA	PRESENT	Dry	NA	NA	NA	NA	NA	NA	NA	NA	NA	NA	NA	NA	NA	NA	NA	NA	NA	NA	NA	NA	NA	1905-11-06	NA	310	310	1905	11	6	6 Nov 1905	NA	NA	NA	NA	NA	NA	NA	NA	NA	South Pacific Ocean; Ecuador; Galapagos Prov.; Galapagos Ids.; Santa Cruz Id.	SOUTH_AMERICA	South Pacific Ocean	Galapagos Ids.	Santa Cruz Id.	EC	Galapagos Prov.	NA	NA	NA	Indefatigable Island, Galapagos Arch.	NA	NA	NA	NA	NA	NA	NA	-0.726389	-90.327639	NA	NA	NA	NA	NA	NA	NA	NA	NA	NA	NA	Google Earth, 2013.	NA	NA	NA	NA	NA	NA	NA	NA	NA	NA	NA	NA	NA	NA	NA	NA	NA	NA	NA	NA	NA	NA	NA	NA	NA	NA	NA	NA	NA	NA	NA	C6Q47	NA	NA	NA	NA	NA	Chelonoidis porteri (Rothschild, 1903)	NA	NA	NA	NA	NA	NA	Animalia; Chordata; Reptilia; Testudines; Testudinidae	Animalia	Chordata	Reptilia	Testudines	Testudinoidea	Testudinidae	NA	NA	NA	Chelonoidis	Chelonoidis	NA	NA	porteri	NA	NA	SPECIES	NA	NA	NA	SYNONYM	NA	NA	cece4fc2-1fec-4bb5-a335-7252548e3f0b	US	2026-09-07 00:06:40	NA	NA	NA	NA	NA	COORDINATE_ROUNDED;CONTINENT_DERIVED_FROM_COORDINATES	NA	COORDINATE_ROUNDED;CONTINENT_DERIVED_FROM_COORDINATES	StillImage	TRUE	FALSE	TVLK	C6Q47	N	CH2	RP	477	87BWY	626NZ	NA	NA	NA	3MPP	NA	5Y2Z9	Chelonoidis niger	Chelonoidis niger porteri (Rothschild, 1903)	Chelonoidis porteri	NA	EML	2026-09-07 00:06:40	2026-09-07 00:01:45	NA	TRUE	NA	NA	FALSE	LATIN_AMERICA	NORTH_AMERICA	ECU	Ecuador	ECU.9_1	Galápagos	ECU.9.3_1	Santa Cruz	ECU.9.3.1_1	Bellavista	NA
543675921	NA	NA	NA	CC0_1_0	2024-01-04 14:21:00	California Academy of Sciences	NA	NA	NA	http://grbio.org/institution/california-academy-sciences	http://grscicoll.org/institutional-collection/herpetology-0	NA	CAS	HERP	NA	NA	PRESERVED_SPECIMEN	NA	NA	NA	urn:catalog:CAS:HERP:8527	8527	NA	NA	NA	NA	NA	NA	NA	Adult	NA	NA	NA	NA	NA	NA	NA	NA	PRESENT	Dry	NA	NA	NA	NA	NA	NA	NA	NA	NA	NA	NA	NA	NA	NA	NA	NA	NA	NA	NA	NA	NA	1905	NA	NA	NA	1905	NA	NA	1905-1906	NA	NA	NA	NA	NA	NA	NA	NA	NA	South Pacific Ocean; Ecuador; Galapagos Prov.; Galapagos Ids.	SOUTH_AMERICA	South Pacific Ocean	Galapagos Ids.	NA	EC	Galapagos Prov.	NA	NA	NA	Galapagos Arch.	NA	NA	NA	NA	NA	NA	NA	NA	NA	NA	NA	NA	NA	NA	NA	NA	NA	NA	NA	NA	NA	NA	NA	NA	NA	NA	NA	NA	NA	NA	NA	NA	NA	NA	NA	NA	NA	NA	NA	NA	NA	NA	NA	NA	NA	NA	NA	NA	NA	NA	NA	NA	TVGD	NA	NA	NA	NA	NA	Chelonia mydas (Linnaeus, 1758)	NA	NA	NA	NA	NA	NA	Animalia; Chordata; Reptilia; Testudines; Cheloniidae	Animalia	Chordata	Reptilia	Testudines	Chelonioidea	Cheloniidae	NA	NA	NA	Chelonia	Chelonia	NA	NA	mydas	NA	NA	SPECIES	NA	NA	NA	ACCEPTED	NA	NA	cece4fc2-1fec-4bb5-a335-7252548e3f0b	US	2026-09-07 00:06:38	NA	NA	NA	NA	NA	CONTINENT_DERIVED_FROM_COUNTRY	NA	CONTINENT_DERIVED_FROM_COUNTRY	StillImage	FALSE	FALSE	TVGD	TVGD	N	CH2	RP	477	87BWH	83J	NA	NA	NA	3MPC	NA	TVGD	Chelonia mydas	Chelonia mydas (Linnaeus, 1758)	Chelonia mydas	NA	EML	2026-09-07 00:06:38	2026-09-07 00:01:45	NA	TRUE	NA	NA	FALSE	LATIN_AMERICA	NORTH_AMERICA	NA	NA	NA	NA	NA	NA	NA	NA	LC
543673154	NA	NA	NA	CC0_1_0	2024-01-04 14:21:00	California Academy of Sciences	NA	NA	NA	http://grbio.org/institution/california-academy-sciences	http://grscicoll.org/institutional-collection/herpetology-0	NA	CAS	HERP	NA	NA	PRESERVED_SPECIMEN	NA	NA	NA	urn:catalog:CAS:HERP:8278	8278	1877	R.H. Beck	NA	NA	NA	NA	Female	Adult	NA	NA	NA	NA	NA	NA	NA	NA	PRESENT	Dry	NA	NA	NA	NA	NA	NA	NA	NA	NA	NA	NA	NA	NA	NA	NA	NA	NA	NA	NA	NA	NA	1905-11-07	NA	311	311	1905	11	7	7 Nov 1905	NA	NA	NA	NA	NA	NA	NA	NA	NA	South Pacific Ocean; Ecuador; Galapagos Prov.; Galapagos Ids.; Santa Cruz Id.	SOUTH_AMERICA	South Pacific Ocean	Galapagos Ids.	Santa Cruz Id.	EC	Galapagos Prov.	NA	NA	vicinity of Academy Bay	Indefatigable Isl., Galapagos Arch.  Vic. Academy Bay.	NA	NA	NA	NA	NA	NA	NA	-0.726389	-90.327639	NA	NA	NA	NA	NA	NA	NA	NA	NA	NA	NA	Google Earth, 2013.	NA	NA	NA	NA	NA	NA	NA	NA	NA	NA	NA	NA	NA	NA	NA	NA	NA	NA	NA	NA	NA	NA	NA	NA	NA	NA	NA	NA	NA	NA	NA	C6Q47	NA	NA	NA	NA	NA	Chelonoidis porteri (Rothschild, 1903)	NA	NA	NA	NA	NA	NA	Animalia; Chordata; Reptilia; Testudines; Testudinidae	Animalia	Chordata	Reptilia	Testudines	Testudinoidea	Testudinidae	NA	NA	NA	Chelonoidis	Chelonoidis	NA	NA	porteri	NA	NA	SPECIES	NA	NA	NA	SYNONYM	NA	NA	cece4fc2-1fec-4bb5-a335-7252548e3f0b	US	2026-09-07 00:06:33	NA	NA	NA	NA	NA	COORDINATE_ROUNDED;CONTINENT_DERIVED_FROM_COORDINATES	NA	COORDINATE_ROUNDED;CONTINENT_DERIVED_FROM_COORDINATES	StillImage	TRUE	FALSE	TVLK	C6Q47	N	CH2	RP	477	87BWY	626NZ	NA	NA	NA	3MPP	NA	5Y2Z9	Chelonoidis niger	Chelonoidis niger porteri (Rothschild, 1903)	Chelonoidis porteri	NA	EML	2026-09-07 00:06:33	2026-09-07 00:01:45	NA	TRUE	NA	NA	FALSE	LATIN_AMERICA	NORTH_AMERICA	ECU	Ecuador	ECU.9_1	Galápagos	ECU.9.3_1	Santa Cruz	ECU.9.3.1_1	Bellavista	NA
543675265	NA	NA	NA	CC0_1_0	2024-01-04 14:21:00	California Academy of Sciences	NA	NA	NA	http://grbio.org/institution/california-academy-sciences	http://grscicoll.org/institutional-collection/herpetology-0	NA	CAS	HERP	NA	NA	PRESERVED_SPECIMEN	NA	NA	NA	urn:catalog:CAS:HERP:8468	8468	2220	F.T. Nelson	NA	NA	NA	NA	Female	Adult	NA	NA	NA	NA	NA	NA	NA	NA	PRESENT	Dry	NA	NA	NA	NA	NA	NA	Killed 22 Dec 1905.  Miscellaneous postcrania in skeletal collection.	NA	NA	NA	NA	NA	NA	NA	NA	NA	NA	NA	NA	NA	NA	1905-12-20	NA	354	354	1905	12	20	20 Dec 1905	NA	NA	NA	NA	NA	NA	NA	NA	NA	South Pacific Ocean; Ecuador; Galapagos Prov.; Galapagos Ids.; San Salvador Id.	SOUTH_AMERICA	South Pacific Ocean	Galapagos Ids.	San Salvador Id.	EC	Galapagos Prov.	NA	NA	NA	James Isl. Galapagos Arch.	NA	NA	NA	NA	NA	NA	NA	-0.347778	-90.671667	NA	NA	NA	NA	NA	NA	NA	NA	NA	NA	NA	Google Earth, 2013.	NA	NA	NA	NA	NA	NA	NA	NA	NA	NA	NA	NA	NA	NA	NA	NA	NA	NA	NA	NA	NA	NA	NA	NA	NA	NA	NA	NA	NA	NA	NA	TVGD	NA	NA	NA	NA	NA	Chelonia mydas (Linnaeus, 1758)	NA	NA	NA	NA	NA	NA	Animalia; Chordata; Reptilia; Testudines; Cheloniidae	Animalia	Chordata	Reptilia	Testudines	Chelonioidea	Cheloniidae	NA	NA	NA	Chelonia	Chelonia	NA	NA	mydas	NA	NA	SPECIES	NA	NA	NA	ACCEPTED	NA	NA	cece4fc2-1fec-4bb5-a335-7252548e3f0b	US	2026-09-07 00:06:33	NA	NA	NA	NA	NA	COORDINATE_ROUNDED;CONTINENT_DERIVED_FROM_COORDINATES	NA	COORDINATE_ROUNDED;CONTINENT_DERIVED_FROM_COORDINATES	StillImage	TRUE	FALSE	TVGD	TVGD	N	CH2	RP	477	87BWH	83J	NA	NA	NA	3MPC	NA	TVGD	Chelonia mydas	Chelonia mydas (Linnaeus, 1758)	Chelonia mydas	NA	EML	2026-09-07 00:06:33	2026-09-07 00:01:45	NA	TRUE	NA	NA	FALSE	LATIN_AMERICA	NORTH_AMERICA	NA	NA	NA	NA	NA	NA	NA	NA	LC
543675666	NA	NA	NA	CC0_1_0	2024-01-04 14:21:00	California Academy of Sciences	NA	NA	NA	http://grbio.org/institution/california-academy-sciences	http://grscicoll.org/institutional-collection/herpetology-0	NA	CAS	HERP	NA	NA	PRESERVED_SPECIMEN	NA	NA	NA	urn:catalog:CAS:HERP:8504	8504	2083?	E.S. King	NA	NA	NA	NA	Male	Adult	NA	NA	NA	NA	NA	NA	NA	NA	PRESENT	Dry	NA	NA	NA	NA	NA	NA	Killed 4 Dec 1905.  Miscellaneous postcrania in skeletal collection.  Date of collection in error, no collecting was done on 26 Nov 1905 based on Slevin's and Beck's field notes - JVV, 16 Jul 2013.	NA	NA	NA	NA	NA	NA	NA	NA	NA	NA	NA	NA	NA	NA	1905-11-26	NA	330	330	1905	11	26	26 Nov 1905	NA	NA	NA	NA	NA	NA	NA	NA	NA	South Pacific Ocean; Ecuador; Galapagos Prov.; Galapagos Ids.; Santa Cruz Id.	SOUTH_AMERICA	South Pacific Ocean	Galapagos Ids.	Santa Cruz Id.	EC	Galapagos Prov.	NA	NA	NA	Indefatigable Isl. Galapagos Arch.	NA	NA	NA	NA	NA	NA	NA	-0.501667	-90.3275	NA	NA	NA	NA	NA	NA	NA	NA	NA	NA	NA	Google Earth, 2013.	NA	NA	NA	NA	NA	NA	NA	NA	NA	NA	NA	NA	NA	NA	NA	NA	NA	NA	NA	NA	NA	NA	NA	NA	NA	NA	NA	NA	NA	NA	NA	TVGD	NA	NA	NA	NA	NA	Chelonia mydas (Linnaeus, 1758)	NA	NA	NA	NA	NA	NA	Animalia; Chordata; Reptilia; Testudines; Cheloniidae	Animalia	Chordata	Reptilia	Testudines	Chelonioidea	Cheloniidae	NA	NA	NA	Chelonia	Chelonia	NA	NA	mydas	NA	NA	SPECIES	NA	NA	NA	ACCEPTED	NA	NA	cece4fc2-1fec-4bb5-a335-7252548e3f0b	US	2026-09-07 00:06:36	NA	NA	NA	NA	NA	COORDINATE_ROUNDED;CONTINENT_DERIVED_FROM_COORDINATES	NA	COORDINATE_ROUNDED;CONTINENT_DERIVED_FROM_COORDINATES	StillImage	TRUE	FALSE	TVGD	TVGD	N	CH2	RP	477	87BWH	83J	NA	NA	NA	3MPC	NA	TVGD	Chelonia mydas	Chelonia mydas (Linnaeus, 1758)	Chelonia mydas	NA	EML	2026-09-07 00:06:36	2026-09-07 00:01:45	NA	TRUE	NA	NA	FALSE	LATIN_AMERICA	NORTH_AMERICA	NA	NA	NA	NA	NA	NA	NA	NA	LC
543673710	NA	NA	NA	CC0_1_0	2024-01-04 14:21:00	California Academy of Sciences	NA	NA	NA	http://grbio.org/institution/california-academy-sciences	http://grscicoll.org/institutional-collection/herpetology-0	NA	CAS	HERP	NA	NA	PRESERVED_SPECIMEN	NA	NA	NA	urn:catalog:CAS:HERP:8328	8328	2144	R.H. Beck	NA	NA	NA	NA	Male	Adult	NA	NA	NA	NA	NA	NA	NA	NA	PRESENT	Dry	NA	NA	NA	NA	NA	NA	Miscellaneous postcrania in skeletal collection.	NA	NA	NA	NA	NA	NA	NA	NA	NA	NA	NA	NA	NA	NA	1905-12-01	NA	335	335	1905	12	1	1-17 Dec 1905	NA	NA	NA	NA	NA	NA	NA	NA	NA	South Pacific Ocean; Ecuador; Galapagos Prov.; Galapagos Ids.; Pinzon Id.	SOUTH_AMERICA	South Pacific Ocean	Galapagos Ids.	Pinzon Id.	EC	Galapagos Prov.	NA	NA	NA	Duncan Island, Galapagos Arch.	NA	NA	NA	NA	NA	NA	NA	-0.613056	-90.677778	NA	NA	NA	NA	NA	NA	NA	NA	NA	NA	NA	Google Earth, 2013.	NA	NA	NA	NA	NA	NA	NA	NA	NA	NA	NA	NA	NA	NA	NA	NA	NA	NA	NA	NA	NA	NA	NA	NA	NA	NA	NA	NA	NA	NA	NA	C6Q3Z	NA	NA	NA	NA	NA	Chelonoidis duncanensis (Pritchard, 1996)	NA	NA	NA	NA	NA	NA	Animalia; Chordata; Reptilia; Testudines; Testudinidae	Animalia	Chordata	Reptilia	Testudines	Testudinoidea	Testudinidae	NA	NA	NA	Chelonoidis	Chelonoidis	NA	NA	duncanensis	NA	NA	SPECIES	NA	NA	NA	SYNONYM	NA	NA	cece4fc2-1fec-4bb5-a335-7252548e3f0b	US	2026-09-07 00:06:33	NA	NA	NA	NA	NA	COORDINATE_ROUNDED;CONTINENT_DERIVED_FROM_COORDINATES	NA	COORDINATE_ROUNDED;CONTINENT_DERIVED_FROM_COORDINATES	StillImage	TRUE	FALSE	MVBKH	C6Q3Z	N	CH2	RP	477	87BWY	626NZ	NA	NA	NA	3MPP	NA	5Y2Z9	Chelonoidis niger	Chelonoidis niger duncanensis (Pritchard, 1996)	Chelonoidis duncanensis	NA	EML	2026-09-07 00:06:33	2026-09-07 00:01:45	NA	TRUE	NA	NA	FALSE	LATIN_AMERICA	NORTH_AMERICA	ECU	Ecuador	ECU.9_1	Galápagos	ECU.9.3_1	Santa Cruz	ECU.9.3.3_1	Santa Rosa	NA
543673866	NA	NA	NA	CC0_1_0	2024-01-04 14:21:00	California Academy of Sciences	NA	NA	NA	http://grbio.org/institution/california-academy-sciences	http://grscicoll.org/institutional-collection/herpetology-0	NA	CAS	HERP	NA	NA	PRESERVED_SPECIMEN	NA	NA	NA	urn:catalog:CAS:HERP:8342	8342	2159	R.H. Beck	NA	NA	NA	NA	Female	Adult	NA	NA	NA	NA	NA	NA	NA	NA	PRESENT	Dry	NA	NA	NA	NA	NA	NA	Miscellaneous postcrania in skeletal collection.	NA	NA	NA	NA	NA	NA	NA	NA	NA	NA	NA	NA	NA	NA	1905-12-01	NA	335	335	1905	12	1	1-17 Dec 1905	NA	NA	NA	NA	NA	NA	NA	NA	NA	South Pacific Ocean; Ecuador; Galapagos Prov.; Galapagos Ids.; Pinzon Id.	SOUTH_AMERICA	South Pacific Ocean	Galapagos Ids.	Pinzon Id.	EC	Galapagos Prov.	NA	NA	NA	Duncan Island, Galapagos Arch.	NA	NA	NA	NA	NA	NA	NA	-0.613056	-90.677778	NA	NA	NA	NA	NA	NA	NA	NA	NA	NA	NA	Google Earth, 2013.	NA	NA	NA	NA	NA	NA	NA	NA	NA	NA	NA	NA	NA	NA	NA	NA	NA	NA	NA	NA	NA	NA	NA	NA	NA	NA	NA	NA	NA	NA	NA	C6Q3Z	NA	NA	NA	NA	NA	Chelonoidis duncanensis (Pritchard, 1996)	NA	NA	NA	NA	NA	NA	Animalia; Chordata; Reptilia; Testudines; Testudinidae	Animalia	Chordata	Reptilia	Testudines	Testudinoidea	Testudinidae	NA	NA	NA	Chelonoidis	Chelonoidis	NA	NA	duncanensis	NA	NA	SPECIES	NA	NA	NA	SYNONYM	NA	NA	cece4fc2-1fec-4bb5-a335-7252548e3f0b	US	2026-09-07 00:06:33	NA	NA	NA	NA	NA	COORDINATE_ROUNDED;CONTINENT_DERIVED_FROM_COORDINATES	NA	COORDINATE_ROUNDED;CONTINENT_DERIVED_FROM_COORDINATES	StillImage	TRUE	FALSE	MVBKH	C6Q3Z	N	CH2	RP	477	87BWY	626NZ	NA	NA	NA	3MPP	NA	5Y2Z9	Chelonoidis niger	Chelonoidis niger duncanensis (Pritchard, 1996)	Chelonoidis duncanensis	NA	EML	2026-09-07 00:06:33	2026-09-07 00:01:45	NA	TRUE	NA	NA	FALSE	LATIN_AMERICA	NORTH_AMERICA	ECU	Ecuador	ECU.9_1	Galápagos	ECU.9.3_1	Santa Cruz	ECU.9.3.3_1	Santa Rosa	NA
543675188	NA	NA	NA	CC0_1_0	2024-01-04 14:21:00	California Academy of Sciences	NA	NA	NA	http://grbio.org/institution/california-academy-sciences	http://grscicoll.org/institutional-collection/herpetology-0	NA	CAS	HERP	NA	NA	PRESERVED_SPECIMEN	NA	NA	NA	urn:catalog:CAS:HERP:8461	8461	2082	R.H. Beck	NA	NA	NA	NA	Female	Adult	NA	NA	NA	NA	NA	NA	NA	NA	PRESENT	Dry	NA	NA	NA	NA	NA	NA	Killed 4 Dec 1905.  Miscellaneous postcrania in skeletal collection.  Date of collection in error, no collecting was done on 26 Nov 1905 based on Slevin's and Beck's field notes - JVV, 16 Jul 2013.	NA	NA	NA	NA	NA	NA	NA	NA	NA	NA	NA	NA	NA	NA	1905-11-26	NA	330	330	1905	11	26	26 Nov 1905	NA	NA	NA	NA	NA	NA	NA	NA	NA	South Pacific Ocean; Ecuador; Galapagos Prov.; Galapagos Ids.; Santa Cruz Id.	SOUTH_AMERICA	South Pacific Ocean	Galapagos Ids.	Santa Cruz Id.	EC	Galapagos Prov.	NA	NA	NA	Indefatigable Isl., Galapagos Arch.	NA	NA	NA	NA	NA	NA	NA	-0.501667	-90.3275	NA	NA	NA	NA	NA	NA	NA	NA	NA	NA	NA	Google Earth, 2013.	NA	NA	NA	NA	NA	NA	NA	NA	NA	NA	NA	NA	NA	NA	NA	NA	NA	NA	NA	NA	NA	NA	NA	NA	NA	NA	NA	NA	NA	NA	NA	TVGD	NA	NA	NA	NA	NA	Chelonia mydas (Linnaeus, 1758)	NA	NA	NA	NA	NA	NA	Animalia; Chordata; Reptilia; Testudines; Cheloniidae	Animalia	Chordata	Reptilia	Testudines	Chelonioidea	Cheloniidae	NA	NA	NA	Chelonia	Chelonia	NA	NA	mydas	NA	NA	SPECIES	NA	NA	NA	ACCEPTED	NA	NA	cece4fc2-1fec-4bb5-a335-7252548e3f0b	US	2026-09-07 00:06:33	NA	NA	NA	NA	NA	COORDINATE_ROUNDED;CONTINENT_DERIVED_FROM_COORDINATES	NA	COORDINATE_ROUNDED;CONTINENT_DERIVED_FROM_COORDINATES	StillImage	TRUE	FALSE	TVGD	TVGD	N	CH2	RP	477	87BWH	83J	NA	NA	NA	3MPC	NA	TVGD	Chelonia mydas	Chelonia mydas (Linnaeus, 1758)	Chelonia mydas	NA	EML	2026-09-07 00:06:33	2026-09-07 00:01:45	NA	TRUE	NA	NA	FALSE	LATIN_AMERICA	NORTH_AMERICA	NA	NA	NA	NA	NA	NA	NA	NA	LC
543673332	NA	NA	NA	CC0_1_0	2024-01-04 14:21:00	California Academy of Sciences	NA	NA	NA	http://grbio.org/institution/california-academy-sciences	http://grscicoll.org/institutional-collection/herpetology-0	NA	CAS	HERP	NA	NA	PRESERVED_SPECIMEN	NA	NA	NA	urn:catalog:CAS:HERP:8294	8294	2087	R.H. Beck	NA	NA	NA	NA	Female	Adult	NA	NA	NA	NA	NA	NA	NA	NA	PRESENT	Dry	NA	NA	NA	NA	NA	NA	Miscellaneous postcrania in skeletal collection.	NA	NA	NA	NA	NA	NA	NA	NA	NA	NA	NA	NA	NA	NA	1905-12-05	NA	339	339	1905	12	5	5 Dec 1905	NA	NA	NA	NA	NA	NA	NA	NA	NA	South Pacific Ocean; Ecuador; Galapagos Prov.; Galapagos Ids.; Pinzon Id.	SOUTH_AMERICA	South Pacific Ocean	Galapagos Ids.	Pinzon Id.	EC	Galapagos Prov.	NA	NA	NA	Duncan Island, Galapagos Arch.	NA	NA	NA	NA	NA	NA	NA	-0.613056	-90.677778	NA	NA	NA	NA	NA	NA	NA	NA	NA	NA	NA	Google Earth, 2013.	NA	NA	NA	NA	NA	NA	NA	NA	NA	NA	NA	NA	NA	NA	NA	NA	NA	NA	NA	NA	NA	NA	NA	NA	NA	NA	NA	NA	NA	NA	NA	C6Q3Z	NA	NA	NA	NA	NA	Chelonoidis duncanensis (Pritchard, 1996)	NA	NA	NA	NA	NA	NA	Animalia; Chordata; Reptilia; Testudines; Testudinidae	Animalia	Chordata	Reptilia	Testudines	Testudinoidea	Testudinidae	NA	NA	NA	Chelonoidis	Chelonoidis	NA	NA	duncanensis	NA	NA	SPECIES	NA	NA	NA	SYNONYM	NA	NA	cece4fc2-1fec-4bb5-a335-7252548e3f0b	US	2026-09-07 00:06:38	NA	NA	NA	NA	NA	COORDINATE_ROUNDED;CONTINENT_DERIVED_FROM_COORDINATES	NA	COORDINATE_ROUNDED;CONTINENT_DERIVED_FROM_COORDINATES	StillImage	TRUE	FALSE	MVBKH	C6Q3Z	N	CH2	RP	477	87BWY	626NZ	NA	NA	NA	3MPP	NA	5Y2Z9	Chelonoidis niger	Chelonoidis niger duncanensis (Pritchard, 1996)	Chelonoidis duncanensis	NA	EML	2026-09-07 00:06:38	2026-09-07 00:01:45	NA	TRUE	NA	NA	FALSE	LATIN_AMERICA	NORTH_AMERICA	ECU	Ecuador	ECU.9_1	Galápagos	ECU.9.3_1	Santa Cruz	ECU.9.3.3_1	Santa Rosa	NA
543675032	NA	NA	NA	CC0_1_0	2024-01-04 14:21:00	California Academy of Sciences	NA	NA	NA	http://grbio.org/institution/california-academy-sciences	http://grscicoll.org/institutional-collection/herpetology-0	NA	CAS	HERP	NA	NA	PRESERVED_SPECIMEN	NA	NA	NA	urn:catalog:CAS:HERP:8447	8447	872	R.H. Beck	NA	NA	NA	NA	Female	Adult	NA	NA	NA	NA	NA	NA	NA	NA	PRESENT	Dry	NA	NA	NA	NA	NA	NA	Killed 29 Sep 1905. Miscellaneous postcrania in Skel.	NA	NA	NA	NA	NA	NA	NA	NA	NA	NA	NA	NA	NA	NA	1905-09-28	NA	271	271	1905	9	28	28 Sep 1905	NA	NA	NA	NA	NA	NA	NA	NA	NA	South Pacific Ocean; Ecuador; Galapagos Prov.; Galapagos Ids.; Espanola Id.	SOUTH_AMERICA	South Pacific Ocean	Galapagos Ids.	Espanola Id.	EC	Galapagos Prov.	NA	NA	beach on NE part of island	Hood Island. Galapagos Arch. Beach on N.E. part of Island.	NA	NA	NA	NA	NA	NA	NA	-1.350917	-89.662083	NA	NA	NA	NA	NA	NA	NA	NA	NA	NA	NA	Google Earth, 2013.	NA	NA	NA	NA	NA	NA	NA	NA	NA	NA	NA	NA	NA	NA	NA	NA	NA	NA	NA	NA	NA	NA	NA	NA	NA	NA	NA	NA	NA	NA	NA	TVGD	NA	NA	NA	NA	NA	Chelonia mydas (Linnaeus, 1758)	NA	NA	NA	NA	NA	NA	Animalia; Chordata; Reptilia; Testudines; Cheloniidae	Animalia	Chordata	Reptilia	Testudines	Chelonioidea	Cheloniidae	NA	NA	NA	Chelonia	Chelonia	NA	NA	mydas	NA	NA	SPECIES	NA	NA	NA	ACCEPTED	NA	NA	cece4fc2-1fec-4bb5-a335-7252548e3f0b	US	2026-09-07 00:06:38	NA	NA	NA	NA	NA	COORDINATE_ROUNDED;CONTINENT_DERIVED_FROM_COORDINATES	NA	COORDINATE_ROUNDED;CONTINENT_DERIVED_FROM_COORDINATES	StillImage	TRUE	FALSE	TVGD	TVGD	N	CH2	RP	477	87BWH	83J	NA	NA	NA	3MPC	NA	TVGD	Chelonia mydas	Chelonia mydas (Linnaeus, 1758)	Chelonia mydas	NA	EML	2026-09-07 00:06:38	2026-09-07 00:01:45	NA	TRUE	NA	NA	FALSE	LATIN_AMERICA	NORTH_AMERICA	ECU	Ecuador	ECU.9_1	Galápagos	ECU.9.2_1	San Cristóbal	ECU.9.2.2_1	Isla Santa Mara (Floreana) (Cab.	LC
543675243	NA	NA	NA	CC0_1_0	2024-01-04 14:21:00	California Academy of Sciences	NA	NA	NA	http://grbio.org/institution/california-academy-sciences	http://grscicoll.org/institutional-collection/herpetology-0	NA	CAS	HERP	NA	NA	PRESERVED_SPECIMEN	NA	NA	NA	urn:catalog:CAS:HERP:8466	8466	2218	F.T. Nelson	NA	NA	NA	NA	Female	Adult	NA	NA	NA	NA	NA	NA	NA	NA	PRESENT	Dry	NA	NA	NA	NA	NA	NA	Killed 22 Dec 1905.  Miscellaneous postcrania in skeletal collection.	NA	NA	NA	NA	NA	NA	NA	NA	NA	NA	NA	NA	NA	NA	1905-12-20	NA	354	354	1905	12	20	20 Dec 1905	NA	NA	NA	NA	NA	NA	NA	NA	NA	South Pacific Ocean; Ecuador; Galapagos Prov.; Galapagos Ids.; San Salvador Id.	SOUTH_AMERICA	South Pacific Ocean	Galapagos Ids.	San Salvador Id.	EC	Galapagos Prov.	NA	NA	NA	James Isl. Galapagos Arch.	NA	NA	NA	NA	NA	NA	NA	-0.347778	-90.671667	NA	NA	NA	NA	NA	NA	NA	NA	NA	NA	NA	Google Earth, 2013.	NA	NA	NA	NA	NA	NA	NA	NA	NA	NA	NA	NA	NA	NA	NA	NA	NA	NA	NA	NA	NA	NA	NA	NA	NA	NA	NA	NA	NA	NA	NA	TVGD	NA	NA	NA	NA	NA	Chelonia mydas (Linnaeus, 1758)	NA	NA	NA	NA	NA	NA	Animalia; Chordata; Reptilia; Testudines; Cheloniidae	Animalia	Chordata	Reptilia	Testudines	Chelonioidea	Cheloniidae	NA	NA	NA	Chelonia	Chelonia	NA	NA	mydas	NA	NA	SPECIES	NA	NA	NA	ACCEPTED	NA	NA	cece4fc2-1fec-4bb5-a335-7252548e3f0b	US	2026-09-07 00:06:41	NA	NA	NA	NA	NA	COORDINATE_ROUNDED;CONTINENT_DERIVED_FROM_COORDINATES	NA	COORDINATE_ROUNDED;CONTINENT_DERIVED_FROM_COORDINATES	StillImage	TRUE	FALSE	TVGD	TVGD	N	CH2	RP	477	87BWH	83J	NA	NA	NA	3MPC	NA	TVGD	Chelonia mydas	Chelonia mydas (Linnaeus, 1758)	Chelonia mydas	NA	EML	2026-09-07 00:06:41	2026-09-07 00:01:45	NA	TRUE	NA	NA	FALSE	LATIN_AMERICA	NORTH_AMERICA	NA	NA	NA	NA	NA	NA	NA	NA	LC
543673644	NA	NA	NA	CC0_1_0	2024-01-04 14:21:00	California Academy of Sciences	NA	NA	NA	http://grbio.org/institution/california-academy-sciences	http://grscicoll.org/institutional-collection/herpetology-0	NA	CAS	HERP	NA	NA	PRESERVED_SPECIMEN	NA	NA	NA	urn:catalog:CAS:HERP:8322	8322	2118	R.H. Beck	NA	NA	NA	NA	Female	Adult	NA	NA	NA	NA	NA	NA	NA	NA	PRESENT	Dry	NA	NA	NA	NA	NA	NA	Pelvis in skeletal collection.	NA	NA	NA	NA	NA	NA	NA	NA	NA	NA	NA	NA	NA	NA	1905-12-01	NA	335	335	1905	12	1	1-17 Dec 1905	NA	NA	NA	NA	NA	NA	NA	NA	NA	South Pacific Ocean; Ecuador; Galapagos Prov.; Galapagos Ids.; Pinzon Id.	SOUTH_AMERICA	South Pacific Ocean	Galapagos Ids.	Pinzon Id.	EC	Galapagos Prov.	NA	NA	NA	Duncan Island, Galapagos Arch.	NA	NA	NA	NA	NA	NA	NA	-0.613056	-90.677778	NA	NA	NA	NA	NA	NA	NA	NA	NA	NA	NA	Google Earth, 2013.	NA	NA	NA	NA	NA	NA	NA	NA	NA	NA	NA	NA	NA	NA	NA	NA	NA	NA	NA	NA	NA	NA	NA	NA	NA	NA	NA	NA	NA	NA	NA	C6Q3Z	NA	NA	NA	NA	NA	Chelonoidis duncanensis (Pritchard, 1996)	NA	NA	NA	NA	NA	NA	Animalia; Chordata; Reptilia; Testudines; Testudinidae	Animalia	Chordata	Reptilia	Testudines	Testudinoidea	Testudinidae	NA	NA	NA	Chelonoidis	Chelonoidis	NA	NA	duncanensis	NA	NA	SPECIES	NA	NA	NA	SYNONYM	NA	NA	cece4fc2-1fec-4bb5-a335-7252548e3f0b	US	2026-09-07 00:06:38	NA	NA	NA	NA	NA	COORDINATE_ROUNDED;CONTINENT_DERIVED_FROM_COORDINATES	NA	COORDINATE_ROUNDED;CONTINENT_DERIVED_FROM_COORDINATES	StillImage	TRUE	FALSE	MVBKH	C6Q3Z	N	CH2	RP	477	87BWY	626NZ	NA	NA	NA	3MPP	NA	5Y2Z9	Chelonoidis niger	Chelonoidis niger duncanensis (Pritchard, 1996)	Chelonoidis duncanensis	NA	EML	2026-09-07 00:06:38	2026-09-07 00:01:45	NA	TRUE	NA	NA	FALSE	LATIN_AMERICA	NORTH_AMERICA	ECU	Ecuador	ECU.9_1	Galápagos	ECU.9.3_1	Santa Cruz	ECU.9.3.3_1	Santa Rosa	NA
543673821	NA	NA	NA	CC0_1_0	2024-01-04 14:21:00	California Academy of Sciences	NA	NA	NA	http://grbio.org/institution/california-academy-sciences	http://grscicoll.org/institutional-collection/herpetology-0	NA	CAS	HERP	NA	NA	PRESERVED_SPECIMEN	NA	NA	NA	urn:catalog:CAS:HERP:8338	8338	2155	R.H. Beck	NA	NA	NA	NA	Male	Adult	NA	NA	NA	NA	NA	NA	NA	NA	PRESENT	Dry	NA	NA	NA	NA	NA	NA	Miscellaneous postcrania in skeletal collection.	NA	NA	NA	NA	NA	NA	NA	NA	NA	NA	NA	NA	NA	NA	1905-12-01	NA	335	335	1905	12	1	1-17 Dec 1905	NA	NA	NA	NA	NA	NA	NA	NA	NA	South Pacific Ocean; Ecuador; Galapagos Prov.; Galapagos Ids.; Pinzon Id.	SOUTH_AMERICA	South Pacific Ocean	Galapagos Ids.	Pinzon Id.	EC	Galapagos Prov.	NA	NA	NA	Duncan Island, Galapagos Arch.	NA	NA	NA	NA	NA	NA	NA	-0.613056	-90.677778	NA	NA	NA	NA	NA	NA	NA	NA	NA	NA	NA	Google Earth, 2013.	NA	NA	NA	NA	NA	NA	NA	NA	NA	NA	NA	NA	NA	NA	NA	NA	NA	NA	NA	NA	NA	NA	NA	NA	NA	NA	NA	NA	NA	NA	NA	C6Q3Z	NA	NA	NA	NA	NA	Chelonoidis duncanensis (Pritchard, 1996)	NA	NA	NA	NA	NA	NA	Animalia; Chordata; Reptilia; Testudines; Testudinidae	Animalia	Chordata	Reptilia	Testudines	Testudinoidea	Testudinidae	NA	NA	NA	Chelonoidis	Chelonoidis	NA	NA	duncanensis	NA	NA	SPECIES	NA	NA	NA	SYNONYM	NA	NA	cece4fc2-1fec-4bb5-a335-7252548e3f0b	US	2026-09-07 00:06:38	NA	NA	NA	NA	NA	COORDINATE_ROUNDED;CONTINENT_DERIVED_FROM_COORDINATES	NA	COORDINATE_ROUNDED;CONTINENT_DERIVED_FROM_COORDINATES	StillImage	TRUE	FALSE	MVBKH	C6Q3Z	N	CH2	RP	477	87BWY	626NZ	NA	NA	NA	3MPP	NA	5Y2Z9	Chelonoidis niger	Chelonoidis niger duncanensis (Pritchard, 1996)	Chelonoidis duncanensis	NA	EML	2026-09-07 00:06:38	2026-09-07 00:01:45	NA	TRUE	NA	NA	FALSE	LATIN_AMERICA	NORTH_AMERICA	ECU	Ecuador	ECU.9_1	Galápagos	ECU.9.3_1	Santa Cruz	ECU.9.3.3_1	Santa Rosa	NA
543673844	NA	NA	NA	CC0_1_0	2024-01-04 14:21:00	California Academy of Sciences	NA	NA	NA	http://grbio.org/institution/california-academy-sciences	http://grscicoll.org/institutional-collection/herpetology-0	NA	CAS	HERP	NA	NA	PRESERVED_SPECIMEN	NA	NA	NA	urn:catalog:CAS:HERP:8340	8340	2157	R.H. Beck	NA	NA	NA	NA	Female	Adult	NA	NA	NA	NA	NA	NA	NA	NA	PRESENT	Dry	NA	NA	NA	NA	NA	NA	NA	NA	NA	NA	NA	NA	NA	NA	NA	NA	NA	NA	NA	NA	NA	1905-12-01	NA	335	335	1905	12	1	1-17 Dec 1905	NA	NA	NA	NA	NA	NA	NA	NA	NA	South Pacific Ocean; Ecuador; Galapagos Prov.; Galapagos Ids.; Pinzon Id.	SOUTH_AMERICA	South Pacific Ocean	Galapagos Ids.	Pinzon Id.	EC	Galapagos Prov.	NA	NA	NA	Duncan Island, Galapagos Arch.	NA	NA	NA	NA	NA	NA	NA	-0.613056	-90.677778	NA	NA	NA	NA	NA	NA	NA	NA	NA	NA	NA	Google Earth, 2013.	NA	NA	NA	NA	NA	NA	NA	NA	NA	NA	NA	NA	NA	NA	NA	NA	NA	NA	NA	NA	NA	NA	NA	NA	NA	NA	NA	NA	NA	NA	NA	C6Q3Z	NA	NA	NA	NA	NA	Chelonoidis duncanensis (Pritchard, 1996)	NA	NA	NA	NA	NA	NA	Animalia; Chordata; Reptilia; Testudines; Testudinidae	Animalia	Chordata	Reptilia	Testudines	Testudinoidea	Testudinidae	NA	NA	NA	Chelonoidis	Chelonoidis	NA	NA	duncanensis	NA	NA	SPECIES	NA	NA	NA	SYNONYM	NA	NA	cece4fc2-1fec-4bb5-a335-7252548e3f0b	US	2026-09-07 00:06:38	NA	NA	NA	NA	NA	COORDINATE_ROUNDED;CONTINENT_DERIVED_FROM_COORDINATES	NA	COORDINATE_ROUNDED;CONTINENT_DERIVED_FROM_COORDINATES	StillImage	TRUE	FALSE	MVBKH	C6Q3Z	N	CH2	RP	477	87BWY	626NZ	NA	NA	NA	3MPP	NA	5Y2Z9	Chelonoidis niger	Chelonoidis niger duncanensis (Pritchard, 1996)	Chelonoidis duncanensis	NA	EML	2026-09-07 00:06:38	2026-09-07 00:01:45	NA	TRUE	NA	NA	FALSE	LATIN_AMERICA	NORTH_AMERICA	ECU	Ecuador	ECU.9_1	Galápagos	ECU.9.3_1	Santa Cruz	ECU.9.3.3_1	Santa Rosa	NA
543675221	NA	NA	NA	CC0_1_0	2024-01-04 14:21:00	California Academy of Sciences	NA	NA	NA	http://grbio.org/institution/california-academy-sciences	http://grscicoll.org/institutional-collection/herpetology-0	NA	CAS	HERP	NA	NA	PRESERVED_SPECIMEN	NA	NA	NA	urn:catalog:CAS:HERP:8464	8464	2201	F.T. Nelson	NA	NA	NA	NA	Female	Adult	NA	NA	NA	NA	NA	NA	NA	NA	PRESENT	Dry	NA	NA	NA	NA	NA	NA	Miscellaneous postcrania in skeletal collection.	NA	NA	NA	NA	NA	NA	NA	NA	NA	NA	NA	NA	NA	NA	1905-12-20	NA	354	354	1905	12	20	20 Dec 1905	NA	NA	NA	NA	NA	NA	NA	NA	NA	South Pacific Ocean; Ecuador; Galapagos Prov.; Galapagos Ids.; San Salvador Id.	SOUTH_AMERICA	South Pacific Ocean	Galapagos Ids.	San Salvador Id.	EC	Galapagos Prov.	NA	NA	NA	James Isl. Galapagos Arch.	NA	NA	NA	NA	NA	NA	NA	-0.347778	-90.671667	NA	NA	NA	NA	NA	NA	NA	NA	NA	NA	NA	Google Earth, 2013.	NA	NA	NA	NA	NA	NA	NA	NA	NA	NA	NA	NA	NA	NA	NA	NA	NA	NA	NA	NA	NA	NA	NA	NA	NA	NA	NA	NA	NA	NA	NA	TVGD	NA	NA	NA	NA	NA	Chelonia mydas (Linnaeus, 1758)	NA	NA	NA	NA	NA	NA	Animalia; Chordata; Reptilia; Testudines; Cheloniidae	Animalia	Chordata	Reptilia	Testudines	Chelonioidea	Cheloniidae	NA	NA	NA	Chelonia	Chelonia	NA	NA	mydas	NA	NA	SPECIES	NA	NA	NA	ACCEPTED	NA	NA	cece4fc2-1fec-4bb5-a335-7252548e3f0b	US	2026-09-07 00:06:33	NA	NA	NA	NA	NA	COORDINATE_ROUNDED;CONTINENT_DERIVED_FROM_COORDINATES	NA	COORDINATE_ROUNDED;CONTINENT_DERIVED_FROM_COORDINATES	StillImage	TRUE	FALSE	TVGD	TVGD	N	CH2	RP	477	87BWH	83J	NA	NA	NA	3MPC	NA	TVGD	Chelonia mydas	Chelonia mydas (Linnaeus, 1758)	Chelonia mydas	NA	EML	2026-09-07 00:06:33	2026-09-07 00:01:45	NA	TRUE	NA	NA	FALSE	LATIN_AMERICA	NORTH_AMERICA	NA	NA	NA	NA	NA	NA	NA	NA	LC
543673633	NA	NA	NA	CC0_1_0	2024-01-04 14:21:00	California Academy of Sciences	NA	NA	NA	http://grbio.org/institution/california-academy-sciences	http://grscicoll.org/institutional-collection/herpetology-0	NA	CAS	HERP	NA	NA	PRESERVED_SPECIMEN	NA	NA	NA	urn:catalog:CAS:HERP:8321	8321	2117	R.H. Beck	NA	NA	NA	NA	Female	Adult	NA	NA	NA	NA	NA	NA	NA	NA	PRESENT	Dry	NA	NA	NA	NA	NA	NA	Miscellaneous postcrania in skeletal collection.	NA	NA	NA	NA	NA	NA	NA	NA	NA	NA	NA	NA	NA	NA	1905-12-01	NA	335	335	1905	12	1	1-17 Dec 1905	NA	NA	NA	NA	NA	NA	NA	NA	NA	South Pacific Ocean; Ecuador; Galapagos Prov.; Galapagos Ids.; Pinzon Id.	SOUTH_AMERICA	South Pacific Ocean	Galapagos Ids.	Pinzon Id.	EC	Galapagos Prov.	NA	NA	NA	Duncan Island, Galapagos Arch.	NA	NA	NA	NA	NA	NA	NA	-0.613056	-90.677778	NA	NA	NA	NA	NA	NA	NA	NA	NA	NA	NA	Google Earth, 2013.	NA	NA	NA	NA	NA	NA	NA	NA	NA	NA	NA	NA	NA	NA	NA	NA	NA	NA	NA	NA	NA	NA	NA	NA	NA	NA	NA	NA	NA	NA	NA	C6Q3Z	NA	NA	NA	NA	NA	Chelonoidis duncanensis (Pritchard, 1996)	NA	NA	NA	NA	NA	NA	Animalia; Chordata; Reptilia; Testudines; Testudinidae	Animalia	Chordata	Reptilia	Testudines	Testudinoidea	Testudinidae	NA	NA	NA	Chelonoidis	Chelonoidis	NA	NA	duncanensis	NA	NA	SPECIES	NA	NA	NA	SYNONYM	NA	NA	cece4fc2-1fec-4bb5-a335-7252548e3f0b	US	2026-09-07 00:06:33	NA	NA	NA	NA	NA	COORDINATE_ROUNDED;CONTINENT_DERIVED_FROM_COORDINATES	NA	COORDINATE_ROUNDED;CONTINENT_DERIVED_FROM_COORDINATES	StillImage	TRUE	FALSE	MVBKH	C6Q3Z	N	CH2	RP	477	87BWY	626NZ	NA	NA	NA	3MPP	NA	5Y2Z9	Chelonoidis niger	Chelonoidis niger duncanensis (Pritchard, 1996)	Chelonoidis duncanensis	NA	EML	2026-09-07 00:06:33	2026-09-07 00:01:45	NA	TRUE	NA	NA	FALSE	LATIN_AMERICA	NORTH_AMERICA	ECU	Ecuador	ECU.9_1	Galápagos	ECU.9.3_1	Santa Cruz	ECU.9.3.3_1	Santa Rosa	NA
543675077	NA	NA	NA	CC0_1_0	2024-01-04 14:21:00	California Academy of Sciences	NA	NA	NA	http://grbio.org/institution/california-academy-sciences	http://grscicoll.org/institutional-collection/herpetology-0	NA	CAS	HERP	NA	NA	PRESERVED_SPECIMEN	NA	NA	NA	urn:catalog:CAS:HERP:8451	8451	2066	F.T. Nelson	NA	NA	NA	NA	Female	Adult	NA	NA	NA	NA	NA	NA	NA	NA	PRESENT	Dry	NA	NA	NA	NA	NA	NA	Killed 28 Nov 1905.  Miscellaneous postcrania in skeletal collection.  Date of collection in error, no collecting was done on 26 Nov 1905 based on Slevin's and Beck's field notes - JVV, 16 Jul 2013.	NA	NA	NA	NA	NA	NA	NA	NA	NA	NA	NA	NA	NA	NA	1905-11-26	NA	330	330	1905	11	26	26 Nov 1905	NA	NA	NA	NA	NA	NA	NA	NA	NA	South Pacific Ocean; Ecuador; Galapagos Prov.; Galapagos Ids.; Santa Cruz Id.	SOUTH_AMERICA	South Pacific Ocean	Galapagos Ids.	Santa Cruz Id.	EC	Galapagos Prov.	NA	NA	NA	Indefatigable Isl., Galapagos Arch.	NA	NA	NA	NA	NA	NA	NA	-0.501667	-90.3275	NA	NA	NA	NA	NA	NA	NA	NA	NA	NA	NA	Google Earth, 2013.	NA	NA	NA	NA	NA	NA	NA	NA	NA	NA	NA	NA	NA	NA	NA	NA	NA	NA	NA	NA	NA	NA	NA	NA	NA	NA	NA	NA	NA	NA	NA	TVGD	NA	NA	NA	NA	NA	Chelonia mydas (Linnaeus, 1758)	NA	NA	NA	NA	NA	NA	Animalia; Chordata; Reptilia; Testudines; Cheloniidae	Animalia	Chordata	Reptilia	Testudines	Chelonioidea	Cheloniidae	NA	NA	NA	Chelonia	Chelonia	NA	NA	mydas	NA	NA	SPECIES	NA	NA	NA	ACCEPTED	NA	NA	cece4fc2-1fec-4bb5-a335-7252548e3f0b	US	2026-09-07 00:06:33	NA	NA	NA	NA	NA	COORDINATE_ROUNDED;CONTINENT_DERIVED_FROM_COORDINATES	NA	COORDINATE_ROUNDED;CONTINENT_DERIVED_FROM_COORDINATES	StillImage	TRUE	FALSE	TVGD	TVGD	N	CH2	RP	477	87BWH	83J	NA	NA	NA	3MPC	NA	TVGD	Chelonia mydas	Chelonia mydas (Linnaeus, 1758)	Chelonia mydas	NA	EML	2026-09-07 00:06:33	2026-09-07 00:01:45	NA	TRUE	NA	NA	FALSE	LATIN_AMERICA	NORTH_AMERICA	NA	NA	NA	NA	NA	NA	NA	NA	LC
543673744	NA	NA	NA	CC0_1_0	2024-01-04 14:21:00	California Academy of Sciences	NA	NA	NA	http://grbio.org/institution/california-academy-sciences	http://grscicoll.org/institutional-collection/herpetology-0	NA	CAS	HERP	NA	NA	PRESERVED_SPECIMEN	NA	NA	NA	urn:catalog:CAS:HERP:8331	8331	2147	R.H. Beck	NA	NA	NA	NA	Male	Adult	NA	NA	NA	NA	NA	NA	NA	NA	PRESENT	Dry	NA	NA	NA	NA	NA	NA	Miscellaneous postcrania in skeletal collection.	NA	NA	NA	NA	NA	NA	NA	NA	NA	NA	NA	NA	NA	NA	1905-12-01	NA	335	335	1905	12	1	1-17 Dec 1905	NA	NA	NA	NA	NA	NA	NA	NA	NA	South Pacific Ocean; Ecuador; Galapagos Prov.; Galapagos Ids.; Pinzon Id.	SOUTH_AMERICA	South Pacific Ocean	Galapagos Ids.	Pinzon Id.	EC	Galapagos Prov.	NA	NA	NA	Duncan Island, Galapagos Arch.	NA	NA	NA	NA	NA	NA	NA	-0.613056	-90.677778	NA	NA	NA	NA	NA	NA	NA	NA	NA	NA	NA	Google Earth, 2013.	NA	NA	NA	NA	NA	NA	NA	NA	NA	NA	NA	NA	NA	NA	NA	NA	NA	NA	NA	NA	NA	NA	NA	NA	NA	NA	NA	NA	NA	NA	NA	C6Q3Z	NA	NA	NA	NA	NA	Chelonoidis duncanensis (Pritchard, 1996)	NA	NA	NA	NA	NA	NA	Animalia; Chordata; Reptilia; Testudines; Testudinidae	Animalia	Chordata	Reptilia	Testudines	Testudinoidea	Testudinidae	NA	NA	NA	Chelonoidis	Chelonoidis	NA	NA	duncanensis	NA	NA	SPECIES	NA	NA	NA	SYNONYM	NA	NA	cece4fc2-1fec-4bb5-a335-7252548e3f0b	US	2026-09-07 00:06:33	NA	NA	NA	NA	NA	COORDINATE_ROUNDED;CONTINENT_DERIVED_FROM_COORDINATES	NA	COORDINATE_ROUNDED;CONTINENT_DERIVED_FROM_COORDINATES	StillImage	TRUE	FALSE	MVBKH	C6Q3Z	N	CH2	RP	477	87BWY	626NZ	NA	NA	NA	3MPP	NA	5Y2Z9	Chelonoidis niger	Chelonoidis niger duncanensis (Pritchard, 1996)	Chelonoidis duncanensis	NA	EML	2026-09-07 00:06:33	2026-09-07 00:01:45	NA	TRUE	NA	NA	FALSE	LATIN_AMERICA	NORTH_AMERICA	ECU	Ecuador	ECU.9_1	Galápagos	ECU.9.3_1	Santa Cruz	ECU.9.3.3_1	Santa Rosa	NA
543674733	NA	NA	NA	CC0_1_0	2024-01-04 14:21:00	California Academy of Sciences	NA	NA	NA	http://grbio.org/institution/california-academy-sciences	http://grscicoll.org/institutional-collection/herpetology-0	NA	CAS	HERP	NA	NA	PRESERVED_SPECIMEN	NA	NA	NA	urn:catalog:CAS:HERP:8420	8420	NA	R.H. Beck	NA	NA	NA	NA	NA	NA	NA	NA	NA	NA	NA	NA	NA	NA	PRESENT	Alcohol	NA	NA	NA	NA	NA	NA	Embryo.  5 specimens.	NA	NA	NA	NA	NA	NA	NA	NA	NA	NA	NA	NA	NA	NA	1905-10-25	NA	298	298	1905	10	25	25 Oct 1905	NA	NA	NA	NA	NA	NA	NA	NA	NA	South Pacific Ocean; Ecuador; Galapagos Prov.; Galapagos Ids.; Santa Cruz Id.	SOUTH_AMERICA	South Pacific Ocean	Galapagos Ids.	Santa Cruz Id.	EC	Galapagos Prov.	NA	NA	NA	Indefatigable Isl., Galapagos Arch.	NA	NA	NA	NA	NA	NA	NA	-0.726389	-90.327639	NA	NA	NA	NA	NA	NA	NA	NA	NA	NA	NA	Google Earth, 2013.	NA	NA	NA	NA	NA	NA	NA	NA	NA	NA	NA	NA	NA	NA	NA	NA	NA	NA	NA	NA	NA	NA	NA	J.R. Slevin	NA	NA	NA	NA	NA	NA	NA	C6Q47	NA	NA	NA	NA	NA	Chelonoidis porteri (Rothschild, 1903)	NA	NA	NA	NA	NA	NA	Animalia; Chordata; Reptilia; Testudines; Testudinidae	Animalia	Chordata	Reptilia	Testudines	Testudinoidea	Testudinidae	NA	NA	NA	Chelonoidis	Chelonoidis	NA	NA	porteri	NA	NA	SPECIES	NA	NA	NA	SYNONYM	NA	NA	cece4fc2-1fec-4bb5-a335-7252548e3f0b	US	2026-09-07 00:06:33	NA	NA	NA	NA	NA	COORDINATE_ROUNDED;CONTINENT_DERIVED_FROM_COORDINATES	NA	COORDINATE_ROUNDED;CONTINENT_DERIVED_FROM_COORDINATES	StillImage	TRUE	FALSE	TVLK	C6Q47	N	CH2	RP	477	87BWY	626NZ	NA	NA	NA	3MPP	NA	5Y2Z9	Chelonoidis niger	Chelonoidis niger porteri (Rothschild, 1903)	Chelonoidis porteri	NA	EML	2026-09-07 00:06:33	2026-09-07 00:01:45	NA	TRUE	NA	NA	FALSE	LATIN_AMERICA	NORTH_AMERICA	ECU	Ecuador	ECU.9_1	Galápagos	ECU.9.3_1	Santa Cruz	ECU.9.3.1_1	Bellavista	NA
543675088	NA	NA	NA	CC0_1_0	2024-01-04 14:21:00	California Academy of Sciences	NA	NA	NA	http://grbio.org/institution/california-academy-sciences	http://grscicoll.org/institutional-collection/herpetology-0	NA	CAS	HERP	NA	NA	PRESERVED_SPECIMEN	NA	NA	NA	urn:catalog:CAS:HERP:8452	8452	2067	F.T. Nelson	NA	NA	NA	NA	Female	Adult	NA	NA	NA	NA	NA	NA	NA	NA	PRESENT	Dry	NA	NA	NA	NA	NA	NA	Killed 28 Nov 1905.  Miscellaneous postcrania in skeletal collection.  Date of collection in error, no collecting was done on 26 Nov 1905 based on Slevin's and Beck's field notes - JVV, 16 Jul 2013.	NA	NA	NA	NA	NA	NA	NA	NA	NA	NA	NA	NA	NA	NA	1905-11-26	NA	330	330	1905	11	26	26 Nov 1905	NA	NA	NA	NA	NA	NA	NA	NA	NA	South Pacific Ocean; Ecuador; Galapagos Prov.; Galapagos Ids.; Santa Cruz Id.	SOUTH_AMERICA	South Pacific Ocean	Galapagos Ids.	Santa Cruz Id.	EC	Galapagos Prov.	NA	NA	NA	Indefatigable Isl., Galapagos Arch.	NA	NA	NA	NA	NA	NA	NA	-0.501667	-90.3275	NA	NA	NA	NA	NA	NA	NA	NA	NA	NA	NA	Google Earth, 2013.	NA	NA	NA	NA	NA	NA	NA	NA	NA	NA	NA	NA	NA	NA	NA	NA	NA	NA	NA	NA	NA	NA	NA	NA	NA	NA	NA	NA	NA	NA	NA	TVGD	NA	NA	NA	NA	NA	Chelonia mydas (Linnaeus, 1758)	NA	NA	NA	NA	NA	NA	Animalia; Chordata; Reptilia; Testudines; Cheloniidae	Animalia	Chordata	Reptilia	Testudines	Chelonioidea	Cheloniidae	NA	NA	NA	Chelonia	Chelonia	NA	NA	mydas	NA	NA	SPECIES	NA	NA	NA	ACCEPTED	NA	NA	cece4fc2-1fec-4bb5-a335-7252548e3f0b	US	2026-09-07 00:06:33	NA	NA	NA	NA	NA	COORDINATE_ROUNDED;CONTINENT_DERIVED_FROM_COORDINATES	NA	COORDINATE_ROUNDED;CONTINENT_DERIVED_FROM_COORDINATES	StillImage	TRUE	FALSE	TVGD	TVGD	N	CH2	RP	477	87BWH	83J	NA	NA	NA	3MPC	NA	TVGD	Chelonia mydas	Chelonia mydas (Linnaeus, 1758)	Chelonia mydas	NA	EML	2026-09-07 00:06:33	2026-09-07 00:01:45	NA	TRUE	NA	NA	FALSE	LATIN_AMERICA	NORTH_AMERICA	NA	NA	NA	NA	NA	NA	NA	NA	LC
543673365	NA	NA	NA	CC0_1_0	2024-01-04 14:21:00	California Academy of Sciences	NA	NA	NA	http://grbio.org/institution/california-academy-sciences	http://grscicoll.org/institutional-collection/herpetology-0	NA	CAS	HERP	NA	NA	PRESERVED_SPECIMEN	NA	NA	NA	urn:catalog:CAS:HERP:8297	8297	2092	R.H. Beck	NA	NA	NA	NA	Female	Adult	NA	NA	NA	NA	NA	NA	NA	NA	PRESENT	Dry	NA	NA	NA	NA	NA	NA	Miscellaneous postcrania in skeletal collection.	NA	NA	NA	NA	NA	NA	NA	NA	NA	NA	NA	NA	NA	NA	1905-12-07	NA	341	341	1905	12	7	7 Dec 1905	NA	NA	NA	NA	NA	NA	NA	NA	NA	South Pacific Ocean; Ecuador; Galapagos Prov.; Galapagos Ids.; Pinzon Id.	SOUTH_AMERICA	South Pacific Ocean	Galapagos Ids.	Pinzon Id.	EC	Galapagos Prov.	NA	NA	NA	Duncan Island, Galapagos Arch.	NA	NA	NA	NA	NA	NA	NA	-0.613056	-90.677778	NA	NA	NA	NA	NA	NA	NA	NA	NA	NA	NA	Google Earth, 2013.	NA	NA	NA	NA	NA	NA	NA	NA	NA	NA	NA	NA	NA	NA	NA	NA	NA	NA	NA	NA	NA	NA	NA	NA	NA	NA	NA	NA	NA	NA	NA	C6Q3Z	NA	NA	NA	NA	NA	Chelonoidis duncanensis (Pritchard, 1996)	NA	NA	NA	NA	NA	NA	Animalia; Chordata; Reptilia; Testudines; Testudinidae	Animalia	Chordata	Reptilia	Testudines	Testudinoidea	Testudinidae	NA	NA	NA	Chelonoidis	Chelonoidis	NA	NA	duncanensis	NA	NA	SPECIES	NA	NA	NA	SYNONYM	NA	NA	cece4fc2-1fec-4bb5-a335-7252548e3f0b	US	2026-09-07 00:06:41	NA	NA	NA	NA	NA	COORDINATE_ROUNDED;CONTINENT_DERIVED_FROM_COORDINATES	NA	COORDINATE_ROUNDED;CONTINENT_DERIVED_FROM_COORDINATES	StillImage	TRUE	FALSE	MVBKH	C6Q3Z	N	CH2	RP	477	87BWY	626NZ	NA	NA	NA	3MPP	NA	5Y2Z9	Chelonoidis niger	Chelonoidis niger duncanensis (Pritchard, 1996)	Chelonoidis duncanensis	NA	EML	2026-09-07 00:06:41	2026-09-07 00:01:45	NA	TRUE	NA	NA	FALSE	LATIN_AMERICA	NORTH_AMERICA	ECU	Ecuador	ECU.9_1	Galápagos	ECU.9.3_1	Santa Cruz	ECU.9.3.3_1	Santa Rosa	NA
543674210	NA	NA	NA	CC0_1_0	2024-01-04 14:21:00	California Academy of Sciences	NA	NA	NA	http://grbio.org/institution/california-academy-sciences	http://grscicoll.org/institutional-collection/herpetology-0	NA	CAS	HERP	NA	NA	PRESERVED_SPECIMEN	NA	NA	NA	urn:catalog:CAS:HERP:8373	8373	M.M.	Expedition	NA	NA	NA	NA	Female	Adult	NA	NA	NA	NA	NA	NA	NA	NA	PRESENT	Dry	NA	NA	NA	NA	NA	NA	NA	NA	NA	NA	NA	NA	NA	NA	NA	NA	NA	NA	NA	NA	NA	1905-12	NA	NA	NA	1905	12	NA	Dec 1905	NA	NA	NA	NA	NA	NA	NA	NA	NA	South Pacific Ocean; Ecuador; Galapagos Prov.; Galapagos Ids.; Pinzon Id.	SOUTH_AMERICA	South Pacific Ocean	Galapagos Ids.	Pinzon Id.	EC	Galapagos Prov.	NA	NA	NA	Duncan Island, Galapagos Arch.	NA	NA	NA	NA	NA	NA	NA	-0.613056	-90.677778	NA	NA	NA	NA	NA	NA	NA	NA	NA	NA	NA	Google Earth, 2013.	NA	NA	NA	NA	NA	NA	NA	NA	NA	NA	NA	NA	NA	NA	NA	NA	NA	NA	NA	NA	NA	NA	NA	NA	NA	NA	NA	NA	NA	NA	NA	C6Q3Z	NA	NA	NA	NA	NA	Chelonoidis duncanensis (Pritchard, 1996)	NA	NA	NA	NA	NA	NA	Animalia; Chordata; Reptilia; Testudines; Testudinidae	Animalia	Chordata	Reptilia	Testudines	Testudinoidea	Testudinidae	NA	NA	NA	Chelonoidis	Chelonoidis	NA	NA	duncanensis	NA	NA	SPECIES	NA	NA	NA	SYNONYM	NA	NA	cece4fc2-1fec-4bb5-a335-7252548e3f0b	US	2026-09-07 00:06:41	NA	NA	NA	NA	NA	COORDINATE_ROUNDED;CONTINENT_DERIVED_FROM_COORDINATES	NA	COORDINATE_ROUNDED;CONTINENT_DERIVED_FROM_COORDINATES	StillImage	TRUE	FALSE	MVBKH	C6Q3Z	N	CH2	RP	477	87BWY	626NZ	NA	NA	NA	3MPP	NA	5Y2Z9	Chelonoidis niger	Chelonoidis niger duncanensis (Pritchard, 1996)	Chelonoidis duncanensis	NA	EML	2026-09-07 00:06:41	2026-09-07 00:01:45	NA	TRUE	NA	NA	FALSE	LATIN_AMERICA	NORTH_AMERICA	ECU	Ecuador	ECU.9_1	Galápagos	ECU.9.3_1	Santa Cruz	ECU.9.3.3_1	Santa Rosa	NA
543675321	NA	NA	NA	CC0_1_0	2024-01-04 14:21:00	California Academy of Sciences	NA	NA	NA	http://grbio.org/institution/california-academy-sciences	http://grscicoll.org/institutional-collection/herpetology-0	NA	CAS	HERP	NA	NA	PRESERVED_SPECIMEN	NA	NA	NA	urn:catalog:CAS:HERP:8473	8473	2364	J.R. Slevin	NA	NA	NA	NA	Female	Adult	NA	NA	NA	NA	NA	NA	NA	NA	PRESENT	Dry	NA	NA	NA	NA	NA	NA	Killed 29 Dec 1905.  Miscellaneous postcrania in skeletal collection.	NA	NA	NA	NA	NA	NA	NA	NA	NA	NA	NA	NA	NA	NA	1905-12-28	NA	362	362	1905	12	28	28 Dec 1905	NA	NA	NA	NA	NA	NA	NA	NA	NA	South Pacific Ocean; Ecuador; Galapagos Prov.; Galapagos Ids.; San Salvador Id.	SOUTH_AMERICA	South Pacific Ocean	Galapagos Ids.	San Salvador Id.	EC	Galapagos Prov.	NA	NA	James Bay	James Bay, James Isl. Galapagos Arch.	NA	NA	NA	NA	NA	NA	NA	-0.203611	-90.829722	NA	NA	NA	NA	NA	NA	NA	NA	NA	NA	NA	Google Earth, 2013.	NA	NA	NA	NA	NA	NA	NA	NA	NA	NA	NA	NA	NA	NA	NA	NA	NA	NA	NA	NA	NA	NA	NA	NA	NA	NA	NA	NA	NA	NA	NA	TVGD	NA	NA	NA	NA	NA	Chelonia mydas (Linnaeus, 1758)	NA	NA	NA	NA	NA	NA	Animalia; Chordata; Reptilia; Testudines; Cheloniidae	Animalia	Chordata	Reptilia	Testudines	Chelonioidea	Cheloniidae	NA	NA	NA	Chelonia	Chelonia	NA	NA	mydas	NA	NA	SPECIES	NA	NA	NA	ACCEPTED	NA	NA	cece4fc2-1fec-4bb5-a335-7252548e3f0b	US	2026-09-07 00:06:41	NA	NA	NA	NA	NA	COORDINATE_ROUNDED;CONTINENT_DERIVED_FROM_COORDINATES	NA	COORDINATE_ROUNDED;CONTINENT_DERIVED_FROM_COORDINATES	StillImage	TRUE	FALSE	TVGD	TVGD	N	CH2	RP	477	87BWH	83J	NA	NA	NA	3MPC	NA	TVGD	Chelonia mydas	Chelonia mydas (Linnaeus, 1758)	Chelonia mydas	NA	EML	2026-09-07 00:06:41	2026-09-07 00:01:45	NA	TRUE	NA	NA	FALSE	LATIN_AMERICA	NORTH_AMERICA	NA	NA	NA	NA	NA	NA	NA	NA	LC
543671622	NA	NA	NA	CC0_1_0	2024-01-04 14:21:00	California Academy of Sciences	NA	NA	NA	http://grbio.org/institution/california-academy-sciences	http://grscicoll.org/institutional-collection/herpetology-0	NA	CAS	HERP	NA	NA	PRESERVED_SPECIMEN	NA	NA	NA	urn:catalog:CAS:HERP:8140	8140	NA	F.X. Williams	NA	NA	NA	NA	NA	NA	NA	NA	NA	NA	NA	NA	NA	NA	PRESENT	Dry	NA	NA	NA	NA	NA	NA	Miscellaneous postcrania and partial carapace in skeletal collection.	NA	NA	NA	NA	NA	NA	NA	NA	NA	NA	NA	NA	NA	NA	1905-12-26	NA	360	360	1905	12	26	26 Dec 1905	NA	NA	NA	NA	NA	NA	NA	NA	NA	South Pacific Ocean; Ecuador; Galapagos Prov.; Galapagos Ids.; San Salvador Id.	SOUTH_AMERICA	South Pacific Ocean	Galapagos Ids.	San Salvador Id.	EC	Galapagos Prov.	NA	NA	NA	James Isl. Galapagos Archipelago	NA	NA	NA	NA	NA	NA	NA	-0.223192	-90.606167	NA	NA	NA	NA	NA	NA	NA	NA	NA	NA	NA	Google Earth, 2013.	NA	NA	NA	NA	NA	NA	NA	NA	NA	NA	NA	NA	NA	NA	NA	NA	NA	NA	NA	NA	NA	NA	NA	NA	NA	NA	NA	NA	NA	NA	NA	C6Q3X	NA	NA	NA	NA	NA	Chelonoidis darwini (Van Denburgh, 1907)	NA	NA	NA	NA	NA	NA	Animalia; Chordata; Reptilia; Testudines; Testudinidae	Animalia	Chordata	Reptilia	Testudines	Testudinoidea	Testudinidae	NA	NA	NA	Chelonoidis	Chelonoidis	NA	NA	darwini	NA	NA	SPECIES	NA	NA	NA	SYNONYM	NA	NA	cece4fc2-1fec-4bb5-a335-7252548e3f0b	US	2026-09-07 00:06:40	NA	NA	NA	NA	NA	COORDINATE_ROUNDED;CONTINENT_DERIVED_FROM_COORDINATES	NA	COORDINATE_ROUNDED;CONTINENT_DERIVED_FROM_COORDINATES	StillImage	TRUE	FALSE	TVL7	C6Q3X	N	CH2	RP	477	87BWY	626NZ	NA	NA	NA	3MPP	NA	5Y2Z9	Chelonoidis niger	Chelonoidis niger darwini (Van Denburgh, 1907)	Chelonoidis darwini	NA	EML	2026-09-07 00:06:40	2026-09-07 00:01:45	NA	TRUE	NA	NA	FALSE	LATIN_AMERICA	NORTH_AMERICA	ECU	Ecuador	ECU.9_1	Galápagos	ECU.9.3_1	Santa Cruz	ECU.9.3.1_1	Bellavista	NA
543673932	NA	NA	NA	CC0_1_0	2024-01-04 14:21:00	California Academy of Sciences	NA	NA	NA	http://grbio.org/institution/california-academy-sciences	http://grscicoll.org/institutional-collection/herpetology-0	NA	CAS	HERP	NA	NA	PRESERVED_SPECIMEN	NA	NA	NA	urn:catalog:CAS:HERP:8348	8348	2165	R.H. Beck	NA	NA	NA	NA	Female	Adult	NA	NA	NA	NA	NA	NA	NA	NA	PRESENT	Dry	NA	NA	NA	NA	NA	NA	Killed on board 19 Dec 1905.	NA	NA	NA	NA	NA	NA	NA	NA	NA	NA	NA	NA	NA	NA	1905-12-01	NA	335	335	1905	12	1	1-17 Dec 1905	NA	NA	NA	NA	NA	NA	NA	NA	NA	South Pacific Ocean; Ecuador; Galapagos Prov.; Galapagos Ids.; Pinzon Id.	SOUTH_AMERICA	South Pacific Ocean	Galapagos Ids.	Pinzon Id.	EC	Galapagos Prov.	NA	NA	NA	Duncan Island, Galapagos Arch.	NA	NA	NA	NA	NA	NA	NA	-0.613056	-90.677778	NA	NA	NA	NA	NA	NA	NA	NA	NA	NA	NA	Google Earth, 2013.	NA	NA	NA	NA	NA	NA	NA	NA	NA	NA	NA	NA	NA	NA	NA	NA	NA	NA	NA	NA	NA	NA	NA	NA	NA	NA	NA	NA	NA	NA	NA	C6Q3Z	NA	NA	NA	NA	NA	Chelonoidis duncanensis (Pritchard, 1996)	NA	NA	NA	NA	NA	NA	Animalia; Chordata; Reptilia; Testudines; Testudinidae	Animalia	Chordata	Reptilia	Testudines	Testudinoidea	Testudinidae	NA	NA	NA	Chelonoidis	Chelonoidis	NA	NA	duncanensis	NA	NA	SPECIES	NA	NA	NA	SYNONYM	NA	NA	cece4fc2-1fec-4bb5-a335-7252548e3f0b	US	2026-09-07 00:06:40	NA	NA	NA	NA	NA	COORDINATE_ROUNDED;CONTINENT_DERIVED_FROM_COORDINATES	NA	COORDINATE_ROUNDED;CONTINENT_DERIVED_FROM_COORDINATES	StillImage	TRUE	FALSE	MVBKH	C6Q3Z	N	CH2	RP	477	87BWY	626NZ	NA	NA	NA	3MPP	NA	5Y2Z9	Chelonoidis niger	Chelonoidis niger duncanensis (Pritchard, 1996)	Chelonoidis duncanensis	NA	EML	2026-09-07 00:06:40	2026-09-07 00:01:45	NA	TRUE	NA	NA	FALSE	LATIN_AMERICA	NORTH_AMERICA	ECU	Ecuador	ECU.9_1	Galápagos	ECU.9.3_1	Santa Cruz	ECU.9.3.3_1	Santa Rosa	NA
543674254	NA	NA	NA	CC0_1_0	2024-01-04 14:21:00	California Academy of Sciences	NA	NA	NA	http://grbio.org/institution/california-academy-sciences	http://grscicoll.org/institutional-collection/herpetology-0	NA	CAS	HERP	NA	NA	PRESERVED_SPECIMEN	NA	NA	NA	urn:catalog:CAS:HERP:8377	8377	NA	R.H. Beck	NA	NA	NA	NA	NA	NA	NA	NA	NA	NA	NA	NA	NA	NA	PRESENT	Dry	NA	NA	NA	NA	NA	NA	Skull.	NA	NA	NA	NA	NA	NA	NA	NA	NA	NA	NA	NA	NA	NA	1905-12-05	NA	339	339	1905	12	5	5 Dec 1905	NA	NA	NA	NA	NA	NA	NA	NA	NA	South Pacific Ocean; Ecuador; Galapagos Prov.; Galapagos Ids.; Pinzon Id.	SOUTH_AMERICA	South Pacific Ocean	Galapagos Ids.	Pinzon Id.	EC	Galapagos Prov.	NA	NA	NA	Duncan Island, Galapagos Arch.	NA	NA	NA	NA	NA	NA	NA	-0.613056	-90.677778	NA	NA	NA	NA	NA	NA	NA	NA	NA	NA	NA	Google Earth, 2013.	NA	NA	NA	NA	NA	NA	NA	NA	NA	NA	NA	NA	NA	NA	NA	NA	NA	NA	NA	NA	NA	NA	NA	NA	NA	NA	NA	NA	NA	NA	NA	C6Q3Z	NA	NA	NA	NA	NA	Chelonoidis duncanensis (Pritchard, 1996)	NA	NA	NA	NA	NA	NA	Animalia; Chordata; Reptilia; Testudines; Testudinidae	Animalia	Chordata	Reptilia	Testudines	Testudinoidea	Testudinidae	NA	NA	NA	Chelonoidis	Chelonoidis	NA	NA	duncanensis	NA	NA	SPECIES	NA	NA	NA	SYNONYM	NA	NA	cece4fc2-1fec-4bb5-a335-7252548e3f0b	US	2026-09-07 00:06:40	NA	NA	NA	NA	NA	COORDINATE_ROUNDED;CONTINENT_DERIVED_FROM_COORDINATES	NA	COORDINATE_ROUNDED;CONTINENT_DERIVED_FROM_COORDINATES	StillImage	TRUE	FALSE	MVBKH	C6Q3Z	N	CH2	RP	477	87BWY	626NZ	NA	NA	NA	3MPP	NA	5Y2Z9	Chelonoidis niger	Chelonoidis niger duncanensis (Pritchard, 1996)	Chelonoidis duncanensis	NA	EML	2026-09-07 00:06:40	2026-09-07 00:01:45	NA	TRUE	NA	NA	FALSE	LATIN_AMERICA	NORTH_AMERICA	ECU	Ecuador	ECU.9_1	Galápagos	ECU.9.3_1	Santa Cruz	ECU.9.3.3_1	Santa Rosa	NA
543675177	NA	NA	NA	CC0_1_0	2024-01-04 14:21:00	California Academy of Sciences	NA	NA	NA	http://grbio.org/institution/california-academy-sciences	http://grscicoll.org/institutional-collection/herpetology-0	NA	CAS	HERP	NA	NA	PRESERVED_SPECIMEN	NA	NA	NA	urn:catalog:CAS:HERP:8460	8460	2081	R.H. Beck	NA	NA	NA	NA	Male	Adult	NA	NA	NA	NA	NA	NA	NA	NA	PRESENT	Dry	NA	NA	NA	NA	NA	NA	Killed 4 Dec 1905.  Miscellaneous postcrania in skeletal collection.  Date of collection in error, no collecting was done on 26 Nov 1905 based on Slevin's and Beck's field notes - JVV, 16 Jul 2013.	NA	NA	NA	NA	NA	NA	NA	NA	NA	NA	NA	NA	NA	NA	1905-11-26	NA	330	330	1905	11	26	26 Nov 1905	NA	NA	NA	NA	NA	NA	NA	NA	NA	South Pacific Ocean; Ecuador; Galapagos Prov.; Galapagos Ids.; Santa Cruz Id.	SOUTH_AMERICA	South Pacific Ocean	Galapagos Ids.	Santa Cruz Id.	EC	Galapagos Prov.	NA	NA	NA	Indefatigable Isl., Galapagos Arch.	NA	NA	NA	NA	NA	NA	NA	-0.501667	-90.3275	NA	NA	NA	NA	NA	NA	NA	NA	NA	NA	NA	Google Earth, 2013.	NA	NA	NA	NA	NA	NA	NA	NA	NA	NA	NA	NA	NA	NA	NA	NA	NA	NA	NA	NA	NA	NA	NA	NA	NA	NA	NA	NA	NA	NA	NA	TVGD	NA	NA	NA	NA	NA	Chelonia mydas (Linnaeus, 1758)	NA	NA	NA	NA	NA	NA	Animalia; Chordata; Reptilia; Testudines; Cheloniidae	Animalia	Chordata	Reptilia	Testudines	Chelonioidea	Cheloniidae	NA	NA	NA	Chelonia	Chelonia	NA	NA	mydas	NA	NA	SPECIES	NA	NA	NA	ACCEPTED	NA	NA	cece4fc2-1fec-4bb5-a335-7252548e3f0b	US	2026-09-07 00:06:40	NA	NA	NA	NA	NA	COORDINATE_ROUNDED;CONTINENT_DERIVED_FROM_COORDINATES	NA	COORDINATE_ROUNDED;CONTINENT_DERIVED_FROM_COORDINATES	StillImage	TRUE	FALSE	TVGD	TVGD	N	CH2	RP	477	87BWH	83J	NA	NA	NA	3MPC	NA	TVGD	Chelonia mydas	Chelonia mydas (Linnaeus, 1758)	Chelonia mydas	NA	EML	2026-09-07 00:06:40	2026-09-07 00:01:45	NA	TRUE	NA	NA	FALSE	LATIN_AMERICA	NORTH_AMERICA	NA	NA	NA	NA	NA	NA	NA	NA	LC
543673599	NA	NA	NA	CC0_1_0	2024-01-04 14:21:00	California Academy of Sciences	NA	NA	NA	http://grbio.org/institution/california-academy-sciences	http://grscicoll.org/institutional-collection/herpetology-0	NA	CAS	HERP	NA	NA	PRESERVED_SPECIMEN	NA	NA	NA	urn:catalog:CAS:HERP:8318	8318	2110	R.H. Beck	NA	NA	NA	NA	Male	Adult	NA	NA	NA	NA	NA	NA	NA	NA	PRESENT	Dry	NA	NA	NA	NA	NA	NA	Pelvis in skeletal collection.	NA	NA	NA	NA	NA	NA	NA	NA	NA	NA	NA	NA	NA	NA	1905-12-01	NA	335	335	1905	12	1	1-17 Dec 1905	NA	NA	NA	NA	NA	NA	NA	NA	NA	South Pacific Ocean; Ecuador; Galapagos Prov.; Galapagos Ids.; Pinzon Id.	SOUTH_AMERICA	South Pacific Ocean	Galapagos Ids.	Pinzon Id.	EC	Galapagos Prov.	NA	NA	NA	Duncan Island, Galapagos Arch.	NA	NA	NA	NA	NA	NA	NA	-0.613056	-90.677778	NA	NA	NA	NA	NA	NA	NA	NA	NA	NA	NA	Google Earth, 2013.	NA	NA	NA	NA	NA	NA	NA	NA	NA	NA	NA	NA	NA	NA	NA	NA	NA	NA	NA	NA	NA	NA	NA	NA	NA	NA	NA	NA	NA	NA	NA	C6Q3Z	NA	NA	NA	NA	NA	Chelonoidis duncanensis (Pritchard, 1996)	NA	NA	NA	NA	NA	NA	Animalia; Chordata; Reptilia; Testudines; Testudinidae	Animalia	Chordata	Reptilia	Testudines	Testudinoidea	Testudinidae	NA	NA	NA	Chelonoidis	Chelonoidis	NA	NA	duncanensis	NA	NA	SPECIES	NA	NA	NA	SYNONYM	NA	NA	cece4fc2-1fec-4bb5-a335-7252548e3f0b	US	2026-09-07 00:06:38	NA	NA	NA	NA	NA	COORDINATE_ROUNDED;CONTINENT_DERIVED_FROM_COORDINATES	NA	COORDINATE_ROUNDED;CONTINENT_DERIVED_FROM_COORDINATES	StillImage	TRUE	FALSE	MVBKH	C6Q3Z	N	CH2	RP	477	87BWY	626NZ	NA	NA	NA	3MPP	NA	5Y2Z9	Chelonoidis niger	Chelonoidis niger duncanensis (Pritchard, 1996)	Chelonoidis duncanensis	NA	EML	2026-09-07 00:06:38	2026-09-07 00:01:45	NA	TRUE	NA	NA	FALSE	LATIN_AMERICA	NORTH_AMERICA	ECU	Ecuador	ECU.9_1	Galápagos	ECU.9.3_1	Santa Cruz	ECU.9.3.3_1	Santa Rosa	NA
543673610	NA	NA	NA	CC0_1_0	2024-01-04 14:21:00	California Academy of Sciences	NA	NA	NA	http://grbio.org/institution/california-academy-sciences	http://grscicoll.org/institutional-collection/herpetology-0	NA	CAS	HERP	NA	NA	PRESERVED_SPECIMEN	NA	NA	NA	urn:catalog:CAS:HERP:8319	8319	2112	R.H. Beck	NA	NA	NA	NA	Female	Adult	NA	NA	NA	NA	NA	NA	NA	NA	PRESENT	Dry	NA	NA	NA	NA	NA	NA	NA	NA	NA	NA	NA	NA	NA	NA	NA	NA	NA	NA	NA	NA	NA	1905-12-01	NA	335	335	1905	12	1	1-17 Dec 1905	NA	NA	NA	NA	NA	NA	NA	NA	NA	South Pacific Ocean; Ecuador; Galapagos Prov.; Galapagos Ids.; Pinzon Id.	SOUTH_AMERICA	South Pacific Ocean	Galapagos Ids.	Pinzon Id.	EC	Galapagos Prov.	NA	NA	NA	Duncan Island, Galapagos Arch.	NA	NA	NA	NA	NA	NA	NA	-0.613056	-90.677778	NA	NA	NA	NA	NA	NA	NA	NA	NA	NA	NA	Google Earth, 2013.	NA	NA	NA	NA	NA	NA	NA	NA	NA	NA	NA	NA	NA	NA	NA	NA	NA	NA	NA	NA	NA	NA	NA	NA	NA	NA	NA	NA	NA	NA	NA	C6Q3Z	NA	NA	NA	NA	NA	Chelonoidis duncanensis (Pritchard, 1996)	NA	NA	NA	NA	NA	NA	Animalia; Chordata; Reptilia; Testudines; Testudinidae	Animalia	Chordata	Reptilia	Testudines	Testudinoidea	Testudinidae	NA	NA	NA	Chelonoidis	Chelonoidis	NA	NA	duncanensis	NA	NA	SPECIES	NA	NA	NA	SYNONYM	NA	NA	cece4fc2-1fec-4bb5-a335-7252548e3f0b	US	2026-09-07 00:06:38	NA	NA	NA	NA	NA	COORDINATE_ROUNDED;CONTINENT_DERIVED_FROM_COORDINATES	NA	COORDINATE_ROUNDED;CONTINENT_DERIVED_FROM_COORDINATES	StillImage	TRUE	FALSE	MVBKH	C6Q3Z	N	CH2	RP	477	87BWY	626NZ	NA	NA	NA	3MPP	NA	5Y2Z9	Chelonoidis niger	Chelonoidis niger duncanensis (Pritchard, 1996)	Chelonoidis duncanensis	NA	EML	2026-09-07 00:06:38	2026-09-07 00:01:45	NA	TRUE	NA	NA	FALSE	LATIN_AMERICA	NORTH_AMERICA	ECU	Ecuador	ECU.9_1	Galápagos	ECU.9.3_1	Santa Cruz	ECU.9.3.3_1	Santa Rosa	NA
543673877	NA	NA	NA	CC0_1_0	2024-01-04 14:21:00	California Academy of Sciences	NA	NA	NA	http://grbio.org/institution/california-academy-sciences	http://grscicoll.org/institutional-collection/herpetology-0	NA	CAS	HERP	NA	NA	PRESERVED_SPECIMEN	NA	NA	NA	urn:catalog:CAS:HERP:8343	8343	2160	R.H. Beck	NA	NA	NA	NA	Male	Adult	NA	NA	NA	NA	NA	NA	NA	NA	PRESENT	Dry	NA	NA	NA	NA	NA	NA	Miscellaneous postcrania in skeletal collection.	NA	NA	NA	NA	NA	NA	NA	NA	NA	NA	NA	NA	NA	NA	1905-12-01	NA	335	335	1905	12	1	1-17 Dec 1905	NA	NA	NA	NA	NA	NA	NA	NA	NA	South Pacific Ocean; Ecuador; Galapagos Prov.; Galapagos Ids.; Pinzon Id.	SOUTH_AMERICA	South Pacific Ocean	Galapagos Ids.	Pinzon Id.	EC	Galapagos Prov.	NA	NA	NA	Duncan Island, Galapagos Arch.	NA	NA	NA	NA	NA	NA	NA	-0.613056	-90.677778	NA	NA	NA	NA	NA	NA	NA	NA	NA	NA	NA	Google Earth, 2013.	NA	NA	NA	NA	NA	NA	NA	NA	NA	NA	NA	NA	NA	NA	NA	NA	NA	NA	NA	NA	NA	NA	NA	NA	NA	NA	NA	NA	NA	NA	NA	C6Q3Z	NA	NA	NA	NA	NA	Chelonoidis duncanensis (Pritchard, 1996)	NA	NA	NA	NA	NA	NA	Animalia; Chordata; Reptilia; Testudines; Testudinidae	Animalia	Chordata	Reptilia	Testudines	Testudinoidea	Testudinidae	NA	NA	NA	Chelonoidis	Chelonoidis	NA	NA	duncanensis	NA	NA	SPECIES	NA	NA	NA	SYNONYM	NA	NA	cece4fc2-1fec-4bb5-a335-7252548e3f0b	US	2026-09-07 00:06:38	NA	NA	NA	NA	NA	COORDINATE_ROUNDED;CONTINENT_DERIVED_FROM_COORDINATES	NA	COORDINATE_ROUNDED;CONTINENT_DERIVED_FROM_COORDINATES	StillImage	TRUE	FALSE	MVBKH	C6Q3Z	N	CH2	RP	477	87BWY	626NZ	NA	NA	NA	3MPP	NA	5Y2Z9	Chelonoidis niger	Chelonoidis niger duncanensis (Pritchard, 1996)	Chelonoidis duncanensis	NA	EML	2026-09-07 00:06:38	2026-09-07 00:01:45	NA	TRUE	NA	NA	FALSE	LATIN_AMERICA	NORTH_AMERICA	ECU	Ecuador	ECU.9_1	Galápagos	ECU.9.3_1	Santa Cruz	ECU.9.3.3_1	Santa Rosa	NA
543675199	NA	NA	NA	CC0_1_0	2024-01-04 14:21:00	California Academy of Sciences	NA	NA	NA	http://grbio.org/institution/california-academy-sciences	http://grscicoll.org/institutional-collection/herpetology-0	NA	CAS	HERP	NA	NA	PRESERVED_SPECIMEN	NA	NA	NA	urn:catalog:CAS:HERP:8462	8462	2102	R.H. Beck	NA	NA	NA	NA	Male	Adult	NA	NA	NA	NA	NA	NA	NA	NA	PRESENT	Dry	NA	NA	NA	NA	NA	NA	NA	NA	NA	NA	NA	NA	NA	NA	NA	NA	NA	NA	NA	NA	NA	1905-11-25	NA	329	329	1905	11	25	25 Nov 1905	NA	NA	NA	NA	NA	NA	NA	NA	NA	South Pacific Ocean; Ecuador; Galapagos Prov.; Galapagos Ids.; Santa Cruz Id.	SOUTH_AMERICA	South Pacific Ocean	Galapagos Ids.	Santa Cruz Id.	EC	Galapagos Prov.	NA	NA	NA	Indefatigable Isl., Galapagos Arch.	NA	NA	NA	NA	NA	NA	NA	-0.501667	-90.3275	NA	NA	NA	NA	NA	NA	NA	NA	NA	NA	NA	Google Earth, 2013.	NA	NA	NA	NA	NA	NA	NA	NA	NA	NA	NA	NA	NA	NA	NA	NA	NA	NA	NA	NA	NA	NA	NA	NA	NA	NA	NA	NA	NA	NA	NA	TVGD	NA	NA	NA	NA	NA	Chelonia mydas (Linnaeus, 1758)	NA	NA	NA	NA	NA	NA	Animalia; Chordata; Reptilia; Testudines; Cheloniidae	Animalia	Chordata	Reptilia	Testudines	Chelonioidea	Cheloniidae	NA	NA	NA	Chelonia	Chelonia	NA	NA	mydas	NA	NA	SPECIES	NA	NA	NA	ACCEPTED	NA	NA	cece4fc2-1fec-4bb5-a335-7252548e3f0b	US	2026-09-07 00:06:38	NA	NA	NA	NA	NA	COORDINATE_ROUNDED;CONTINENT_DERIVED_FROM_COORDINATES	NA	COORDINATE_ROUNDED;CONTINENT_DERIVED_FROM_COORDINATES	StillImage	TRUE	FALSE	TVGD	TVGD	N	CH2	RP	477	87BWH	83J	NA	NA	NA	3MPC	NA	TVGD	Chelonia mydas	Chelonia mydas (Linnaeus, 1758)	Chelonia mydas	NA	EML	2026-09-07 00:06:38	2026-09-07 00:01:45	NA	TRUE	NA	NA	FALSE	LATIN_AMERICA	NORTH_AMERICA	NA	NA	NA	NA	NA	NA	NA	NA	LC
543673422	NA	NA	NA	CC0_1_0	2024-01-04 14:21:00	California Academy of Sciences	NA	NA	NA	http://grbio.org/institution/california-academy-sciences	http://grscicoll.org/institutional-collection/herpetology-0	NA	CAS	HERP	NA	NA	PRESERVED_SPECIMEN	NA	NA	NA	urn:catalog:CAS:HERP:8302	8302	2223	F.T. Nelson	NA	NA	NA	NA	Female	Adult	NA	NA	NA	NA	NA	NA	NA	NA	PRESENT	Dry	NA	NA	NA	NA	NA	NA	Killed on board 23 Dec 1905.  Miscellaneous postcrania in skeletal collection.	NA	NA	NA	NA	NA	NA	NA	NA	NA	NA	NA	NA	NA	NA	1905-12-01	NA	335	335	1905	12	1	1-17 Dec 1905	NA	NA	NA	NA	NA	NA	NA	NA	NA	South Pacific Ocean; Ecuador; Galapagos Prov.; Galapagos Ids.; Pinzon Id.	SOUTH_AMERICA	South Pacific Ocean	Galapagos Ids.	Pinzon Id.	EC	Galapagos Prov.	NA	NA	NA	Duncan Island, Galapagos Arch.	NA	NA	NA	NA	NA	NA	NA	-0.613056	-90.677778	NA	NA	NA	NA	NA	NA	NA	NA	NA	NA	NA	Google Earth, 2013.	NA	NA	NA	NA	NA	NA	NA	NA	NA	NA	NA	NA	NA	NA	NA	NA	NA	NA	NA	NA	NA	NA	NA	NA	NA	NA	NA	NA	NA	NA	NA	C6Q3Z	NA	NA	NA	NA	NA	Chelonoidis duncanensis (Pritchard, 1996)	NA	NA	NA	NA	NA	NA	Animalia; Chordata; Reptilia; Testudines; Testudinidae	Animalia	Chordata	Reptilia	Testudines	Testudinoidea	Testudinidae	NA	NA	NA	Chelonoidis	Chelonoidis	NA	NA	duncanensis	NA	NA	SPECIES	NA	NA	NA	SYNONYM	NA	NA	cece4fc2-1fec-4bb5-a335-7252548e3f0b	US	2026-09-07 00:06:33	NA	NA	NA	NA	NA	COORDINATE_ROUNDED;CONTINENT_DERIVED_FROM_COORDINATES	NA	COORDINATE_ROUNDED;CONTINENT_DERIVED_FROM_COORDINATES	StillImage	TRUE	FALSE	MVBKH	C6Q3Z	N	CH2	RP	477	87BWY	626NZ	NA	NA	NA	3MPP	NA	5Y2Z9	Chelonoidis niger	Chelonoidis niger duncanensis (Pritchard, 1996)	Chelonoidis duncanensis	NA	EML	2026-09-07 00:06:33	2026-09-07 00:01:45	NA	TRUE	NA	NA	FALSE	LATIN_AMERICA	NORTH_AMERICA	ECU	Ecuador	ECU.9_1	Galápagos	ECU.9.3_1	Santa Cruz	ECU.9.3.3_1	Santa Rosa	NA
543673721	NA	NA	NA	CC0_1_0	2024-01-04 14:21:00	California Academy of Sciences	NA	NA	NA	http://grbio.org/institution/california-academy-sciences	http://grscicoll.org/institutional-collection/herpetology-0	NA	CAS	HERP	NA	NA	PRESERVED_SPECIMEN	NA	NA	NA	urn:catalog:CAS:HERP:8329	8329	2145	R.H. Beck	NA	NA	NA	NA	Male	Adult	NA	NA	NA	NA	NA	NA	NA	NA	PRESENT	Dry	NA	NA	NA	NA	NA	NA	Miscellaneous postcrania in skeletal collection.	NA	NA	NA	NA	NA	NA	NA	NA	NA	NA	NA	NA	NA	NA	1905-12-01	NA	335	335	1905	12	1	1-17 Dec 1905	NA	NA	NA	NA	NA	NA	NA	NA	NA	South Pacific Ocean; Ecuador; Galapagos Prov.; Galapagos Ids.; Pinzon Id.	SOUTH_AMERICA	South Pacific Ocean	Galapagos Ids.	Pinzon Id.	EC	Galapagos Prov.	NA	NA	NA	Duncan Island, Galapagos Arch.	NA	NA	NA	NA	NA	NA	NA	-0.613056	-90.677778	NA	NA	NA	NA	NA	NA	NA	NA	NA	NA	NA	Google Earth, 2013.	NA	NA	NA	NA	NA	NA	NA	NA	NA	NA	NA	NA	NA	NA	NA	NA	NA	NA	NA	NA	NA	NA	NA	NA	NA	NA	NA	NA	NA	NA	NA	C6Q3Z	NA	NA	NA	NA	NA	Chelonoidis duncanensis (Pritchard, 1996)	NA	NA	NA	NA	NA	NA	Animalia; Chordata; Reptilia; Testudines; Testudinidae	Animalia	Chordata	Reptilia	Testudines	Testudinoidea	Testudinidae	NA	NA	NA	Chelonoidis	Chelonoidis	NA	NA	duncanensis	NA	NA	SPECIES	NA	NA	NA	SYNONYM	NA	NA	cece4fc2-1fec-4bb5-a335-7252548e3f0b	US	2026-09-07 00:06:33	NA	NA	NA	NA	NA	COORDINATE_ROUNDED;CONTINENT_DERIVED_FROM_COORDINATES	NA	COORDINATE_ROUNDED;CONTINENT_DERIVED_FROM_COORDINATES	StillImage	TRUE	FALSE	MVBKH	C6Q3Z	N	CH2	RP	477	87BWY	626NZ	NA	NA	NA	3MPP	NA	5Y2Z9	Chelonoidis niger	Chelonoidis niger duncanensis (Pritchard, 1996)	Chelonoidis duncanensis	NA	EML	2026-09-07 00:06:33	2026-09-07 00:01:45	NA	TRUE	NA	NA	FALSE	LATIN_AMERICA	NORTH_AMERICA	ECU	Ecuador	ECU.9_1	Galápagos	ECU.9.3_1	Santa Cruz	ECU.9.3.3_1	Santa Rosa	NA
543673321	NA	NA	NA	CC0_1_0	2024-01-04 14:21:00	California Academy of Sciences	NA	NA	NA	http://grbio.org/institution/california-academy-sciences	http://grscicoll.org/institutional-collection/herpetology-0	NA	CAS	HERP	NA	NA	PRESERVED_SPECIMEN	NA	NA	NA	urn:catalog:CAS:HERP:8293	8293	2085	R.H. Beck	NA	NA	NA	NA	Male	Adult	NA	NA	NA	NA	NA	NA	NA	NA	PRESENT	Dry	NA	NA	NA	NA	NA	NA	Miscellaneous postcrania in skeletal collection.	NA	NA	NA	NA	NA	NA	NA	NA	NA	NA	NA	NA	NA	NA	1905-12-02	NA	336	336	1905	12	2	2 Dec 1905	NA	NA	NA	NA	NA	NA	NA	NA	NA	South Pacific Ocean; Ecuador; Galapagos Prov.; Galapagos Ids.; Pinzon Id.	SOUTH_AMERICA	South Pacific Ocean	Galapagos Ids.	Pinzon Id.	EC	Galapagos Prov.	NA	NA	NA	Duncan Island, Galapagos Arch.	NA	NA	NA	NA	NA	NA	NA	-0.613056	-90.677778	NA	NA	NA	NA	NA	NA	NA	NA	NA	NA	NA	Google Earth, 2013.	NA	NA	NA	NA	NA	NA	NA	NA	NA	NA	NA	NA	NA	NA	NA	NA	NA	NA	NA	NA	NA	NA	NA	NA	NA	NA	NA	NA	NA	NA	NA	C6Q3Z	NA	NA	NA	NA	NA	Chelonoidis duncanensis (Pritchard, 1996)	NA	NA	NA	NA	NA	NA	Animalia; Chordata; Reptilia; Testudines; Testudinidae	Animalia	Chordata	Reptilia	Testudines	Testudinoidea	Testudinidae	NA	NA	NA	Chelonoidis	Chelonoidis	NA	NA	duncanensis	NA	NA	SPECIES	NA	NA	NA	SYNONYM	NA	NA	cece4fc2-1fec-4bb5-a335-7252548e3f0b	US	2026-09-07 00:06:38	NA	NA	NA	NA	NA	COORDINATE_ROUNDED;CONTINENT_DERIVED_FROM_COORDINATES	NA	COORDINATE_ROUNDED;CONTINENT_DERIVED_FROM_COORDINATES	StillImage	TRUE	FALSE	MVBKH	C6Q3Z	N	CH2	RP	477	87BWY	626NZ	NA	NA	NA	3MPP	NA	5Y2Z9	Chelonoidis niger	Chelonoidis niger duncanensis (Pritchard, 1996)	Chelonoidis duncanensis	NA	EML	2026-09-07 00:06:38	2026-09-07 00:01:45	NA	TRUE	NA	NA	FALSE	LATIN_AMERICA	NORTH_AMERICA	ECU	Ecuador	ECU.9_1	Galápagos	ECU.9.3_1	Santa Cruz	ECU.9.3.3_1	Santa Rosa	NA
543673343	NA	NA	NA	CC0_1_0	2024-01-04 14:21:00	California Academy of Sciences	NA	NA	NA	http://grbio.org/institution/california-academy-sciences	http://grscicoll.org/institutional-collection/herpetology-0	NA	CAS	HERP	NA	NA	PRESERVED_SPECIMEN	NA	NA	NA	urn:catalog:CAS:HERP:8295	8295	2088	R.H. Beck	NA	NA	NA	NA	Male	Adult	NA	NA	NA	NA	NA	NA	NA	NA	PRESENT	Dry	NA	NA	NA	NA	NA	NA	Miscellaneous postcrania in skeletal collection.	NA	NA	NA	NA	NA	NA	NA	NA	NA	NA	NA	NA	NA	NA	1905-12-05	NA	339	339	1905	12	5	5 Dec 1905	NA	NA	NA	NA	NA	NA	NA	NA	NA	South Pacific Ocean; Ecuador; Galapagos Prov.; Galapagos Ids.; Pinzon Id.	SOUTH_AMERICA	South Pacific Ocean	Galapagos Ids.	Pinzon Id.	EC	Galapagos Prov.	NA	NA	NA	Duncan Island, Galapagos Arch.	NA	NA	NA	NA	NA	NA	NA	-0.613056	-90.677778	NA	NA	NA	NA	NA	NA	NA	NA	NA	NA	NA	Google Earth, 2013.	NA	NA	NA	NA	NA	NA	NA	NA	NA	NA	NA	NA	NA	NA	NA	NA	NA	NA	NA	NA	NA	NA	NA	NA	NA	NA	NA	NA	NA	NA	NA	C6Q3Z	NA	NA	NA	NA	NA	Chelonoidis duncanensis (Pritchard, 1996)	NA	NA	NA	NA	NA	NA	Animalia; Chordata; Reptilia; Testudines; Testudinidae	Animalia	Chordata	Reptilia	Testudines	Testudinoidea	Testudinidae	NA	NA	NA	Chelonoidis	Chelonoidis	NA	NA	duncanensis	NA	NA	SPECIES	NA	NA	NA	SYNONYM	NA	NA	cece4fc2-1fec-4bb5-a335-7252548e3f0b	US	2026-09-07 00:06:33	NA	NA	NA	NA	NA	COORDINATE_ROUNDED;CONTINENT_DERIVED_FROM_COORDINATES	NA	COORDINATE_ROUNDED;CONTINENT_DERIVED_FROM_COORDINATES	StillImage	TRUE	FALSE	MVBKH	C6Q3Z	N	CH2	RP	477	87BWY	626NZ	NA	NA	NA	3MPP	NA	5Y2Z9	Chelonoidis niger	Chelonoidis niger duncanensis (Pritchard, 1996)	Chelonoidis duncanensis	NA	EML	2026-09-07 00:06:33	2026-09-07 00:01:45	NA	TRUE	NA	NA	FALSE	LATIN_AMERICA	NORTH_AMERICA	ECU	Ecuador	ECU.9_1	Galápagos	ECU.9.3_1	Santa Cruz	ECU.9.3.3_1	Santa Rosa	NA
543674755	NA	NA	NA	CC0_1_0	2024-01-04 14:21:00	California Academy of Sciences	NA	NA	NA	http://grbio.org/institution/california-academy-sciences	http://grscicoll.org/institutional-collection/herpetology-0	NA	CAS	HERP	NA	NA	PRESERVED_SPECIMEN	NA	NA	NA	urn:catalog:CAS:HERP:8422	8422	NA	R.H. Beck	NA	NA	NA	NA	NA	Egg	NA	NA	NA	NA	NA	NA	NA	NA	PRESENT	Dry	NA	NA	NA	NA	NA	NA	Twelve eggs.	NA	NA	NA	NA	NA	NA	NA	NA	NA	NA	NA	NA	NA	NA	1905-10-25	NA	298	298	1905	10	25	25 Oct 1905	NA	NA	NA	NA	NA	NA	NA	NA	NA	South Pacific Ocean; Ecuador; Galapagos Prov.; Galapagos Ids.; Santa Cruz Id.	SOUTH_AMERICA	South Pacific Ocean	Galapagos Ids.	Santa Cruz Id.	EC	Galapagos Prov.	NA	NA	vicinity of Puerta de la Aguada	Indefatigable Isl., Galapagos Arch. Vic. Puerta de la Aguada	NA	NA	NA	NA	NA	NA	NA	-0.726389	-90.327639	NA	NA	NA	NA	NA	NA	NA	NA	NA	NA	NA	Google Earth, 2013.	NA	NA	NA	NA	NA	NA	NA	NA	NA	NA	NA	NA	NA	NA	NA	NA	NA	NA	NA	NA	NA	NA	NA	NA	NA	NA	NA	NA	NA	NA	NA	3MPP	NA	NA	NA	NA	NA	Chelonoidis Fitzinger, 1835	NA	NA	NA	NA	NA	NA	Animalia; Chordata; Reptilia; Testudines; Testudinidae	Animalia	Chordata	Reptilia	Testudines	Testudinoidea	Testudinidae	NA	NA	NA	Chelonoidis	NA	NA	NA	NA	NA	NA	GENUS	NA	NA	NA	ACCEPTED	NA	NA	cece4fc2-1fec-4bb5-a335-7252548e3f0b	US	2026-09-07 00:06:33	NA	NA	NA	NA	NA	COORDINATE_ROUNDED;CONTINENT_DERIVED_FROM_COORDINATES	NA	COORDINATE_ROUNDED;CONTINENT_DERIVED_FROM_COORDINATES	StillImage	TRUE	FALSE	3MPP	3MPP	N	CH2	RP	477	87BWY	626NZ	NA	NA	NA	3MPP	NA	NA	NA	Chelonoidis Fitzinger, 1835	Chelonoidis	NA	EML	2026-09-07 00:06:33	2026-09-07 00:01:45	NA	TRUE	NA	NA	FALSE	LATIN_AMERICA	NORTH_AMERICA	ECU	Ecuador	ECU.9_1	Galápagos	ECU.9.3_1	Santa Cruz	ECU.9.3.1_1	Bellavista	NA
543675043	NA	NA	NA	CC0_1_0	2024-01-04 14:21:00	California Academy of Sciences	NA	NA	NA	http://grbio.org/institution/california-academy-sciences	http://grscicoll.org/institutional-collection/herpetology-0	NA	CAS	HERP	NA	NA	PRESERVED_SPECIMEN	NA	NA	NA	urn:catalog:CAS:HERP:8448	8448	2063	R.H. Beck	NA	NA	NA	NA	Female	NA	NA	NA	NA	NA	NA	NA	NA	NA	PRESENT	Dry	NA	NA	NA	NA	NA	NA	Killed 25 Nov 1905.  Miscellaneous postcrania in skeletal collection.	NA	NA	NA	NA	NA	NA	NA	NA	NA	NA	NA	NA	NA	NA	1905-11-24	NA	328	328	1905	11	24	24 Nov 1905	NA	NA	NA	NA	NA	NA	NA	NA	NA	South Pacific Ocean; Ecuador; Galapagos Prov.; Galapagos Ids.; Santa Cruz Id.	SOUTH_AMERICA	South Pacific Ocean	Galapagos Ids.	Santa Cruz Id.	EC	Galapagos Prov.	NA	NA	vicinity of bay opposite of Daphne	Indefatigable Isl., Galapagos Arch. Vic. of Bay opposite Daphne	NA	NA	NA	NA	NA	NA	NA	-0.501667	-90.3275	NA	NA	NA	NA	NA	NA	NA	NA	NA	NA	NA	Google Earth, 2013.	NA	NA	NA	NA	NA	NA	NA	NA	NA	NA	NA	NA	NA	NA	NA	NA	NA	NA	NA	NA	NA	NA	NA	NA	NA	NA	NA	NA	NA	NA	NA	TVGD	NA	NA	NA	NA	NA	Chelonia mydas (Linnaeus, 1758)	NA	NA	NA	NA	NA	NA	Animalia; Chordata; Reptilia; Testudines; Cheloniidae	Animalia	Chordata	Reptilia	Testudines	Chelonioidea	Cheloniidae	NA	NA	NA	Chelonia	Chelonia	NA	NA	mydas	NA	NA	SPECIES	NA	NA	NA	ACCEPTED	NA	NA	cece4fc2-1fec-4bb5-a335-7252548e3f0b	US	2026-09-07 00:06:33	NA	NA	NA	NA	NA	COORDINATE_ROUNDED;CONTINENT_DERIVED_FROM_COORDINATES	NA	COORDINATE_ROUNDED;CONTINENT_DERIVED_FROM_COORDINATES	StillImage	TRUE	FALSE	TVGD	TVGD	N	CH2	RP	477	87BWH	83J	NA	NA	NA	3MPC	NA	TVGD	Chelonia mydas	Chelonia mydas (Linnaeus, 1758)	Chelonia mydas	NA	EML	2026-09-07 00:06:33	2026-09-07 00:01:45	NA	TRUE	NA	NA	FALSE	LATIN_AMERICA	NORTH_AMERICA	NA	NA	NA	NA	NA	NA	NA	NA	LC
543675232	NA	NA	NA	CC0_1_0	2024-01-04 14:21:00	California Academy of Sciences	NA	NA	NA	http://grbio.org/institution/california-academy-sciences	http://grscicoll.org/institutional-collection/herpetology-0	NA	CAS	HERP	NA	NA	PRESERVED_SPECIMEN	NA	NA	NA	urn:catalog:CAS:HERP:8465	8465	2216	F.T. Nelson	NA	NA	NA	NA	Female	Adult	NA	NA	NA	NA	NA	NA	NA	NA	PRESENT	Dry	NA	NA	NA	NA	NA	NA	Killed 21 Dec 1905.  Miscellaneous postcrania in skeletal collection.	NA	NA	NA	NA	NA	NA	NA	NA	NA	NA	NA	NA	NA	NA	1905-12-20	NA	354	354	1905	12	20	20 Dec 1905	NA	NA	NA	NA	NA	NA	NA	NA	NA	South Pacific Ocean; Ecuador; Galapagos Prov.; Galapagos Ids.; San Salvador Id.	SOUTH_AMERICA	South Pacific Ocean	Galapagos Ids.	San Salvador Id.	EC	Galapagos Prov.	NA	NA	NA	James Isl. Galapagos Arch.	NA	NA	NA	NA	NA	NA	NA	-0.347778	-90.671667	NA	NA	NA	NA	NA	NA	NA	NA	NA	NA	NA	Google Earth, 2013.	NA	NA	NA	NA	NA	NA	NA	NA	NA	NA	NA	NA	NA	NA	NA	NA	NA	NA	NA	NA	NA	NA	NA	NA	NA	NA	NA	NA	NA	NA	NA	TVGD	NA	NA	NA	NA	NA	Chelonia mydas (Linnaeus, 1758)	NA	NA	NA	NA	NA	NA	Animalia; Chordata; Reptilia; Testudines; Cheloniidae	Animalia	Chordata	Reptilia	Testudines	Chelonioidea	Cheloniidae	NA	NA	NA	Chelonia	Chelonia	NA	NA	mydas	NA	NA	SPECIES	NA	NA	NA	ACCEPTED	NA	NA	cece4fc2-1fec-4bb5-a335-7252548e3f0b	US	2026-09-07 00:06:38	NA	NA	NA	NA	NA	COORDINATE_ROUNDED;CONTINENT_DERIVED_FROM_COORDINATES	NA	COORDINATE_ROUNDED;CONTINENT_DERIVED_FROM_COORDINATES	StillImage	TRUE	FALSE	TVGD	TVGD	N	CH2	RP	477	87BWH	83J	NA	NA	NA	3MPC	NA	TVGD	Chelonia mydas	Chelonia mydas (Linnaeus, 1758)	Chelonia mydas	NA	EML	2026-09-07 00:06:38	2026-09-07 00:01:45	NA	TRUE	NA	NA	FALSE	LATIN_AMERICA	NORTH_AMERICA	NA	NA	NA	NA	NA	NA	NA	NA	LC
543674110	NA	NA	NA	CC0_1_0	2024-01-04 14:21:00	California Academy of Sciences	NA	NA	NA	http://grbio.org/institution/california-academy-sciences	http://grscicoll.org/institutional-collection/herpetology-0	NA	CAS	HERP	NA	NA	PRESERVED_SPECIMEN	NA	NA	NA	urn:catalog:CAS:HERP:8364	8364	F.F.	Expedition	NA	NA	NA	NA	Male	Adult	NA	NA	NA	NA	NA	NA	NA	NA	PRESENT	Dry	NA	NA	NA	NA	NA	NA	NA	NA	NA	NA	NA	NA	NA	NA	NA	NA	NA	NA	NA	NA	NA	1905-12	NA	NA	NA	1905	12	NA	Dec 1905	NA	NA	NA	NA	NA	NA	NA	NA	NA	South Pacific Ocean; Ecuador; Galapagos Prov.; Galapagos Ids.; Pinzon Id.	SOUTH_AMERICA	South Pacific Ocean	Galapagos Ids.	Pinzon Id.	EC	Galapagos Prov.	NA	NA	NA	Duncan Island, Galapagos Arch.	NA	NA	NA	NA	NA	NA	NA	-0.613056	-90.677778	NA	NA	NA	NA	NA	NA	NA	NA	NA	NA	NA	Google Earth, 2013.	NA	NA	NA	NA	NA	NA	NA	NA	NA	NA	NA	NA	NA	NA	NA	NA	NA	NA	NA	NA	NA	NA	NA	NA	NA	NA	NA	NA	NA	NA	NA	C6Q3Z	NA	NA	NA	NA	NA	Chelonoidis duncanensis (Pritchard, 1996)	NA	NA	NA	NA	NA	NA	Animalia; Chordata; Reptilia; Testudines; Testudinidae	Animalia	Chordata	Reptilia	Testudines	Testudinoidea	Testudinidae	NA	NA	NA	Chelonoidis	Chelonoidis	NA	NA	duncanensis	NA	NA	SPECIES	NA	NA	NA	SYNONYM	NA	NA	cece4fc2-1fec-4bb5-a335-7252548e3f0b	US	2026-09-07 00:06:33	NA	NA	NA	NA	NA	COORDINATE_ROUNDED;CONTINENT_DERIVED_FROM_COORDINATES	NA	COORDINATE_ROUNDED;CONTINENT_DERIVED_FROM_COORDINATES	StillImage	TRUE	FALSE	MVBKH	C6Q3Z	N	CH2	RP	477	87BWY	626NZ	NA	NA	NA	3MPP	NA	5Y2Z9	Chelonoidis niger	Chelonoidis niger duncanensis (Pritchard, 1996)	Chelonoidis duncanensis	NA	EML	2026-09-07 00:06:33	2026-09-07 00:01:45	NA	TRUE	NA	NA	FALSE	LATIN_AMERICA	NORTH_AMERICA	ECU	Ecuador	ECU.9_1	Galápagos	ECU.9.3_1	Santa Cruz	ECU.9.3.3_1	Santa Rosa	NA
543675677	NA	NA	NA	CC0_1_0	2024-01-04 14:21:00	California Academy of Sciences	NA	NA	NA	http://grbio.org/institution/california-academy-sciences	http://grscicoll.org/institutional-collection/herpetology-0	NA	CAS	HERP	NA	NA	PRESERVED_SPECIMEN	NA	NA	NA	urn:catalog:CAS:HERP:8505	8505	2404?	E.S. King	NA	NA	NA	NA	Male	Adult	NA	NA	NA	NA	NA	NA	NA	NA	PRESENT	Dry	NA	NA	NA	NA	NA	NA	Killed 30 Dec 1905.  Miscellaneous postcrania in skeletal collection.	NA	NA	NA	NA	NA	NA	NA	NA	NA	NA	NA	NA	NA	NA	1905-12-29	NA	363	363	1905	12	29	29 Dec 1905	NA	NA	NA	NA	NA	NA	NA	NA	NA	South Pacific Ocean; Ecuador; Galapagos Prov.; Galapagos Ids.; San Salvador Id.	SOUTH_AMERICA	South Pacific Ocean	Galapagos Ids.	San Salvador Id.	EC	Galapagos Prov.	NA	NA	NA	James Isl. Galapagos Arch.	NA	NA	NA	NA	NA	NA	NA	-0.203611	-90.829722	NA	NA	NA	NA	NA	NA	NA	NA	NA	NA	NA	Google Earth, 2013.	NA	NA	NA	NA	NA	NA	NA	NA	NA	NA	NA	NA	NA	NA	NA	NA	NA	NA	NA	NA	NA	NA	NA	NA	NA	NA	NA	NA	NA	NA	NA	TVGD	NA	NA	NA	NA	NA	Chelonia mydas (Linnaeus, 1758)	NA	NA	NA	NA	NA	NA	Animalia; Chordata; Reptilia; Testudines; Cheloniidae	Animalia	Chordata	Reptilia	Testudines	Chelonioidea	Cheloniidae	NA	NA	NA	Chelonia	Chelonia	NA	NA	mydas	NA	NA	SPECIES	NA	NA	NA	ACCEPTED	NA	NA	cece4fc2-1fec-4bb5-a335-7252548e3f0b	US	2026-09-07 00:06:33	NA	NA	NA	NA	NA	COORDINATE_ROUNDED;CONTINENT_DERIVED_FROM_COORDINATES	NA	COORDINATE_ROUNDED;CONTINENT_DERIVED_FROM_COORDINATES	StillImage	TRUE	FALSE	TVGD	TVGD	N	CH2	RP	477	87BWH	83J	NA	NA	NA	3MPC	NA	TVGD	Chelonia mydas	Chelonia mydas (Linnaeus, 1758)	Chelonia mydas	NA	EML	2026-09-07 00:06:33	2026-09-07 00:01:45	NA	TRUE	NA	NA	FALSE	LATIN_AMERICA	NORTH_AMERICA	NA	NA	NA	NA	NA	NA	NA	NA	LC
543675721	NA	NA	NA	CC0_1_0	2024-01-04 14:21:00	California Academy of Sciences	NA	NA	NA	http://grbio.org/institution/california-academy-sciences	http://grscicoll.org/institutional-collection/herpetology-0	NA	CAS	HERP	NA	NA	PRESERVED_SPECIMEN	NA	NA	NA	urn:catalog:CAS:HERP:8509	8509	NA	J.S. Hunter and E.W. Gifford	NA	NA	NA	NA	NA	Adult	NA	NA	NA	NA	NA	NA	NA	NA	PRESENT	Dry	NA	NA	NA	NA	NA	NA	Skull only.	NA	NA	NA	NA	NA	NA	NA	NA	NA	NA	NA	NA	NA	NA	1905-11-21	NA	325	325	1905	11	21	21 Nov 1905	NA	NA	NA	NA	NA	NA	NA	NA	NA	South Pacific Ocean; Ecuador; Galapagos Prov.; Galapagos Ids.; Baltra Id.	SOUTH_AMERICA	South Pacific Ocean	Galapagos Ids.	Baltra Id.	EC	Galapagos Prov.	NA	NA	NA	South Seymour Isl. Galapagos Arch.	NA	NA	NA	NA	NA	NA	NA	-0.436528	-90.281722	NA	NA	NA	NA	NA	NA	NA	NA	NA	NA	NA	Google Earth, 2013.	NA	NA	NA	NA	NA	NA	NA	NA	NA	NA	NA	NA	NA	NA	NA	NA	NA	NA	NA	NA	NA	NA	NA	NA	NA	NA	NA	NA	NA	NA	NA	TVGD	NA	NA	NA	NA	NA	Chelonia mydas (Linnaeus, 1758)	NA	NA	NA	NA	NA	NA	Animalia; Chordata; Reptilia; Testudines; Cheloniidae	Animalia	Chordata	Reptilia	Testudines	Chelonioidea	Cheloniidae	NA	NA	NA	Chelonia	Chelonia	NA	NA	mydas	NA	NA	SPECIES	NA	NA	NA	ACCEPTED	NA	NA	cece4fc2-1fec-4bb5-a335-7252548e3f0b	US	2026-09-07 00:06:33	NA	NA	NA	NA	NA	COORDINATE_ROUNDED;CONTINENT_DERIVED_FROM_COORDINATES	NA	COORDINATE_ROUNDED;CONTINENT_DERIVED_FROM_COORDINATES	StillImage	TRUE	FALSE	TVGD	TVGD	N	CH2	RP	477	87BWH	83J	NA	NA	NA	3MPC	NA	TVGD	Chelonia mydas	Chelonia mydas (Linnaeus, 1758)	Chelonia mydas	NA	EML	2026-09-07 00:06:33	2026-09-07 00:01:45	NA	TRUE	NA	NA	FALSE	LATIN_AMERICA	NORTH_AMERICA	NA	NA	NA	NA	NA	NA	NA	NA	LC
543673143	NA	NA	NA	CC0_1_0	2024-01-04 14:21:00	California Academy of Sciences	NA	NA	NA	http://grbio.org/institution/california-academy-sciences	http://grscicoll.org/institutional-collection/herpetology-0	NA	CAS	HERP	NA	NA	PRESERVED_SPECIMEN	NA	NA	NA	urn:catalog:CAS:HERP:8277	8277	1875	R.H. Beck	NA	NA	NA	NA	Female	Adult	NA	NA	NA	NA	NA	NA	NA	NA	PRESENT	Dry	NA	NA	NA	NA	NA	NA	NA	NA	NA	NA	NA	NA	NA	NA	NA	NA	NA	NA	NA	NA	NA	1905-11-07	NA	311	311	1905	11	7	7 Nov 1905	NA	NA	NA	NA	NA	NA	NA	NA	NA	South Pacific Ocean; Ecuador; Galapagos Prov.; Galapagos Ids.; Santa Cruz Id.	SOUTH_AMERICA	South Pacific Ocean	Galapagos Ids.	Santa Cruz Id.	EC	Galapagos Prov.	NA	NA	vicinity of Academy Bay	Indefatigable Isl., Galapagos Arch.  Vic. Academy Bay.	NA	NA	NA	NA	NA	NA	NA	-0.726389	-90.327639	NA	NA	NA	NA	NA	NA	NA	NA	NA	NA	NA	Google Earth, 2013.	NA	NA	NA	NA	NA	NA	NA	NA	NA	NA	NA	NA	NA	NA	NA	NA	NA	NA	NA	NA	NA	NA	NA	NA	NA	NA	NA	NA	NA	NA	NA	C6Q47	NA	NA	NA	NA	NA	Chelonoidis porteri (Rothschild, 1903)	NA	NA	NA	NA	NA	NA	Animalia; Chordata; Reptilia; Testudines; Testudinidae	Animalia	Chordata	Reptilia	Testudines	Testudinoidea	Testudinidae	NA	NA	NA	Chelonoidis	Chelonoidis	NA	NA	porteri	NA	NA	SPECIES	NA	NA	NA	SYNONYM	NA	NA	cece4fc2-1fec-4bb5-a335-7252548e3f0b	US	2026-09-07 00:06:33	NA	NA	NA	NA	NA	COORDINATE_ROUNDED;CONTINENT_DERIVED_FROM_COORDINATES	NA	COORDINATE_ROUNDED;CONTINENT_DERIVED_FROM_COORDINATES	StillImage	TRUE	FALSE	TVLK	C6Q47	N	CH2	RP	477	87BWY	626NZ	NA	NA	NA	3MPP	NA	5Y2Z9	Chelonoidis niger	Chelonoidis niger porteri (Rothschild, 1903)	Chelonoidis porteri	NA	EML	2026-09-07 00:06:33	2026-09-07 00:01:45	NA	TRUE	NA	NA	FALSE	LATIN_AMERICA	NORTH_AMERICA	ECU	Ecuador	ECU.9_1	Galápagos	ECU.9.3_1	Santa Cruz	ECU.9.3.1_1	Bellavista	NA
543673555	NA	NA	NA	CC0_1_0	2024-01-04 14:21:00	California Academy of Sciences	NA	NA	NA	http://grbio.org/institution/california-academy-sciences	http://grscicoll.org/institutional-collection/herpetology-0	NA	CAS	HERP	NA	NA	PRESERVED_SPECIMEN	NA	NA	NA	urn:catalog:CAS:HERP:8314	8314	2104	R.H. Beck	NA	NA	NA	NA	Male	Adult	NA	NA	NA	NA	NA	NA	NA	NA	PRESENT	Dry	NA	NA	NA	NA	NA	NA	Miscellaneous postcrania in skeletal collection.	NA	NA	NA	NA	NA	NA	NA	NA	NA	NA	NA	NA	NA	NA	1905-12-01	NA	335	335	1905	12	1	1-17 Dec 1905	NA	NA	NA	NA	NA	NA	NA	NA	NA	South Pacific Ocean; Ecuador; Galapagos Prov.; Galapagos Ids.; Pinzon Id.	SOUTH_AMERICA	South Pacific Ocean	Galapagos Ids.	Pinzon Id.	EC	Galapagos Prov.	NA	NA	NA	Duncan Island, Galapagos Arch.	NA	NA	NA	NA	NA	NA	NA	-0.613056	-90.677778	NA	NA	NA	NA	NA	NA	NA	NA	NA	NA	NA	Google Earth, 2013.	NA	NA	NA	NA	NA	NA	NA	NA	NA	NA	NA	NA	NA	NA	NA	NA	NA	NA	NA	NA	NA	NA	NA	NA	NA	NA	NA	NA	NA	NA	NA	C6Q3Z	NA	NA	NA	NA	NA	Chelonoidis duncanensis (Pritchard, 1996)	NA	NA	NA	NA	NA	NA	Animalia; Chordata; Reptilia; Testudines; Testudinidae	Animalia	Chordata	Reptilia	Testudines	Testudinoidea	Testudinidae	NA	NA	NA	Chelonoidis	Chelonoidis	NA	NA	duncanensis	NA	NA	SPECIES	NA	NA	NA	SYNONYM	NA	NA	cece4fc2-1fec-4bb5-a335-7252548e3f0b	US	2026-09-07 00:06:33	NA	NA	NA	NA	NA	COORDINATE_ROUNDED;CONTINENT_DERIVED_FROM_COORDINATES	NA	COORDINATE_ROUNDED;CONTINENT_DERIVED_FROM_COORDINATES	StillImage	TRUE	FALSE	MVBKH	C6Q3Z	N	CH2	RP	477	87BWY	626NZ	NA	NA	NA	3MPP	NA	5Y2Z9	Chelonoidis niger	Chelonoidis niger duncanensis (Pritchard, 1996)	Chelonoidis duncanensis	NA	EML	2026-09-07 00:06:33	2026-09-07 00:01:45	NA	TRUE	NA	NA	FALSE	LATIN_AMERICA	NORTH_AMERICA	ECU	Ecuador	ECU.9_1	Galápagos	ECU.9.3_1	Santa Cruz	ECU.9.3.3_1	Santa Rosa	NA
543673566	NA	NA	NA	CC0_1_0	2024-01-04 14:21:00	California Academy of Sciences	NA	NA	NA	http://grbio.org/institution/california-academy-sciences	http://grscicoll.org/institutional-collection/herpetology-0	NA	CAS	HERP	NA	NA	PRESERVED_SPECIMEN	NA	NA	NA	urn:catalog:CAS:HERP:8315	8315	2105	R.H. Beck	NA	NA	NA	NA	Male	Adult	NA	NA	NA	NA	NA	NA	NA	NA	PRESENT	Dry	NA	NA	NA	NA	NA	NA	Miscellaneous postcrania in skeletal collection.	NA	NA	NA	NA	NA	NA	NA	NA	NA	NA	NA	NA	NA	NA	1905-12-01	NA	335	335	1905	12	1	1-17 Dec 1905	NA	NA	NA	NA	NA	NA	NA	NA	NA	South Pacific Ocean; Ecuador; Galapagos Prov.; Galapagos Ids.; Pinzon Id.	SOUTH_AMERICA	South Pacific Ocean	Galapagos Ids.	Pinzon Id.	EC	Galapagos Prov.	NA	NA	NA	Duncan Island, Galapagos Arch.	NA	NA	NA	NA	NA	NA	NA	-0.613056	-90.677778	NA	NA	NA	NA	NA	NA	NA	NA	NA	NA	NA	Google Earth, 2013.	NA	NA	NA	NA	NA	NA	NA	NA	NA	NA	NA	NA	NA	NA	NA	NA	NA	NA	NA	NA	NA	NA	NA	NA	NA	NA	NA	NA	NA	NA	NA	C6Q3Z	NA	NA	NA	NA	NA	Chelonoidis duncanensis (Pritchard, 1996)	NA	NA	NA	NA	NA	NA	Animalia; Chordata; Reptilia; Testudines; Testudinidae	Animalia	Chordata	Reptilia	Testudines	Testudinoidea	Testudinidae	NA	NA	NA	Chelonoidis	Chelonoidis	NA	NA	duncanensis	NA	NA	SPECIES	NA	NA	NA	SYNONYM	NA	NA	cece4fc2-1fec-4bb5-a335-7252548e3f0b	US	2026-09-07 00:06:33	NA	NA	NA	NA	NA	COORDINATE_ROUNDED;CONTINENT_DERIVED_FROM_COORDINATES	NA	COORDINATE_ROUNDED;CONTINENT_DERIVED_FROM_COORDINATES	StillImage	TRUE	FALSE	MVBKH	C6Q3Z	N	CH2	RP	477	87BWY	626NZ	NA	NA	NA	3MPP	NA	5Y2Z9	Chelonoidis niger	Chelonoidis niger duncanensis (Pritchard, 1996)	Chelonoidis duncanensis	NA	EML	2026-09-07 00:06:33	2026-09-07 00:01:45	NA	TRUE	NA	NA	FALSE	LATIN_AMERICA	NORTH_AMERICA	ECU	Ecuador	ECU.9_1	Galápagos	ECU.9.3_1	Santa Cruz	ECU.9.3.3_1	Santa Rosa	NA
543674844	NA	NA	NA	CC0_1_0	2024-01-04 14:21:00	California Academy of Sciences	NA	NA	NA	http://grbio.org/institution/california-academy-sciences	http://grscicoll.org/institutional-collection/herpetology-0	NA	CAS	HERP	NA	NA	PRESERVED_SPECIMEN	NA	NA	NA	urn:catalog:CAS:HERP:8430	8430	NA	NA	NA	NA	NA	NA	NA	Egg	NA	NA	NA	NA	NA	NA	NA	NA	PRESENT	Dry	NA	NA	NA	NA	NA	NA	Two eggs.	NA	NA	NA	NA	NA	NA	NA	NA	NA	NA	NA	NA	NA	NA	1905-10	NA	NA	NA	1905	10	NA	Oct 1905	NA	NA	NA	NA	NA	NA	NA	NA	NA	South Pacific Ocean; Ecuador; Galapagos Prov.; Galapagos Ids.; Isabela Id.	SOUTH_AMERICA	South Pacific Ocean	Galapagos Ids.	Isabela Id.	EC	Galapagos Prov.	NA	NA	SE of Isabela Id.	S.E. Albemarle Island, Galapagos Arch.	NA	NA	NA	NA	NA	NA	NA	-0.911944	-91.123611	9656.08	NA	NA	NA	NA	NA	NA	NA	NA	NA	NA	Google Earth, 2013.	NA	NA	NA	NA	NA	NA	NA	NA	NA	NA	NA	NA	NA	NA	NA	NA	NA	NA	NA	NA	NA	NA	NA	NA	NA	NA	NA	NA	NA	NA	NA	C6Q49	NA	NA	NA	NA	NA	Chelonoidis vicina (Günther, 1875)	NA	NA	NA	NA	NA	NA	Animalia; Chordata; Reptilia; Testudines; Testudinidae	Animalia	Chordata	Reptilia	Testudines	Testudinoidea	Testudinidae	NA	NA	NA	Chelonoidis	Chelonoidis	NA	NA	vicina	NA	NA	SPECIES	NA	NA	NA	SYNONYM	NA	NA	cece4fc2-1fec-4bb5-a335-7252548e3f0b	US	2026-09-07 00:06:33	NA	NA	NA	NA	NA	COORDINATE_ROUNDED;CONTINENT_DERIVED_FROM_COORDINATES	NA	COORDINATE_ROUNDED;CONTINENT_DERIVED_FROM_COORDINATES	StillImage	TRUE	FALSE	TVLL	C6Q49	N	CH2	RP	477	87BWY	626NZ	NA	NA	NA	3MPP	NA	5Y2Z9	Chelonoidis niger	Chelonoidis niger vicina (Günther, 1874)	Chelonoidis vicina	NA	EML	2026-09-07 00:06:33	2026-09-07 00:01:45	NA	TRUE	NA	NA	FALSE	LATIN_AMERICA	NORTH_AMERICA	ECU	Ecuador	ECU.9_1	Galápagos	ECU.9.1_1	Isabela	ECU.9.1.2_1	Tomas De Berlanga (Santo Tomas)	NA
543675210	NA	NA	NA	CC0_1_0	2024-01-04 14:21:00	California Academy of Sciences	NA	NA	NA	http://grbio.org/institution/california-academy-sciences	http://grscicoll.org/institutional-collection/herpetology-0	NA	CAS	HERP	NA	NA	PRESERVED_SPECIMEN	NA	NA	NA	urn:catalog:CAS:HERP:8463	8463	2199	E.S. King	NA	NA	NA	NA	NA	NA	NA	NA	NA	NA	NA	NA	NA	NA	PRESENT	Dry	NA	NA	NA	NA	NA	NA	Killed 20 Dec 1905.  Miscellaneous postcranina in skeletal collection.	NA	NA	NA	NA	NA	NA	NA	NA	NA	NA	NA	NA	NA	NA	1905-12-19	NA	353	353	1905	12	19	19 Dec 1905	NA	NA	NA	NA	NA	NA	NA	NA	NA	South Pacific Ocean; Ecuador; Galapagos Prov.; Galapagos Ids.; Rabida Id.	SOUTH_AMERICA	South Pacific Ocean	Galapagos Ids.	Rabida Id.	EC	Galapagos Prov.	NA	NA	Beach at Anchorage	Jervis Isl., Galapagos Arch.	NA	NA	NA	NA	NA	NA	NA	-0.399167	-90.707778	NA	NA	NA	NA	NA	NA	NA	NA	NA	NA	NA	Google Earth, 2013.	NA	NA	NA	NA	NA	NA	NA	NA	NA	NA	NA	NA	NA	NA	NA	NA	NA	NA	NA	NA	NA	NA	NA	NA	NA	NA	NA	NA	NA	NA	NA	TVGD	NA	NA	NA	NA	NA	Chelonia mydas (Linnaeus, 1758)	NA	NA	NA	NA	NA	NA	Animalia; Chordata; Reptilia; Testudines; Cheloniidae	Animalia	Chordata	Reptilia	Testudines	Chelonioidea	Cheloniidae	NA	NA	NA	Chelonia	Chelonia	NA	NA	mydas	NA	NA	SPECIES	NA	NA	NA	ACCEPTED	NA	NA	cece4fc2-1fec-4bb5-a335-7252548e3f0b	US	2026-09-07 00:06:40	NA	NA	NA	NA	NA	COORDINATE_ROUNDED;CONTINENT_DERIVED_FROM_COORDINATES	NA	COORDINATE_ROUNDED;CONTINENT_DERIVED_FROM_COORDINATES	StillImage	TRUE	FALSE	TVGD	TVGD	N	CH2	RP	477	87BWH	83J	NA	NA	NA	3MPC	NA	TVGD	Chelonia mydas	Chelonia mydas (Linnaeus, 1758)	Chelonia mydas	NA	EML	2026-09-07 00:06:40	2026-09-07 00:01:45	NA	TRUE	NA	NA	FALSE	LATIN_AMERICA	NORTH_AMERICA	NA	NA	NA	NA	NA	NA	NA	NA	LC
543675655	NA	NA	NA	CC0_1_0	2024-01-04 14:21:00	California Academy of Sciences	NA	NA	NA	http://grbio.org/institution/california-academy-sciences	http://grscicoll.org/institutional-collection/herpetology-0	NA	CAS	HERP	NA	NA	PRESERVED_SPECIMEN	NA	NA	NA	urn:catalog:CAS:HERP:8503	8503	2072?	R.H. Beck	NA	NA	NA	NA	Male	Adult	NA	NA	NA	NA	NA	NA	NA	NA	PRESENT	Dry	NA	NA	NA	NA	NA	NA	Killed 1 Dec 1905.  Miscellaneous postcrania in skeletal collection.	NA	NA	NA	NA	NA	NA	NA	NA	NA	NA	NA	NA	NA	NA	1905-11-24	NA	328	328	1905	11	24	24 Nov 1905	NA	NA	NA	NA	NA	NA	NA	NA	NA	South Pacific Ocean; Ecuador; Galapagos Prov.; Galapagos Ids.; Santa Cruz Id.	SOUTH_AMERICA	South Pacific Ocean	Galapagos Ids.	Santa Cruz Id.	EC	Galapagos Prov.	NA	NA	NA	Indefatigable Isl. Galapagos Arch.	NA	NA	NA	NA	NA	NA	NA	-0.501667	-90.3275	NA	NA	NA	NA	NA	NA	NA	NA	NA	NA	NA	Google Earth, 2013.	NA	NA	NA	NA	NA	NA	NA	NA	NA	NA	NA	NA	NA	NA	NA	NA	NA	NA	NA	NA	NA	NA	NA	NA	NA	NA	NA	NA	NA	NA	NA	TVGD	NA	NA	NA	NA	NA	Chelonia mydas (Linnaeus, 1758)	NA	NA	NA	NA	NA	NA	Animalia; Chordata; Reptilia; Testudines; Cheloniidae	Animalia	Chordata	Reptilia	Testudines	Chelonioidea	Cheloniidae	NA	NA	NA	Chelonia	Chelonia	NA	NA	mydas	NA	NA	SPECIES	NA	NA	NA	ACCEPTED	NA	NA	cece4fc2-1fec-4bb5-a335-7252548e3f0b	US	2026-09-07 00:06:40	NA	NA	NA	NA	NA	COORDINATE_ROUNDED;CONTINENT_DERIVED_FROM_COORDINATES	NA	COORDINATE_ROUNDED;CONTINENT_DERIVED_FROM_COORDINATES	StillImage	TRUE	FALSE	TVGD	TVGD	N	CH2	RP	477	87BWH	83J	NA	NA	NA	3MPC	NA	TVGD	Chelonia mydas	Chelonia mydas (Linnaeus, 1758)	Chelonia mydas	NA	EML	2026-09-07 00:06:40	2026-09-07 00:01:45	NA	TRUE	NA	NA	FALSE	LATIN_AMERICA	NORTH_AMERICA	NA	NA	NA	NA	NA	NA	NA	NA	LC
543673511	NA	NA	NA	CC0_1_0	2024-01-04 14:21:00	California Academy of Sciences	NA	NA	NA	http://grbio.org/institution/california-academy-sciences	http://grscicoll.org/institutional-collection/herpetology-0	NA	CAS	HERP	NA	NA	PRESERVED_SPECIMEN	NA	NA	NA	urn:catalog:CAS:HERP:8310	8310	2349	F.T. Nelson	NA	NA	NA	NA	Female	Adult	NA	NA	NA	NA	NA	NA	NA	NA	PRESENT	Dry	NA	NA	NA	NA	NA	NA	Killed on board 28 Dec 1905.  Miscellaneous postcrania in skeletal collection.	NA	NA	NA	NA	NA	NA	NA	NA	NA	NA	NA	NA	NA	NA	1905-12-01	NA	335	335	1905	12	1	1-17 Dec 1905	NA	NA	NA	NA	NA	NA	NA	NA	NA	South Pacific Ocean; Ecuador; Galapagos Prov.; Galapagos Ids.; Pinzon Id.	SOUTH_AMERICA	South Pacific Ocean	Galapagos Ids.	Pinzon Id.	EC	Galapagos Prov.	NA	NA	NA	Duncan Island, Galapagos Arch.	NA	NA	NA	NA	NA	NA	NA	-0.613056	-90.677778	NA	NA	NA	NA	NA	NA	NA	NA	NA	NA	NA	Google Earth, 2013.	NA	NA	NA	NA	NA	NA	NA	NA	NA	NA	NA	NA	NA	NA	NA	NA	NA	NA	NA	NA	NA	NA	NA	NA	NA	NA	NA	NA	NA	NA	NA	C6Q3Z	NA	NA	NA	NA	NA	Chelonoidis duncanensis (Pritchard, 1996)	NA	NA	NA	NA	NA	NA	Animalia; Chordata; Reptilia; Testudines; Testudinidae	Animalia	Chordata	Reptilia	Testudines	Testudinoidea	Testudinidae	NA	NA	NA	Chelonoidis	Chelonoidis	NA	NA	duncanensis	NA	NA	SPECIES	NA	NA	NA	SYNONYM	NA	NA	cece4fc2-1fec-4bb5-a335-7252548e3f0b	US	2026-09-07 00:06:40	NA	NA	NA	NA	NA	COORDINATE_ROUNDED;CONTINENT_DERIVED_FROM_COORDINATES	NA	COORDINATE_ROUNDED;CONTINENT_DERIVED_FROM_COORDINATES	StillImage	TRUE	FALSE	MVBKH	C6Q3Z	N	CH2	RP	477	87BWY	626NZ	NA	NA	NA	3MPP	NA	5Y2Z9	Chelonoidis niger	Chelonoidis niger duncanensis (Pritchard, 1996)	Chelonoidis duncanensis	NA	EML	2026-09-07 00:06:40	2026-09-07 00:01:45	NA	TRUE	NA	NA	FALSE	LATIN_AMERICA	NORTH_AMERICA	ECU	Ecuador	ECU.9_1	Galápagos	ECU.9.3_1	Santa Cruz	ECU.9.3.3_1	Santa Rosa	NA
543675066	NA	NA	NA	CC0_1_0	2024-01-04 14:21:00	California Academy of Sciences	NA	NA	NA	http://grbio.org/institution/california-academy-sciences	http://grscicoll.org/institutional-collection/herpetology-0	NA	CAS	HERP	NA	NA	PRESERVED_SPECIMEN	NA	NA	NA	urn:catalog:CAS:HERP:8450	8450	2065	R.H. Beck	NA	NA	NA	NA	Female	Adult	NA	NA	NA	NA	NA	NA	NA	NA	PRESENT	Dry	NA	NA	NA	NA	NA	NA	Killed 27 Nov 1905.  Miscellaneous postcrania in skeletal collection.  Slevin's notes indicate the collectors where F.T. Nelson and W.H. Ochsner.	NA	NA	NA	NA	NA	NA	NA	NA	NA	NA	NA	NA	NA	NA	1905-11-25	NA	329	329	1905	11	25	25 Nov 1905	NA	NA	NA	NA	NA	NA	NA	NA	NA	South Pacific Ocean; Ecuador; Galapagos Prov.; Galapagos Ids.; Santa Cruz Id.	SOUTH_AMERICA	South Pacific Ocean	Galapagos Ids.	Santa Cruz Id.	EC	Galapagos Prov.	NA	NA	north coast of island	Indefatigable Isl., Galapagos Arch. North Coast of Island	NA	NA	NA	NA	NA	NA	NA	-0.501667	-90.3275	NA	NA	NA	NA	NA	NA	NA	NA	NA	NA	NA	Google Earth, 2013.	NA	NA	NA	NA	NA	NA	NA	NA	NA	NA	NA	NA	NA	NA	NA	NA	NA	NA	NA	NA	NA	NA	NA	NA	NA	NA	NA	NA	NA	NA	NA	TVGD	NA	NA	NA	NA	NA	Chelonia mydas (Linnaeus, 1758)	NA	NA	NA	NA	NA	NA	Animalia; Chordata; Reptilia; Testudines; Cheloniidae	Animalia	Chordata	Reptilia	Testudines	Chelonioidea	Cheloniidae	NA	NA	NA	Chelonia	Chelonia	NA	NA	mydas	NA	NA	SPECIES	NA	NA	NA	ACCEPTED	NA	NA	cece4fc2-1fec-4bb5-a335-7252548e3f0b	US	2026-09-07 00:06:40	NA	NA	NA	NA	NA	COORDINATE_ROUNDED;CONTINENT_DERIVED_FROM_COORDINATES	NA	COORDINATE_ROUNDED;CONTINENT_DERIVED_FROM_COORDINATES	StillImage	TRUE	FALSE	TVGD	TVGD	N	CH2	RP	477	87BWH	83J	NA	NA	NA	3MPC	NA	TVGD	Chelonia mydas	Chelonia mydas (Linnaeus, 1758)	Chelonia mydas	NA	EML	2026-09-07 00:06:40	2026-09-07 00:01:45	NA	TRUE	NA	NA	FALSE	LATIN_AMERICA	NORTH_AMERICA	NA	NA	NA	NA	NA	NA	NA	NA	LC
543553944	NA	NA	NA	CC0_1_0	2024-01-04 14:21:00	California Academy of Sciences	NA	NA	NA	http://grbio.org/institution/california-academy-sciences	http://grscicoll.org/institutional-collection/herpetology-0	NA	CAS	HERP	NA	NA	PRESERVED_SPECIMEN	NA	NA	NA	urn:catalog:CAS:HERP:201513	201513	JRS-2143	R.H. Beck	NA	NA	NA	NA	Female	NA	NA	NA	NA	NA	NA	NA	NA	NA	PRESENT	Dry	NA	NA	NA	NA	NA	NA	NA	NA	NA	NA	NA	NA	NA	NA	NA	NA	NA	NA	NA	NA	NA	1905-12-01	NA	335	335	1905	12	1	1-17 Dec 1905	NA	NA	NA	NA	NA	NA	NA	NA	NA	South Pacific Ocean; Ecuador; Galapagos Prov.; Galapagos Ids.; Pinzon Id.	SOUTH_AMERICA	South Pacific Ocean	Galapagos Ids.	Pinzon Id.	EC	Galapagos Prov.	NA	NA	NA	Duncan Island	NA	NA	NA	NA	NA	NA	NA	-0.613056	-90.677778	NA	NA	NA	NA	NA	NA	NA	NA	NA	NA	NA	Google Earth, 2013.	NA	NA	NA	NA	NA	NA	NA	NA	NA	NA	NA	NA	NA	NA	NA	NA	NA	NA	NA	NA	NA	NA	NA	NA	NA	NA	NA	NA	NA	NA	NA	3MPP	NA	NA	NA	NA	NA	Chelonoidis Fitzinger, 1835	NA	NA	NA	NA	NA	NA	Animalia; Chordata; Reptilia; Testudines; Testudinidae	Animalia	Chordata	Reptilia	Testudines	Testudinoidea	Testudinidae	NA	NA	NA	Chelonoidis	NA	NA	NA	NA	NA	NA	GENUS	NA	NA	NA	ACCEPTED	NA	NA	cece4fc2-1fec-4bb5-a335-7252548e3f0b	US	2026-09-07 00:06:29	NA	NA	NA	NA	NA	COORDINATE_ROUNDED;CONTINENT_DERIVED_FROM_COORDINATES	NA	COORDINATE_ROUNDED;CONTINENT_DERIVED_FROM_COORDINATES	NA	TRUE	FALSE	3MPP	3MPP	N	CH2	RP	477	87BWY	626NZ	NA	NA	NA	3MPP	NA	NA	NA	Chelonoidis Fitzinger, 1835	Chelonoidis	NA	EML	2026-09-07 00:06:29	2026-09-07 00:01:45	NA	TRUE	NA	NA	FALSE	LATIN_AMERICA	NORTH_AMERICA	ECU	Ecuador	ECU.9_1	Galápagos	ECU.9.3_1	Santa Cruz	ECU.9.3.3_1	Santa Rosa	NA
543673799	NA	NA	NA	CC0_1_0	2024-01-04 14:21:00	California Academy of Sciences	NA	NA	NA	http://grbio.org/institution/california-academy-sciences	http://grscicoll.org/institutional-collection/herpetology-0	NA	CAS	HERP	NA	NA	PRESERVED_SPECIMEN	NA	NA	NA	urn:catalog:CAS:HERP:8336	8336	2152	R.H. Beck	NA	NA	NA	NA	Female	Adult	NA	NA	NA	NA	NA	NA	NA	NA	PRESENT	Dry	NA	NA	NA	NA	NA	NA	Miscellaneous postcrania in skeletal collection.	NA	NA	NA	NA	NA	NA	NA	NA	NA	NA	NA	NA	NA	NA	1905-12-01	NA	335	335	1905	12	1	1-17 Dec 1905	NA	NA	NA	NA	NA	NA	NA	NA	NA	South Pacific Ocean; Ecuador; Galapagos Prov.; Galapagos Ids.; Pinzon Id.	SOUTH_AMERICA	South Pacific Ocean	Galapagos Ids.	Pinzon Id.	EC	Galapagos Prov.	NA	NA	NA	Duncan Island, Galapagos Arch.	NA	NA	NA	NA	NA	NA	NA	-0.613056	-90.677778	NA	NA	NA	NA	NA	NA	NA	NA	NA	NA	NA	Google Earth, 2013.	NA	NA	NA	NA	NA	NA	NA	NA	NA	NA	NA	NA	NA	NA	NA	NA	NA	NA	NA	NA	NA	NA	NA	NA	NA	NA	NA	NA	NA	NA	NA	C6Q3Z	NA	NA	NA	NA	NA	Chelonoidis duncanensis (Pritchard, 1996)	NA	NA	NA	NA	NA	NA	Animalia; Chordata; Reptilia; Testudines; Testudinidae	Animalia	Chordata	Reptilia	Testudines	Testudinoidea	Testudinidae	NA	NA	NA	Chelonoidis	Chelonoidis	NA	NA	duncanensis	NA	NA	SPECIES	NA	NA	NA	SYNONYM	NA	NA	cece4fc2-1fec-4bb5-a335-7252548e3f0b	US	2026-09-07 00:06:33	NA	NA	NA	NA	NA	COORDINATE_ROUNDED;CONTINENT_DERIVED_FROM_COORDINATES	NA	COORDINATE_ROUNDED;CONTINENT_DERIVED_FROM_COORDINATES	StillImage	TRUE	FALSE	MVBKH	C6Q3Z	N	CH2	RP	477	87BWY	626NZ	NA	NA	NA	3MPP	NA	5Y2Z9	Chelonoidis niger	Chelonoidis niger duncanensis (Pritchard, 1996)	Chelonoidis duncanensis	NA	EML	2026-09-07 00:06:33	2026-09-07 00:01:45	NA	TRUE	NA	NA	FALSE	LATIN_AMERICA	NORTH_AMERICA	ECU	Ecuador	ECU.9_1	Galápagos	ECU.9.3_1	Santa Cruz	ECU.9.3.3_1	Santa Rosa	NA
543675254	NA	NA	NA	CC0_1_0	2024-01-04 14:21:00	California Academy of Sciences	NA	NA	NA	http://grbio.org/institution/california-academy-sciences	http://grscicoll.org/institutional-collection/herpetology-0	NA	CAS	HERP	NA	NA	PRESERVED_SPECIMEN	NA	NA	NA	urn:catalog:CAS:HERP:8467	8467	2219	F.T. Nelson	NA	NA	NA	NA	Female	Adult	NA	NA	NA	NA	NA	NA	NA	NA	PRESENT	Dry	NA	NA	NA	NA	NA	NA	Killed 22 Dec 1905.  Miscellaneous postcrania in skeletal collection.	NA	NA	NA	NA	NA	NA	NA	NA	NA	NA	NA	NA	NA	NA	1905-12-20	NA	354	354	1905	12	20	20 Dec 1905	NA	NA	NA	NA	NA	NA	NA	NA	NA	South Pacific Ocean; Ecuador; Galapagos Prov.; Galapagos Ids.; San Salvador Id.	SOUTH_AMERICA	South Pacific Ocean	Galapagos Ids.	San Salvador Id.	EC	Galapagos Prov.	NA	NA	NA	James Isl. Galapagos Arch.	NA	NA	NA	NA	NA	NA	NA	-0.347778	-90.671667	NA	NA	NA	NA	NA	NA	NA	NA	NA	NA	NA	Google Earth, 2013.	NA	NA	NA	NA	NA	NA	NA	NA	NA	NA	NA	NA	NA	NA	NA	NA	NA	NA	NA	NA	NA	NA	NA	NA	NA	NA	NA	NA	NA	NA	NA	TVGD	NA	NA	NA	NA	NA	Chelonia mydas (Linnaeus, 1758)	NA	NA	NA	NA	NA	NA	Animalia; Chordata; Reptilia; Testudines; Cheloniidae	Animalia	Chordata	Reptilia	Testudines	Chelonioidea	Cheloniidae	NA	NA	NA	Chelonia	Chelonia	NA	NA	mydas	NA	NA	SPECIES	NA	NA	NA	ACCEPTED	NA	NA	cece4fc2-1fec-4bb5-a335-7252548e3f0b	US	2026-09-07 00:06:33	NA	NA	NA	NA	NA	COORDINATE_ROUNDED;CONTINENT_DERIVED_FROM_COORDINATES	NA	COORDINATE_ROUNDED;CONTINENT_DERIVED_FROM_COORDINATES	StillImage	TRUE	FALSE	TVGD	TVGD	N	CH2	RP	477	87BWH	83J	NA	NA	NA	3MPC	NA	TVGD	Chelonia mydas	Chelonia mydas (Linnaeus, 1758)	Chelonia mydas	NA	EML	2026-09-07 00:06:33	2026-09-07 00:01:45	NA	TRUE	NA	NA	FALSE	LATIN_AMERICA	NORTH_AMERICA	NA	NA	NA	NA	NA	NA	NA	NA	LC
543673943	NA	NA	NA	CC0_1_0	2024-01-04 14:21:00	California Academy of Sciences	NA	NA	NA	http://grbio.org/institution/california-academy-sciences	http://grscicoll.org/institutional-collection/herpetology-0	NA	CAS	HERP	NA	NA	PRESERVED_SPECIMEN	NA	NA	NA	urn:catalog:CAS:HERP:8349	8349	2408	R.H. Beck	NA	NA	NA	NA	Female	Adult	NA	NA	NA	NA	NA	NA	NA	NA	PRESENT	Dry	NA	NA	NA	NA	NA	NA	Killed on board 28 Jan 1906.	NA	NA	NA	NA	NA	NA	NA	NA	NA	NA	NA	NA	NA	NA	1905-12-01	NA	335	335	1905	12	1	1-17 Dec 1905	NA	NA	NA	NA	NA	NA	NA	NA	NA	South Pacific Ocean; Ecuador; Galapagos Prov.; Galapagos Ids.; Pinzon Id.	SOUTH_AMERICA	South Pacific Ocean	Galapagos Ids.	Pinzon Id.	EC	Galapagos Prov.	NA	NA	NA	Duncan Island, Galapagos Arch.	NA	NA	NA	NA	NA	NA	NA	-0.613056	-90.677778	NA	NA	NA	NA	NA	NA	NA	NA	NA	NA	NA	Google Earth, 2013.	NA	NA	NA	NA	NA	NA	NA	NA	NA	NA	NA	NA	NA	NA	NA	NA	NA	NA	NA	NA	NA	NA	NA	NA	NA	NA	NA	NA	NA	NA	NA	C6Q3Z	NA	NA	NA	NA	NA	Chelonoidis duncanensis (Pritchard, 1996)	NA	NA	NA	NA	NA	NA	Animalia; Chordata; Reptilia; Testudines; Testudinidae	Animalia	Chordata	Reptilia	Testudines	Testudinoidea	Testudinidae	NA	NA	NA	Chelonoidis	Chelonoidis	NA	NA	duncanensis	NA	NA	SPECIES	NA	NA	NA	SYNONYM	NA	NA	cece4fc2-1fec-4bb5-a335-7252548e3f0b	US	2026-09-07 00:06:38	NA	NA	NA	NA	NA	COORDINATE_ROUNDED;CONTINENT_DERIVED_FROM_COORDINATES	NA	COORDINATE_ROUNDED;CONTINENT_DERIVED_FROM_COORDINATES	StillImage	TRUE	FALSE	MVBKH	C6Q3Z	N	CH2	RP	477	87BWY	626NZ	NA	NA	NA	3MPP	NA	5Y2Z9	Chelonoidis niger	Chelonoidis niger duncanensis (Pritchard, 1996)	Chelonoidis duncanensis	NA	EML	2026-09-07 00:06:38	2026-09-07 00:01:45	NA	TRUE	NA	NA	FALSE	LATIN_AMERICA	NORTH_AMERICA	ECU	Ecuador	ECU.9_1	Galápagos	ECU.9.3_1	Santa Cruz	ECU.9.3.3_1	Santa Rosa	NA
543674132	NA	NA	NA	CC0_1_0	2024-01-04 14:21:00	California Academy of Sciences	NA	NA	NA	http://grbio.org/institution/california-academy-sciences	http://grscicoll.org/institutional-collection/herpetology-0	NA	CAS	HERP	NA	NA	PRESERVED_SPECIMEN	NA	NA	NA	urn:catalog:CAS:HERP:8366	8366	B.B.	Expedition	NA	NA	NA	NA	Female	Adult	NA	NA	NA	NA	NA	NA	NA	NA	PRESENT	Dry	NA	NA	NA	NA	NA	NA	NA	NA	NA	NA	NA	NA	NA	NA	NA	NA	NA	NA	NA	NA	NA	1905-12	NA	NA	NA	1905	12	NA	Dec 1905	NA	NA	NA	NA	NA	NA	NA	NA	NA	South Pacific Ocean; Ecuador; Galapagos Prov.; Galapagos Ids.; Pinzon Id.	SOUTH_AMERICA	South Pacific Ocean	Galapagos Ids.	Pinzon Id.	EC	Galapagos Prov.	NA	NA	NA	Duncan Island, Galapagos Arch.	NA	NA	NA	NA	NA	NA	NA	-0.613056	-90.677778	NA	NA	NA	NA	NA	NA	NA	NA	NA	NA	NA	Google Earth, 2013.	NA	NA	NA	NA	NA	NA	NA	NA	NA	NA	NA	NA	NA	NA	NA	NA	NA	NA	NA	NA	NA	NA	NA	NA	NA	NA	NA	NA	NA	NA	NA	C6Q3Z	NA	NA	NA	NA	NA	Chelonoidis duncanensis (Pritchard, 1996)	NA	NA	NA	NA	NA	NA	Animalia; Chordata; Reptilia; Testudines; Testudinidae	Animalia	Chordata	Reptilia	Testudines	Testudinoidea	Testudinidae	NA	NA	NA	Chelonoidis	Chelonoidis	NA	NA	duncanensis	NA	NA	SPECIES	NA	NA	NA	SYNONYM	NA	NA	cece4fc2-1fec-4bb5-a335-7252548e3f0b	US	2026-09-07 00:06:38	NA	NA	NA	NA	NA	COORDINATE_ROUNDED;CONTINENT_DERIVED_FROM_COORDINATES	NA	COORDINATE_ROUNDED;CONTINENT_DERIVED_FROM_COORDINATES	StillImage	TRUE	FALSE	MVBKH	C6Q3Z	N	CH2	RP	477	87BWY	626NZ	NA	NA	NA	3MPP	NA	5Y2Z9	Chelonoidis niger	Chelonoidis niger duncanensis (Pritchard, 1996)	Chelonoidis duncanensis	NA	EML	2026-09-07 00:06:38	2026-09-07 00:01:45	NA	TRUE	NA	NA	FALSE	LATIN_AMERICA	NORTH_AMERICA	ECU	Ecuador	ECU.9_1	Galápagos	ECU.9.3_1	Santa Cruz	ECU.9.3.3_1	Santa Rosa	NA
543674165	NA	NA	NA	CC0_1_0	2024-01-04 14:21:00	California Academy of Sciences	NA	NA	NA	http://grbio.org/institution/california-academy-sciences	http://grscicoll.org/institutional-collection/herpetology-0	NA	CAS	HERP	NA	NA	PRESERVED_SPECIMEN	NA	NA	NA	urn:catalog:CAS:HERP:8369	8369	I.I.	Expedition	NA	NA	NA	NA	Male	Adult	NA	NA	NA	NA	NA	NA	NA	NA	PRESENT	Dry	NA	NA	NA	NA	NA	NA	NA	NA	NA	NA	NA	NA	NA	NA	NA	NA	NA	NA	NA	NA	NA	1905-12	NA	NA	NA	1905	12	NA	Dec 1905	NA	NA	NA	NA	NA	NA	NA	NA	NA	South Pacific Ocean; Ecuador; Galapagos Prov.; Galapagos Ids.; Pinzon Id.	SOUTH_AMERICA	South Pacific Ocean	Galapagos Ids.	Pinzon Id.	EC	Galapagos Prov.	NA	NA	NA	Duncan Island, Galapagos Arch.	NA	NA	NA	NA	NA	NA	NA	-0.613056	-90.677778	NA	NA	NA	NA	NA	NA	NA	NA	NA	NA	NA	Google Earth, 2013.	NA	NA	NA	NA	NA	NA	NA	NA	NA	NA	NA	NA	NA	NA	NA	NA	NA	NA	NA	NA	NA	NA	NA	NA	NA	NA	NA	NA	NA	NA	NA	C6Q3Z	NA	NA	NA	NA	NA	Chelonoidis duncanensis (Pritchard, 1996)	NA	NA	NA	NA	NA	NA	Animalia; Chordata; Reptilia; Testudines; Testudinidae	Animalia	Chordata	Reptilia	Testudines	Testudinoidea	Testudinidae	NA	NA	NA	Chelonoidis	Chelonoidis	NA	NA	duncanensis	NA	NA	SPECIES	NA	NA	NA	SYNONYM	NA	NA	cece4fc2-1fec-4bb5-a335-7252548e3f0b	US	2026-09-07 00:06:38	NA	NA	NA	NA	NA	COORDINATE_ROUNDED;CONTINENT_DERIVED_FROM_COORDINATES	NA	COORDINATE_ROUNDED;CONTINENT_DERIVED_FROM_COORDINATES	StillImage	TRUE	FALSE	MVBKH	C6Q3Z	N	CH2	RP	477	87BWY	626NZ	NA	NA	NA	3MPP	NA	5Y2Z9	Chelonoidis niger	Chelonoidis niger duncanensis (Pritchard, 1996)	Chelonoidis duncanensis	NA	EML	2026-09-07 00:06:38	2026-09-07 00:01:45	NA	TRUE	NA	NA	FALSE	LATIN_AMERICA	NORTH_AMERICA	ECU	Ecuador	ECU.9_1	Galápagos	ECU.9.3_1	Santa Cruz	ECU.9.3.3_1	Santa Rosa	NA
543673288	NA	NA	NA	CC0_1_0	2024-01-04 14:21:00	California Academy of Sciences	NA	NA	NA	http://grbio.org/institution/california-academy-sciences	http://grscicoll.org/institutional-collection/herpetology-0	NA	CAS	HERP	NA	NA	PRESERVED_SPECIMEN	NA	NA	NA	urn:catalog:CAS:HERP:8290	8290	1894i	R.H. Beck	NA	NA	NA	NA	Male	Adult	NA	NA	NA	NA	NA	NA	NA	NA	PRESENT	Dry	NA	NA	NA	NA	NA	NA	Miscellaneous postcrania in skeletal collection.	NA	NA	NA	NA	NA	NA	NA	NA	NA	NA	NA	NA	NA	NA	1905-11-09	NA	313	313	1905	11	9	9 Nov 1905	NA	NA	NA	NA	NA	NA	NA	NA	NA	South Pacific Ocean; Ecuador; Galapagos Prov.; Galapagos Ids.; Santa Cruz Id.	SOUTH_AMERICA	South Pacific Ocean	Galapagos Ids.	Santa Cruz Id.	EC	Galapagos Prov.	NA	NA	NA	Indefatigable Isl., Galapagos Arch.	NA	NA	NA	NA	NA	NA	NA	-0.726389	-90.327639	NA	NA	NA	NA	NA	NA	NA	NA	NA	NA	NA	Google Earth, 2013.	NA	NA	NA	NA	NA	NA	NA	NA	NA	NA	NA	NA	NA	NA	NA	NA	NA	NA	NA	NA	NA	NA	NA	NA	NA	NA	NA	NA	NA	NA	NA	C6Q47	NA	NA	NA	NA	NA	Chelonoidis porteri (Rothschild, 1903)	NA	NA	NA	NA	NA	NA	Animalia; Chordata; Reptilia; Testudines; Testudinidae	Animalia	Chordata	Reptilia	Testudines	Testudinoidea	Testudinidae	NA	NA	NA	Chelonoidis	Chelonoidis	NA	NA	porteri	NA	NA	SPECIES	NA	NA	NA	SYNONYM	NA	NA	cece4fc2-1fec-4bb5-a335-7252548e3f0b	US	2026-09-07 00:06:33	NA	NA	NA	NA	NA	COORDINATE_ROUNDED;CONTINENT_DERIVED_FROM_COORDINATES	NA	COORDINATE_ROUNDED;CONTINENT_DERIVED_FROM_COORDINATES	StillImage	TRUE	FALSE	TVLK	C6Q47	N	CH2	RP	477	87BWY	626NZ	NA	NA	NA	3MPP	NA	5Y2Z9	Chelonoidis niger	Chelonoidis niger porteri (Rothschild, 1903)	Chelonoidis porteri	NA	EML	2026-09-07 00:06:33	2026-09-07 00:01:45	NA	TRUE	NA	NA	FALSE	LATIN_AMERICA	NORTH_AMERICA	ECU	Ecuador	ECU.9_1	Galápagos	ECU.9.3_1	Santa Cruz	ECU.9.3.1_1	Bellavista	NA
543673666	NA	NA	NA	CC0_1_0	2024-01-04 14:21:00	California Academy of Sciences	NA	NA	NA	http://grbio.org/institution/california-academy-sciences	http://grscicoll.org/institutional-collection/herpetology-0	NA	CAS	HERP	NA	NA	PRESERVED_SPECIMEN	NA	NA	NA	urn:catalog:CAS:HERP:8324	8324	2121	R.H. Beck	NA	NA	NA	NA	Female	Adult	NA	NA	NA	NA	NA	NA	NA	NA	PRESENT	Dry	NA	NA	NA	NA	NA	NA	Miscellaneous postcrania in skeletal collection.	NA	NA	NA	NA	NA	NA	NA	NA	NA	NA	NA	NA	NA	NA	1905-12-01	NA	335	335	1905	12	1	1-17 Dec 1905	NA	NA	NA	NA	NA	NA	NA	NA	NA	South Pacific Ocean; Ecuador; Galapagos Prov.; Galapagos Ids.; Pinzon Id.	SOUTH_AMERICA	South Pacific Ocean	Galapagos Ids.	Pinzon Id.	EC	Galapagos Prov.	NA	NA	NA	Duncan Island, Galapagos Arch.	NA	NA	NA	NA	NA	NA	NA	-0.613056	-90.677778	NA	NA	NA	NA	NA	NA	NA	NA	NA	NA	NA	Google Earth, 2013.	NA	NA	NA	NA	NA	NA	NA	NA	NA	NA	NA	NA	NA	NA	NA	NA	NA	NA	NA	NA	NA	NA	NA	NA	NA	NA	NA	NA	NA	NA	NA	C6Q3Z	NA	NA	NA	NA	NA	Chelonoidis duncanensis (Pritchard, 1996)	NA	NA	NA	NA	NA	NA	Animalia; Chordata; Reptilia; Testudines; Testudinidae	Animalia	Chordata	Reptilia	Testudines	Testudinoidea	Testudinidae	NA	NA	NA	Chelonoidis	Chelonoidis	NA	NA	duncanensis	NA	NA	SPECIES	NA	NA	NA	SYNONYM	NA	NA	cece4fc2-1fec-4bb5-a335-7252548e3f0b	US	2026-09-07 00:06:33	NA	NA	NA	NA	NA	COORDINATE_ROUNDED;CONTINENT_DERIVED_FROM_COORDINATES	NA	COORDINATE_ROUNDED;CONTINENT_DERIVED_FROM_COORDINATES	StillImage	TRUE	FALSE	MVBKH	C6Q3Z	N	CH2	RP	477	87BWY	626NZ	NA	NA	NA	3MPP	NA	5Y2Z9	Chelonoidis niger	Chelonoidis niger duncanensis (Pritchard, 1996)	Chelonoidis duncanensis	NA	EML	2026-09-07 00:06:33	2026-09-07 00:01:45	NA	TRUE	NA	NA	FALSE	LATIN_AMERICA	NORTH_AMERICA	ECU	Ecuador	ECU.9_1	Galápagos	ECU.9.3_1	Santa Cruz	ECU.9.3.3_1	Santa Rosa	NA
543673955	NA	NA	NA	CC0_1_0	2024-01-04 14:21:00	California Academy of Sciences	NA	NA	NA	http://grbio.org/institution/california-academy-sciences	http://grscicoll.org/institutional-collection/herpetology-0	NA	CAS	HERP	NA	NA	PRESERVED_SPECIMEN	NA	NA	NA	urn:catalog:CAS:HERP:8350	8350	2704	R.H. Beck	NA	NA	NA	NA	Female	Adult	NA	NA	NA	NA	NA	NA	NA	NA	PRESENT	Dry	NA	NA	NA	NA	NA	NA	Died on board 28 Feb 1906.	NA	NA	NA	NA	NA	NA	NA	NA	NA	NA	NA	NA	NA	NA	1905-12-01	NA	335	335	1905	12	1	1-17 Dec 1905	NA	NA	NA	NA	NA	NA	NA	NA	NA	South Pacific Ocean; Ecuador; Galapagos Prov.; Galapagos Ids.; Pinzon Id.	SOUTH_AMERICA	South Pacific Ocean	Galapagos Ids.	Pinzon Id.	EC	Galapagos Prov.	NA	NA	NA	Duncan Island, Galapagos Arch.	NA	NA	NA	NA	NA	NA	NA	-0.613056	-90.677778	NA	NA	NA	NA	NA	NA	NA	NA	NA	NA	NA	Google Earth, 2013.	NA	NA	NA	NA	NA	NA	NA	NA	NA	NA	NA	NA	NA	NA	NA	NA	NA	NA	NA	NA	NA	NA	NA	NA	NA	NA	NA	NA	NA	NA	NA	C6Q3Z	NA	NA	NA	NA	NA	Chelonoidis duncanensis (Pritchard, 1996)	NA	NA	NA	NA	NA	NA	Animalia; Chordata; Reptilia; Testudines; Testudinidae	Animalia	Chordata	Reptilia	Testudines	Testudinoidea	Testudinidae	NA	NA	NA	Chelonoidis	Chelonoidis	NA	NA	duncanensis	NA	NA	SPECIES	NA	NA	NA	SYNONYM	NA	NA	cece4fc2-1fec-4bb5-a335-7252548e3f0b	US	2026-09-07 00:06:33	NA	NA	NA	NA	NA	COORDINATE_ROUNDED;CONTINENT_DERIVED_FROM_COORDINATES	NA	COORDINATE_ROUNDED;CONTINENT_DERIVED_FROM_COORDINATES	StillImage	TRUE	FALSE	MVBKH	C6Q3Z	N	CH2	RP	477	87BWY	626NZ	NA	NA	NA	3MPP	NA	5Y2Z9	Chelonoidis niger	Chelonoidis niger duncanensis (Pritchard, 1996)	Chelonoidis duncanensis	NA	EML	2026-09-07 00:06:33	2026-09-07 00:01:45	NA	TRUE	NA	NA	FALSE	LATIN_AMERICA	NORTH_AMERICA	ECU	Ecuador	ECU.9_1	Galápagos	ECU.9.3_1	Santa Cruz	ECU.9.3.3_1	Santa Rosa	NA
543671466	NA	NA	NA	CC0_1_0	2024-01-04 14:21:00	California Academy of Sciences	NA	NA	NA	http://grbio.org/institution/california-academy-sciences	http://grscicoll.org/institutional-collection/herpetology-0	NA	CAS	HERP	NA	NA	PRESERVED_SPECIMEN	NA	NA	NA	urn:catalog:CAS:HERP:8126	8126	NA	R.H. Beck	NA	NA	NA	NA	NA	NA	NA	NA	NA	NA	NA	NA	NA	NA	PRESENT	Dry	NA	NA	NA	NA	NA	NA	Miscellaneous postcrania.	NA	NA	NA	NA	NA	NA	NA	NA	NA	NA	NA	NA	NA	NA	1905-09-27	NA	270	270	1905	9	27	27 Sep 1905	NA	NA	NA	NA	NA	NA	NA	NA	NA	South Pacific Ocean; Ecuador; Galapagos Prov.; Galapagos Ids.; Espanola Id.	SOUTH_AMERICA	South Pacific Ocean	Galapagos Ids.	Espanola Id.	EC	Galapagos Prov.	NA	NA	central part of W end of Espanola Id.	Hood Island Galapagos Archipelago.  500 ft. elev. Cent. part of West end.	500 ft	NA	NA	NA	NA	NA	NA	NA	NA	NA	NA	NA	NA	NA	NA	NA	NA	NA	NA	NA	Google Earth, 2013.	NA	NA	NA	NA	NA	NA	NA	NA	NA	NA	NA	NA	NA	NA	NA	NA	NA	NA	NA	NA	NA	NA	NA	NA	NA	NA	NA	NA	NA	NA	NA	C6Q43	NA	NA	NA	NA	NA	Chelonoidis hoodensis (Van Denburgh, 1907)	NA	NA	NA	NA	NA	NA	Animalia; Chordata; Reptilia; Testudines; Testudinidae	Animalia	Chordata	Reptilia	Testudines	Testudinoidea	Testudinidae	NA	NA	NA	Chelonoidis	Chelonoidis	NA	NA	hoodensis	NA	NA	SPECIES	NA	NA	NA	SYNONYM	NA	NA	cece4fc2-1fec-4bb5-a335-7252548e3f0b	US	2026-09-07 00:06:33	152.4	NA	NA	NA	NA	CONTINENT_DERIVED_FROM_COUNTRY	NA	CONTINENT_DERIVED_FROM_COUNTRY	StillImage	FALSE	FALSE	TVLD	C6Q43	N	CH2	RP	477	87BWY	626NZ	NA	NA	NA	3MPP	NA	5Y2Z9	Chelonoidis niger	Chelonoidis niger hoodensis (Van Denburgh, 1907)	Chelonoidis hoodensis	NA	EML	2026-09-07 00:06:33	2026-09-07 00:01:45	NA	TRUE	NA	NA	FALSE	LATIN_AMERICA	NORTH_AMERICA	NA	NA	NA	NA	NA	NA	NA	NA	NA
543673477	NA	NA	NA	CC0_1_0	2024-01-04 14:21:00	California Academy of Sciences	NA	NA	NA	http://grbio.org/institution/california-academy-sciences	http://grscicoll.org/institutional-collection/herpetology-0	NA	CAS	HERP	NA	NA	PRESERVED_SPECIMEN	NA	NA	NA	urn:catalog:CAS:HERP:8307	8307	2346	F.T. Nelson	NA	NA	NA	NA	Female	Adult	NA	NA	NA	NA	NA	NA	NA	NA	PRESENT	Dry	NA	NA	NA	NA	NA	NA	Killed on board 28 Dec 1905.  Miscellaneous postcrania in skeletal collection.	NA	NA	NA	NA	NA	NA	NA	NA	NA	NA	NA	NA	NA	NA	1905-12-01	NA	335	335	1905	12	1	1-17 Dec 1905	NA	NA	NA	NA	NA	NA	NA	NA	NA	South Pacific Ocean; Ecuador; Galapagos Prov.; Galapagos Ids.; Pinzon Id.	SOUTH_AMERICA	South Pacific Ocean	Galapagos Ids.	Pinzon Id.	EC	Galapagos Prov.	NA	NA	NA	Duncan Island, Galapagos Arch.	NA	NA	NA	NA	NA	NA	NA	-0.613056	-90.677778	NA	NA	NA	NA	NA	NA	NA	NA	NA	NA	NA	Google Earth, 2013.	NA	NA	NA	NA	NA	NA	NA	NA	NA	NA	NA	NA	NA	NA	NA	NA	NA	NA	NA	NA	NA	NA	NA	NA	NA	NA	NA	NA	NA	NA	NA	C6Q3Z	NA	NA	NA	NA	NA	Chelonoidis duncanensis (Pritchard, 1996)	NA	NA	NA	NA	NA	NA	Animalia; Chordata; Reptilia; Testudines; Testudinidae	Animalia	Chordata	Reptilia	Testudines	Testudinoidea	Testudinidae	NA	NA	NA	Chelonoidis	Chelonoidis	NA	NA	duncanensis	NA	NA	SPECIES	NA	NA	NA	SYNONYM	NA	NA	cece4fc2-1fec-4bb5-a335-7252548e3f0b	US	2026-09-07 00:06:33	NA	NA	NA	NA	NA	COORDINATE_ROUNDED;CONTINENT_DERIVED_FROM_COORDINATES	NA	COORDINATE_ROUNDED;CONTINENT_DERIVED_FROM_COORDINATES	StillImage	TRUE	FALSE	MVBKH	C6Q3Z	N	CH2	RP	477	87BWY	626NZ	NA	NA	NA	3MPP	NA	5Y2Z9	Chelonoidis niger	Chelonoidis niger duncanensis (Pritchard, 1996)	Chelonoidis duncanensis	NA	EML	2026-09-07 00:06:33	2026-09-07 00:01:45	NA	TRUE	NA	NA	FALSE	LATIN_AMERICA	NORTH_AMERICA	ECU	Ecuador	ECU.9_1	Galápagos	ECU.9.3_1	Santa Cruz	ECU.9.3.3_1	Santa Rosa	NA
543674310	NA	NA	NA	CC0_1_0	2024-01-04 14:21:00	California Academy of Sciences	NA	NA	NA	http://grbio.org/institution/california-academy-sciences	http://grscicoll.org/institutional-collection/herpetology-0	NA	CAS	HERP	NA	NA	PRESERVED_SPECIMEN	NA	NA	NA	urn:catalog:CAS:HERP:8382	8382	1859?	J.R. Slevin and R.H. Beck	NA	NA	NA	NA	Female	NA	NA	NA	NA	NA	NA	NA	NA	NA	PRESENT	Dry	NA	NA	NA	NA	NA	NA	NA	NA	NA	NA	NA	NA	NA	NA	NA	NA	NA	NA	NA	NA	NA	1905-10-25	NA	298	298	1905	10	25	25 Oct 1905	NA	NA	NA	NA	NA	NA	NA	NA	NA	South Pacific Ocean; Ecuador; Galapagos Prov.; Galapagos Ids.; Santa Cruz Id.	SOUTH_AMERICA	South Pacific Ocean	Galapagos Ids.	Santa Cruz Id.	EC	Galapagos Prov.	NA	NA	vicinity of Puerta de la Aguada	Indefatigable Island, Galapagos Arch. Vic. Puerta de la Aguada.	NA	NA	NA	NA	NA	NA	NA	-0.726389	-90.327639	NA	NA	NA	NA	NA	NA	NA	NA	NA	NA	NA	Google Earth, 2013.	NA	NA	NA	NA	NA	NA	NA	NA	NA	NA	NA	NA	NA	NA	NA	NA	NA	NA	NA	NA	NA	NA	NA	NA	NA	NA	NA	NA	NA	NA	NA	C6Q47	NA	NA	NA	NA	NA	Chelonoidis porteri (Rothschild, 1903)	NA	NA	NA	NA	NA	NA	Animalia; Chordata; Reptilia; Testudines; Testudinidae	Animalia	Chordata	Reptilia	Testudines	Testudinoidea	Testudinidae	NA	NA	NA	Chelonoidis	Chelonoidis	NA	NA	porteri	NA	NA	SPECIES	NA	NA	NA	SYNONYM	NA	NA	cece4fc2-1fec-4bb5-a335-7252548e3f0b	US	2026-09-07 00:06:33	NA	NA	NA	NA	NA	COORDINATE_ROUNDED;CONTINENT_DERIVED_FROM_COORDINATES	NA	COORDINATE_ROUNDED;CONTINENT_DERIVED_FROM_COORDINATES	StillImage	TRUE	FALSE	TVLK	C6Q47	N	CH2	RP	477	87BWY	626NZ	NA	NA	NA	3MPP	NA	5Y2Z9	Chelonoidis niger	Chelonoidis niger porteri (Rothschild, 1903)	Chelonoidis porteri	NA	EML	2026-09-07 00:06:33	2026-09-07 00:01:45	NA	TRUE	NA	NA	FALSE	LATIN_AMERICA	NORTH_AMERICA	ECU	Ecuador	ECU.9_1	Galápagos	ECU.9.3_1	Santa Cruz	ECU.9.3.1_1	Bellavista	NA
543672077	NA	NA	NA	CC0_1_0	2024-01-04 14:21:00	California Academy of Sciences	NA	NA	NA	http://grbio.org/institution/california-academy-sciences	http://grscicoll.org/institutional-collection/herpetology-0	NA	CAS	HERP	NA	NA	PRESERVED_SPECIMEN	NA	NA	NA	urn:catalog:CAS:HERP:8181	8181	2661	E.S. King	NA	NA	NA	NA	Female	Adult	NA	NA	NA	NA	NA	NA	NA	NA	PRESENT	Dry	NA	NA	NA	NA	NA	NA	On board 21 Feb. 1906. Miscellaneous postcrania.	NA	NA	NA	NA	NA	NA	NA	NA	NA	NA	NA	NA	NA	NA	1905-11-02	NA	306	306	1905	11	2	2 Nov 1905	NA	NA	NA	NA	NA	NA	NA	NA	NA	South Pacific Ocean; Ecuador; Galapagos Prov.; Galapagos Ids.; Isabela Id.	SOUTH_AMERICA	South Pacific Ocean	Galapagos Ids.	Isabela Id.	EC	Galapagos Prov.	NA	NA	6 mi W of Villamil Mtn	Vilamil Mt., Albemarle Isl. Galapagos Arch.  6 miles west.	NA	NA	NA	NA	NA	NA	NA	-0.991389	-91.044722	NA	NA	NA	NA	NA	NA	NA	NA	NA	NA	NA	Google Earth, 2013.	NA	NA	NA	NA	NA	NA	NA	NA	NA	NA	NA	NA	NA	NA	NA	NA	NA	NA	NA	NA	NA	NA	NA	NA	NA	NA	NA	NA	NA	NA	NA	C6Q49	NA	NA	NA	NA	NA	Chelonoidis vicina (Günther, 1875)	NA	NA	NA	NA	NA	NA	Animalia; Chordata; Reptilia; Testudines; Testudinidae	Animalia	Chordata	Reptilia	Testudines	Testudinoidea	Testudinidae	NA	NA	NA	Chelonoidis	Chelonoidis	NA	NA	vicina	NA	NA	SPECIES	NA	NA	NA	SYNONYM	NA	NA	cece4fc2-1fec-4bb5-a335-7252548e3f0b	US	2026-09-07 00:06:40	NA	NA	NA	NA	NA	COORDINATE_ROUNDED;CONTINENT_DERIVED_FROM_COORDINATES	NA	COORDINATE_ROUNDED;CONTINENT_DERIVED_FROM_COORDINATES	StillImage	TRUE	FALSE	TVLL	C6Q49	N	CH2	RP	477	87BWY	626NZ	NA	NA	NA	3MPP	NA	5Y2Z9	Chelonoidis niger	Chelonoidis niger vicina (Günther, 1874)	Chelonoidis vicina	NA	EML	2026-09-07 00:06:40	2026-09-07 00:01:45	NA	TRUE	NA	NA	FALSE	LATIN_AMERICA	NORTH_AMERICA	ECU	Ecuador	ECU.9_1	Galápagos	ECU.9.1_1	Isabela	ECU.9.1.2_1	Tomas De Berlanga (Santo Tomas)	NA
543673299	NA	NA	NA	CC0_1_0	2024-01-04 14:21:00	California Academy of Sciences	NA	NA	NA	http://grbio.org/institution/california-academy-sciences	http://grscicoll.org/institutional-collection/herpetology-0	NA	CAS	HERP	NA	NA	PRESERVED_SPECIMEN	NA	NA	NA	urn:catalog:CAS:HERP:8291	8291	2076	J.S. Hunter	NA	NA	NA	NA	Female	Adult	NA	NA	NA	NA	NA	NA	NA	NA	PRESENT	Dry	NA	NA	NA	NA	NA	NA	Miscellaneous postcrania in skeletal collection.	NA	NA	NA	NA	NA	NA	NA	NA	NA	NA	NA	NA	NA	NA	1905-12-02	NA	336	336	1905	12	2	2 Dec 1905	NA	NA	NA	NA	NA	NA	NA	NA	NA	South Pacific Ocean; Ecuador; Galapagos Prov.; Galapagos Ids.; Pinzon Id.	SOUTH_AMERICA	South Pacific Ocean	Galapagos Ids.	Pinzon Id.	EC	Galapagos Prov.	NA	NA	NA	Duncan Island, Galapagos Arch.	NA	NA	NA	NA	NA	NA	NA	-0.613056	-90.677778	NA	NA	NA	NA	NA	NA	NA	NA	NA	NA	NA	Google Earth, 2013.	NA	NA	NA	NA	NA	NA	NA	NA	NA	NA	NA	NA	NA	NA	NA	NA	NA	NA	NA	NA	NA	NA	NA	NA	NA	NA	NA	NA	NA	NA	NA	C6Q3Z	NA	NA	NA	NA	NA	Chelonoidis duncanensis (Pritchard, 1996)	NA	NA	NA	NA	NA	NA	Animalia; Chordata; Reptilia; Testudines; Testudinidae	Animalia	Chordata	Reptilia	Testudines	Testudinoidea	Testudinidae	NA	NA	NA	Chelonoidis	Chelonoidis	NA	NA	duncanensis	NA	NA	SPECIES	NA	NA	NA	SYNONYM	NA	NA	cece4fc2-1fec-4bb5-a335-7252548e3f0b	US	2026-09-07 00:06:40	NA	NA	NA	NA	NA	COORDINATE_ROUNDED;CONTINENT_DERIVED_FROM_COORDINATES	NA	COORDINATE_ROUNDED;CONTINENT_DERIVED_FROM_COORDINATES	StillImage	TRUE	FALSE	MVBKH	C6Q3Z	N	CH2	RP	477	87BWY	626NZ	NA	NA	NA	3MPP	NA	5Y2Z9	Chelonoidis niger	Chelonoidis niger duncanensis (Pritchard, 1996)	Chelonoidis duncanensis	NA	EML	2026-09-07 00:06:40	2026-09-07 00:01:45	NA	TRUE	NA	NA	FALSE	LATIN_AMERICA	NORTH_AMERICA	ECU	Ecuador	ECU.9_1	Galápagos	ECU.9.3_1	Santa Cruz	ECU.9.3.3_1	Santa Rosa	NA
543673788	NA	NA	NA	CC0_1_0	2024-01-04 14:21:00	California Academy of Sciences	NA	NA	NA	http://grbio.org/institution/california-academy-sciences	http://grscicoll.org/institutional-collection/herpetology-0	NA	CAS	HERP	NA	NA	PRESERVED_SPECIMEN	NA	NA	NA	urn:catalog:CAS:HERP:8335	8335	2151	R.H. Beck	NA	NA	NA	NA	Female	Adult	NA	NA	NA	NA	NA	NA	NA	NA	PRESENT	Dry	NA	NA	NA	NA	NA	NA	Miscellaneous postcrania in skeletal collection.	NA	NA	NA	NA	NA	NA	NA	NA	NA	NA	NA	NA	NA	NA	1905-12-01	NA	335	335	1905	12	1	1-17 Dec 1905	NA	NA	NA	NA	NA	NA	NA	NA	NA	South Pacific Ocean; Ecuador; Galapagos Prov.; Galapagos Ids.; Pinzon Id.	SOUTH_AMERICA	South Pacific Ocean	Galapagos Ids.	Pinzon Id.	EC	Galapagos Prov.	NA	NA	NA	Duncan Island, Galapagos Arch.	NA	NA	NA	NA	NA	NA	NA	-0.613056	-90.677778	NA	NA	NA	NA	NA	NA	NA	NA	NA	NA	NA	Google Earth, 2013.	NA	NA	NA	NA	NA	NA	NA	NA	NA	NA	NA	NA	NA	NA	NA	NA	NA	NA	NA	NA	NA	NA	NA	NA	NA	NA	NA	NA	NA	NA	NA	C6Q3Z	NA	NA	NA	NA	NA	Chelonoidis duncanensis (Pritchard, 1996)	NA	NA	NA	NA	NA	NA	Animalia; Chordata; Reptilia; Testudines; Testudinidae	Animalia	Chordata	Reptilia	Testudines	Testudinoidea	Testudinidae	NA	NA	NA	Chelonoidis	Chelonoidis	NA	NA	duncanensis	NA	NA	SPECIES	NA	NA	NA	SYNONYM	NA	NA	cece4fc2-1fec-4bb5-a335-7252548e3f0b	US	2026-09-07 00:06:40	NA	NA	NA	NA	NA	COORDINATE_ROUNDED;CONTINENT_DERIVED_FROM_COORDINATES	NA	COORDINATE_ROUNDED;CONTINENT_DERIVED_FROM_COORDINATES	StillImage	TRUE	FALSE	MVBKH	C6Q3Z	N	CH2	RP	477	87BWY	626NZ	NA	NA	NA	3MPP	NA	5Y2Z9	Chelonoidis niger	Chelonoidis niger duncanensis (Pritchard, 1996)	Chelonoidis duncanensis	NA	EML	2026-09-07 00:06:40	2026-09-07 00:01:45	NA	TRUE	NA	NA	FALSE	LATIN_AMERICA	NORTH_AMERICA	ECU	Ecuador	ECU.9_1	Galápagos	ECU.9.3_1	Santa Cruz	ECU.9.3.3_1	Santa Rosa	NA
543674365	NA	NA	NA	CC0_1_0	2024-01-04 14:21:00	California Academy of Sciences	NA	NA	NA	http://grbio.org/institution/california-academy-sciences	http://grscicoll.org/institutional-collection/herpetology-0	NA	CAS	HERP	NA	NA	PRESERVED_SPECIMEN	NA	NA	NA	urn:catalog:CAS:HERP:8387	8387	1835?	R.H. Beck	NA	NA	NA	NA	Female	Adult	NA	NA	NA	NA	NA	NA	NA	NA	PRESENT	Dry	NA	NA	NA	NA	NA	NA	Miscellaneous postcrania.	NA	NA	NA	NA	NA	NA	NA	NA	NA	NA	NA	NA	NA	NA	1905-11-02	NA	306	306	1905	11	2	2 Nov 1905	NA	NA	NA	NA	NA	NA	NA	NA	NA	South Pacific Ocean; Ecuador; Galapagos Prov.; Galapagos Ids.; Isabela Id.	SOUTH_AMERICA	South Pacific Ocean	Galapagos Ids.	Isabela Id.	EC	Galapagos Prov.	NA	NA	8 mi W of Villamil	Albemarle Island, Galapagos Arch.  8 m. W. of Vilamil	NA	NA	NA	NA	NA	NA	NA	-1.000833	-91.072778	NA	NA	NA	NA	NA	NA	NA	NA	NA	NA	NA	Google Earth, 2013.	NA	NA	NA	NA	NA	NA	NA	NA	NA	NA	NA	NA	NA	NA	NA	NA	NA	NA	NA	NA	NA	NA	NA	NA	NA	NA	NA	NA	NA	NA	NA	C6Q49	NA	NA	NA	NA	NA	Chelonoidis vicina (Günther, 1875)	NA	NA	NA	NA	NA	NA	Animalia; Chordata; Reptilia; Testudines; Testudinidae	Animalia	Chordata	Reptilia	Testudines	Testudinoidea	Testudinidae	NA	NA	NA	Chelonoidis	Chelonoidis	NA	NA	vicina	NA	NA	SPECIES	NA	NA	NA	SYNONYM	NA	NA	cece4fc2-1fec-4bb5-a335-7252548e3f0b	US	2026-09-07 00:06:40	NA	NA	NA	NA	NA	COORDINATE_ROUNDED;CONTINENT_DERIVED_FROM_COORDINATES	NA	COORDINATE_ROUNDED;CONTINENT_DERIVED_FROM_COORDINATES	StillImage	TRUE	FALSE	TVLL	C6Q49	N	CH2	RP	477	87BWY	626NZ	NA	NA	NA	3MPP	NA	5Y2Z9	Chelonoidis niger	Chelonoidis niger vicina (Günther, 1874)	Chelonoidis vicina	NA	EML	2026-09-07 00:06:40	2026-09-07 00:01:45	NA	TRUE	NA	NA	FALSE	LATIN_AMERICA	NORTH_AMERICA	ECU	Ecuador	ECU.9_1	Galápagos	ECU.9.1_1	Isabela	ECU.9.1.2_1	Tomas De Berlanga (Santo Tomas)	NA
543674199	NA	NA	NA	CC0_1_0	2024-01-04 14:21:00	California Academy of Sciences	NA	NA	NA	http://grbio.org/institution/california-academy-sciences	http://grscicoll.org/institutional-collection/herpetology-0	NA	CAS	HERP	NA	NA	PRESERVED_SPECIMEN	NA	NA	NA	urn:catalog:CAS:HERP:8372	8372	L.L.	Expedition	NA	NA	NA	NA	Female	Adult	NA	NA	NA	NA	NA	NA	NA	NA	PRESENT	Dry	NA	NA	NA	NA	NA	NA	NA	NA	NA	NA	NA	NA	NA	NA	NA	NA	NA	NA	NA	NA	NA	1905-12	NA	NA	NA	1905	12	NA	Dec 1905	NA	NA	NA	NA	NA	NA	NA	NA	NA	South Pacific Ocean; Ecuador; Galapagos Prov.; Galapagos Ids.; Pinzon Id.	SOUTH_AMERICA	South Pacific Ocean	Galapagos Ids.	Pinzon Id.	EC	Galapagos Prov.	NA	NA	NA	Duncan Island, Galapagos Arch.	NA	NA	NA	NA	NA	NA	NA	-0.613056	-90.677778	NA	NA	NA	NA	NA	NA	NA	NA	NA	NA	NA	Google Earth, 2013.	NA	NA	NA	NA	NA	NA	NA	NA	NA	NA	NA	NA	NA	NA	NA	NA	NA	NA	NA	NA	NA	NA	NA	NA	NA	NA	NA	NA	NA	NA	NA	C6Q3Z	NA	NA	NA	NA	NA	Chelonoidis duncanensis (Pritchard, 1996)	NA	NA	NA	NA	NA	NA	Animalia; Chordata; Reptilia; Testudines; Testudinidae	Animalia	Chordata	Reptilia	Testudines	Testudinoidea	Testudinidae	NA	NA	NA	Chelonoidis	Chelonoidis	NA	NA	duncanensis	NA	NA	SPECIES	NA	NA	NA	SYNONYM	NA	NA	cece4fc2-1fec-4bb5-a335-7252548e3f0b	US	2026-09-07 00:06:36	NA	NA	NA	NA	NA	COORDINATE_ROUNDED;CONTINENT_DERIVED_FROM_COORDINATES	NA	COORDINATE_ROUNDED;CONTINENT_DERIVED_FROM_COORDINATES	StillImage	TRUE	FALSE	MVBKH	C6Q3Z	N	CH2	RP	477	87BWY	626NZ	NA	NA	NA	3MPP	NA	5Y2Z9	Chelonoidis niger	Chelonoidis niger duncanensis (Pritchard, 1996)	Chelonoidis duncanensis	NA	EML	2026-09-07 00:06:36	2026-09-07 00:01:45	NA	TRUE	NA	NA	FALSE	LATIN_AMERICA	NORTH_AMERICA	ECU	Ecuador	ECU.9_1	Galápagos	ECU.9.3_1	Santa Cruz	ECU.9.3.3_1	Santa Rosa	NA
543673755	NA	NA	NA	CC0_1_0	2024-01-04 14:21:00	California Academy of Sciences	NA	NA	NA	http://grbio.org/institution/california-academy-sciences	http://grscicoll.org/institutional-collection/herpetology-0	NA	CAS	HERP	NA	NA	PRESERVED_SPECIMEN	NA	NA	NA	urn:catalog:CAS:HERP:8332	8332	2148	R.H. Beck	NA	NA	NA	NA	Female	NA	NA	NA	NA	NA	NA	NA	NA	NA	PRESENT	Dry	NA	NA	NA	NA	NA	NA	Miscellaneous postcrania in skeletal collection.	NA	NA	NA	NA	NA	NA	NA	NA	NA	NA	NA	NA	NA	NA	1905-12-01	NA	335	335	1905	12	1	1-17 Dec 1905	NA	NA	NA	NA	NA	NA	NA	NA	NA	South Pacific Ocean; Ecuador; Galapagos Prov.; Galapagos Ids.; Pinzon Id.	SOUTH_AMERICA	South Pacific Ocean	Galapagos Ids.	Pinzon Id.	EC	Galapagos Prov.	NA	NA	NA	Duncan Island, Galapagos Arch.	NA	NA	NA	NA	NA	NA	NA	-0.613056	-90.677778	NA	NA	NA	NA	NA	NA	NA	NA	NA	NA	NA	Google Earth, 2013.	NA	NA	NA	NA	NA	NA	NA	NA	NA	NA	NA	NA	NA	NA	NA	NA	NA	NA	NA	NA	NA	NA	NA	NA	NA	NA	NA	NA	NA	NA	NA	C6Q3Z	NA	NA	NA	NA	NA	Chelonoidis duncanensis (Pritchard, 1996)	NA	NA	NA	NA	NA	NA	Animalia; Chordata; Reptilia; Testudines; Testudinidae	Animalia	Chordata	Reptilia	Testudines	Testudinoidea	Testudinidae	NA	NA	NA	Chelonoidis	Chelonoidis	NA	NA	duncanensis	NA	NA	SPECIES	NA	NA	NA	SYNONYM	NA	NA	cece4fc2-1fec-4bb5-a335-7252548e3f0b	US	2026-09-07 00:06:33	NA	NA	NA	NA	NA	COORDINATE_ROUNDED;CONTINENT_DERIVED_FROM_COORDINATES	NA	COORDINATE_ROUNDED;CONTINENT_DERIVED_FROM_COORDINATES	StillImage	TRUE	FALSE	MVBKH	C6Q3Z	N	CH2	RP	477	87BWY	626NZ	NA	NA	NA	3MPP	NA	5Y2Z9	Chelonoidis niger	Chelonoidis niger duncanensis (Pritchard, 1996)	Chelonoidis duncanensis	NA	EML	2026-09-07 00:06:33	2026-09-07 00:01:45	NA	TRUE	NA	NA	FALSE	LATIN_AMERICA	NORTH_AMERICA	ECU	Ecuador	ECU.9_1	Galápagos	ECU.9.3_1	Santa Cruz	ECU.9.3.3_1	Santa Rosa	NA
543673354	NA	NA	NA	CC0_1_0	2024-01-04 14:21:00	California Academy of Sciences	NA	NA	NA	http://grbio.org/institution/california-academy-sciences	http://grscicoll.org/institutional-collection/herpetology-0	NA	CAS	HERP	NA	NA	PRESERVED_SPECIMEN	NA	NA	NA	urn:catalog:CAS:HERP:8296	8296	2089	R.H. Beck	NA	NA	NA	NA	Male	Adult	NA	NA	NA	NA	NA	NA	NA	NA	PRESENT	Dry	NA	NA	NA	NA	NA	NA	Miscellaneous postcrania in skeletal collection.	NA	NA	NA	NA	NA	NA	NA	NA	NA	NA	NA	NA	NA	NA	1905-12-05	NA	339	339	1905	12	5	5 Dec 1905	NA	NA	NA	NA	NA	NA	NA	NA	NA	South Pacific Ocean; Ecuador; Galapagos Prov.; Galapagos Ids.; Pinzon Id.	SOUTH_AMERICA	South Pacific Ocean	Galapagos Ids.	Pinzon Id.	EC	Galapagos Prov.	NA	NA	NA	Duncan Island, Galapagos Arch.	NA	NA	NA	NA	NA	NA	NA	-0.613056	-90.677778	NA	NA	NA	NA	NA	NA	NA	NA	NA	NA	NA	Google Earth, 2013.	NA	NA	NA	NA	NA	NA	NA	NA	NA	NA	NA	NA	NA	NA	NA	NA	NA	NA	NA	NA	NA	NA	NA	NA	NA	NA	NA	NA	NA	NA	NA	C6Q3Z	NA	NA	NA	NA	NA	Chelonoidis duncanensis (Pritchard, 1996)	NA	NA	NA	NA	NA	NA	Animalia; Chordata; Reptilia; Testudines; Testudinidae	Animalia	Chordata	Reptilia	Testudines	Testudinoidea	Testudinidae	NA	NA	NA	Chelonoidis	Chelonoidis	NA	NA	duncanensis	NA	NA	SPECIES	NA	NA	NA	SYNONYM	NA	NA	cece4fc2-1fec-4bb5-a335-7252548e3f0b	US	2026-09-07 00:06:33	NA	NA	NA	NA	NA	COORDINATE_ROUNDED;CONTINENT_DERIVED_FROM_COORDINATES	NA	COORDINATE_ROUNDED;CONTINENT_DERIVED_FROM_COORDINATES	StillImage	TRUE	FALSE	MVBKH	C6Q3Z	N	CH2	RP	477	87BWY	626NZ	NA	NA	NA	3MPP	NA	5Y2Z9	Chelonoidis niger	Chelonoidis niger duncanensis (Pritchard, 1996)	Chelonoidis duncanensis	NA	EML	2026-09-07 00:06:33	2026-09-07 00:01:45	NA	TRUE	NA	NA	FALSE	LATIN_AMERICA	NORTH_AMERICA	ECU	Ecuador	ECU.9_1	Galápagos	ECU.9.3_1	Santa Cruz	ECU.9.3.3_1	Santa Rosa	NA
543675688	NA	NA	NA	CC0_1_0	2024-01-04 14:21:00	California Academy of Sciences	NA	NA	NA	http://grbio.org/institution/california-academy-sciences	http://grscicoll.org/institutional-collection/herpetology-0	NA	CAS	HERP	NA	NA	PRESERVED_SPECIMEN	NA	NA	NA	urn:catalog:CAS:HERP:8506	8506	890?	R.H. Beck	NA	NA	NA	NA	Female	NA	NA	NA	NA	NA	NA	NA	NA	NA	PRESENT	Dry	NA	NA	NA	NA	NA	NA	Killed 30 Sep 1905. Miscellaneous postcrania in Skel.	NA	NA	NA	NA	NA	NA	NA	NA	NA	NA	NA	NA	NA	NA	1905-09-28	NA	271	271	1905	9	28	28 Sep 1905	NA	NA	NA	NA	NA	NA	NA	NA	NA	South Pacific Ocean; Ecuador; Galapagos Prov.; Galapagos Ids.; Espanola Id.	SOUTH_AMERICA	South Pacific Ocean	Galapagos Ids.	Espanola Id.	EC	Galapagos Prov.	NA	NA	NA	Hood Isl. Galapagos Arch.	NA	NA	NA	NA	NA	NA	NA	-1.350917	-89.662083	NA	NA	NA	NA	NA	NA	NA	NA	NA	NA	NA	Google Earth, 2013.	NA	NA	NA	NA	NA	NA	NA	NA	NA	NA	NA	NA	NA	NA	NA	NA	NA	NA	NA	NA	NA	NA	NA	NA	NA	NA	NA	NA	NA	NA	NA	TVGD	NA	NA	NA	NA	NA	Chelonia mydas (Linnaeus, 1758)	NA	NA	NA	NA	NA	NA	Animalia; Chordata; Reptilia; Testudines; Cheloniidae	Animalia	Chordata	Reptilia	Testudines	Chelonioidea	Cheloniidae	NA	NA	NA	Chelonia	Chelonia	NA	NA	mydas	NA	NA	SPECIES	NA	NA	NA	ACCEPTED	NA	NA	cece4fc2-1fec-4bb5-a335-7252548e3f0b	US	2026-09-07 00:06:40	NA	NA	NA	NA	NA	COORDINATE_ROUNDED;CONTINENT_DERIVED_FROM_COORDINATES	NA	COORDINATE_ROUNDED;CONTINENT_DERIVED_FROM_COORDINATES	StillImage	TRUE	FALSE	TVGD	TVGD	N	CH2	RP	477	87BWH	83J	NA	NA	NA	3MPC	NA	TVGD	Chelonia mydas	Chelonia mydas (Linnaeus, 1758)	Chelonia mydas	NA	EML	2026-09-07 00:06:40	2026-09-07 00:01:45	NA	TRUE	NA	NA	FALSE	LATIN_AMERICA	NORTH_AMERICA	ECU	Ecuador	ECU.9_1	Galápagos	ECU.9.2_1	San Cristóbal	ECU.9.2.2_1	Isla Santa Mara (Floreana) (Cab.	LC
543672455	NA	NA	NA	CC0_1_0	2024-01-04 14:21:00	California Academy of Sciences	NA	NA	NA	http://grbio.org/institution/california-academy-sciences	http://grscicoll.org/institutional-collection/herpetology-0	NA	CAS	HERP	NA	NA	PRESERVED_SPECIMEN	NA	NA	NA	urn:catalog:CAS:HERP:8215	8215	4453	J.R. Slevin	NA	NA	NA	NA	Female	Adult	NA	NA	NA	NA	NA	NA	NA	NA	PRESENT	Dry	NA	NA	NA	NA	NA	NA	Bought of Native Collector.	NA	NA	NA	NA	NA	NA	NA	NA	NA	NA	NA	NA	NA	NA	1906-09-28	NA	271	271	1906	9	28	28 Sep 1906	NA	NA	NA	NA	NA	NA	NA	NA	NA	South Pacific Ocean; Ecuador; Galapagos Prov.; Galapagos Ids.; Isabela Id.	SOUTH_AMERICA	South Pacific Ocean	Galapagos Ids.	Isabela Id.	EC	Galapagos Prov.	NA	NA	Villamil Mtn	Vilamil Mt., Albemarle Isl., Galapagos Arch.	NA	NA	NA	NA	NA	NA	NA	-0.911944	-91.123611	9656.08	NA	NA	NA	NA	NA	NA	NA	NA	NA	NA	Google Earth, 2013.	NA	NA	NA	NA	NA	NA	NA	NA	NA	NA	NA	NA	NA	NA	NA	NA	NA	NA	NA	NA	NA	NA	NA	NA	NA	NA	NA	NA	NA	NA	NA	C6Q42	NA	NA	NA	NA	NA	Chelonoidis guntheri (Baur, 1889)	NA	NA	NA	NA	NA	NA	Animalia; Chordata; Reptilia; Testudines; Testudinidae	Animalia	Chordata	Reptilia	Testudines	Testudinoidea	Testudinidae	NA	NA	NA	Chelonoidis	Chelonoidis	NA	NA	guntheri	NA	NA	SPECIES	NA	NA	NA	SYNONYM	NA	NA	cece4fc2-1fec-4bb5-a335-7252548e3f0b	US	2026-09-07 00:06:36	NA	NA	NA	NA	NA	COORDINATE_ROUNDED;CONTINENT_DERIVED_FROM_COORDINATES	NA	COORDINATE_ROUNDED;CONTINENT_DERIVED_FROM_COORDINATES	StillImage	TRUE	FALSE	8GPG2	C6Q42	N	CH2	RP	477	87BWY	626NZ	NA	NA	NA	3MPP	NA	5Y2Z9	Chelonoidis niger	Chelonoidis niger guntheri (Baur, 1889)	Chelonoidis guntheri	NA	EML	2026-09-07 00:06:36	2026-09-07 00:01:45	NA	TRUE	NA	NA	FALSE	LATIN_AMERICA	NORTH_AMERICA	ECU	Ecuador	ECU.9_1	Galápagos	ECU.9.1_1	Isabela	ECU.9.1.2_1	Tomas De Berlanga (Santo Tomas)	NA
543672710	NA	NA	NA	CC0_1_0	2024-01-04 14:21:00	California Academy of Sciences	NA	NA	NA	http://grbio.org/institution/california-academy-sciences	http://grscicoll.org/institutional-collection/herpetology-0	NA	CAS	HERP	NA	NA	PRESERVED_SPECIMEN	NA	NA	NA	urn:catalog:CAS:HERP:8238	8238	4478	J.R. Slevin	NA	NA	NA	NA	Female	NA	NA	NA	NA	NA	NA	NA	NA	NA	PRESENT	Dry	NA	NA	NA	NA	NA	NA	Bought of Native Collector.	NA	NA	NA	NA	NA	NA	NA	NA	NA	NA	NA	NA	NA	NA	1906-10-04	NA	277	277	1906	10	4	4 Oct 1906	NA	NA	NA	NA	NA	NA	NA	NA	NA	South Pacific Ocean; Ecuador; Galapagos Prov.; Galapagos Ids.; Isabela Id.	SOUTH_AMERICA	South Pacific Ocean	Galapagos Ids.	Isabela Id.	EC	Galapagos Prov.	NA	NA	Villamil Mtn	Vilamil Mt., Albemarle Isl., Galapagos Arch.	NA	NA	NA	NA	NA	NA	NA	-0.911944	-91.123611	9656.08	NA	NA	NA	NA	NA	NA	NA	NA	NA	NA	Google Earth, 2013.	NA	NA	NA	NA	NA	NA	NA	NA	NA	NA	NA	NA	NA	NA	NA	NA	NA	NA	NA	NA	NA	NA	NA	NA	NA	NA	NA	NA	NA	NA	NA	C6Q49	NA	NA	NA	NA	NA	Chelonoidis vicina (Günther, 1875)	NA	NA	NA	NA	NA	NA	Animalia; Chordata; Reptilia; Testudines; Testudinidae	Animalia	Chordata	Reptilia	Testudines	Testudinoidea	Testudinidae	NA	NA	NA	Chelonoidis	Chelonoidis	NA	NA	vicina	NA	NA	SPECIES	NA	NA	NA	SYNONYM	NA	NA	cece4fc2-1fec-4bb5-a335-7252548e3f0b	US	2026-09-07 00:06:36	NA	NA	NA	NA	NA	COORDINATE_ROUNDED;CONTINENT_DERIVED_FROM_COORDINATES	NA	COORDINATE_ROUNDED;CONTINENT_DERIVED_FROM_COORDINATES	StillImage	TRUE	FALSE	TVLL	C6Q49	N	CH2	RP	477	87BWY	626NZ	NA	NA	NA	3MPP	NA	5Y2Z9	Chelonoidis niger	Chelonoidis niger vicina (Günther, 1874)	Chelonoidis vicina	NA	EML	2026-09-07 00:06:36	2026-09-07 00:01:45	NA	TRUE	NA	NA	FALSE	LATIN_AMERICA	NORTH_AMERICA	ECU	Ecuador	ECU.9_1	Galápagos	ECU.9.1_1	Isabela	ECU.9.1.2_1	Tomas De Berlanga (Santo Tomas)	NA
543673043	NA	NA	NA	CC0_1_0	2024-01-04 14:21:00	California Academy of Sciences	NA	NA	NA	http://grbio.org/institution/california-academy-sciences	http://grscicoll.org/institutional-collection/herpetology-0	NA	CAS	HERP	NA	NA	PRESERVED_SPECIMEN	NA	NA	NA	urn:catalog:CAS:HERP:8268	8268	R.V.	J.R. Slevin	NA	NA	NA	NA	Female	Adult	NA	NA	NA	NA	NA	NA	NA	NA	PRESENT	Dry	NA	NA	NA	NA	NA	NA	Died in San Francisco Jan 1907.  Bought of Native Collector.	NA	NA	NA	NA	NA	NA	NA	NA	NA	NA	NA	NA	NA	NA	1906-08-01	NA	213	213	1906	8	1	1 Aug-4 Sep 1906	NA	NA	NA	NA	NA	NA	NA	NA	NA	South Pacific Ocean; Ecuador; Galapagos Prov.; Galapagos Ids.; Isabela Id.	SOUTH_AMERICA	South Pacific Ocean	Galapagos Ids.	Isabela Id.	EC	Galapagos Prov.	NA	NA	vicinty of Villamil Mtn	Vic. Vilamil Mt., Albemarle Isl., Galapagos Arch.	NA	NA	NA	NA	NA	NA	NA	-0.911944	-91.123611	9656.08	NA	NA	NA	NA	NA	NA	NA	NA	NA	NA	Google Earth, 2013.	NA	NA	NA	NA	NA	NA	NA	NA	NA	NA	NA	NA	NA	NA	NA	NA	NA	NA	NA	NA	NA	NA	NA	NA	NA	NA	NA	NA	NA	NA	NA	C6Q42	NA	NA	NA	NA	NA	Chelonoidis guntheri (Baur, 1889)	NA	NA	NA	NA	NA	NA	Animalia; Chordata; Reptilia; Testudines; Testudinidae	Animalia	Chordata	Reptilia	Testudines	Testudinoidea	Testudinidae	NA	NA	NA	Chelonoidis	Chelonoidis	NA	NA	guntheri	NA	NA	SPECIES	NA	NA	NA	SYNONYM	NA	NA	cece4fc2-1fec-4bb5-a335-7252548e3f0b	US	2026-09-07 00:06:36	NA	NA	NA	NA	NA	COORDINATE_ROUNDED;CONTINENT_DERIVED_FROM_COORDINATES	NA	COORDINATE_ROUNDED;CONTINENT_DERIVED_FROM_COORDINATES	StillImage	TRUE	FALSE	8GPG2	C6Q42	N	CH2	RP	477	87BWY	626NZ	NA	NA	NA	3MPP	NA	5Y2Z9	Chelonoidis niger	Chelonoidis niger guntheri (Baur, 1889)	Chelonoidis guntheri	NA	EML	2026-09-07 00:06:36	2026-09-07 00:01:45	NA	TRUE	NA	NA	FALSE	LATIN_AMERICA	NORTH_AMERICA	ECU	Ecuador	ECU.9_1	Galápagos	ECU.9.1_1	Isabela	ECU.9.1.2_1	Tomas De Berlanga (Santo Tomas)	NA
543675910	NA	NA	NA	CC0_1_0	2024-01-04 14:21:00	California Academy of Sciences	NA	NA	NA	http://grbio.org/institution/california-academy-sciences	http://grscicoll.org/institutional-collection/herpetology-0	NA	CAS	HERP	NA	NA	PRESERVED_SPECIMEN	NA	NA	NA	urn:catalog:CAS:HERP:8526	8526	NA	R.H. Beck	NA	NA	NA	NA	NA	Adult	NA	NA	NA	NA	NA	NA	NA	NA	PRESENT	Dry	NA	NA	NA	NA	NA	NA	Skull only.	NA	NA	NA	NA	NA	NA	NA	NA	NA	NA	NA	NA	NA	NA	1906-07-16	NA	197	197	1906	7	16	16 Jul 1906	NA	NA	NA	NA	NA	NA	NA	NA	NA	South Pacific Ocean; Ecuador; Galapagos Prov.; Galapagos Ids.; Santa Cruz Id.	SOUTH_AMERICA	South Pacific Ocean	Galapagos Ids.	Santa Cruz Id.	EC	Galapagos Prov.	NA	NA	NA	Indefatigable Isl. Galapagos Arch.	NA	NA	NA	NA	NA	NA	NA	-0.747222	-90.308889	NA	NA	NA	NA	NA	NA	NA	NA	NA	NA	NA	Google Earth, 2013.	NA	NA	NA	NA	NA	NA	NA	NA	NA	NA	NA	NA	NA	NA	NA	NA	NA	NA	NA	NA	NA	NA	NA	NA	NA	NA	NA	NA	NA	NA	NA	TVGD	NA	NA	NA	NA	NA	Chelonia mydas (Linnaeus, 1758)	NA	NA	NA	NA	NA	NA	Animalia; Chordata; Reptilia; Testudines; Cheloniidae	Animalia	Chordata	Reptilia	Testudines	Chelonioidea	Cheloniidae	NA	NA	NA	Chelonia	Chelonia	NA	NA	mydas	NA	NA	SPECIES	NA	NA	NA	ACCEPTED	NA	NA	cece4fc2-1fec-4bb5-a335-7252548e3f0b	US	2026-09-07 00:06:36	NA	NA	NA	NA	NA	COORDINATE_ROUNDED;CONTINENT_DERIVED_FROM_COORDINATES	NA	COORDINATE_ROUNDED;CONTINENT_DERIVED_FROM_COORDINATES	StillImage	TRUE	FALSE	TVGD	TVGD	N	CH2	RP	477	87BWH	83J	NA	NA	NA	3MPC	NA	TVGD	Chelonia mydas	Chelonia mydas (Linnaeus, 1758)	Chelonia mydas	NA	EML	2026-09-07 00:06:36	2026-09-07 00:01:45	NA	TRUE	NA	NA	FALSE	LATIN_AMERICA	NORTH_AMERICA	NA	NA	NA	NA	NA	NA	NA	NA	LC
543672699	NA	NA	NA	CC0_1_0	2024-01-04 14:21:00	California Academy of Sciences	NA	NA	NA	http://grbio.org/institution/california-academy-sciences	http://grscicoll.org/institutional-collection/herpetology-0	NA	CAS	HERP	NA	NA	PRESERVED_SPECIMEN	NA	NA	NA	urn:catalog:CAS:HERP:8237	8237	4477	J.R. Slevin	NA	NA	NA	NA	Female	NA	NA	NA	NA	NA	NA	NA	NA	NA	PRESENT	Dry	NA	NA	NA	NA	NA	NA	Bought of Native Collector.	NA	NA	NA	NA	NA	NA	NA	NA	NA	NA	NA	NA	NA	NA	1906-10-04	NA	277	277	1906	10	4	4 Oct 1906	NA	NA	NA	NA	NA	NA	NA	NA	NA	South Pacific Ocean; Ecuador; Galapagos Prov.; Galapagos Ids.; Isabela Id.	SOUTH_AMERICA	South Pacific Ocean	Galapagos Ids.	Isabela Id.	EC	Galapagos Prov.	NA	NA	Villamil Mtn	Vilamil Mt., Albemarle Isl., Galapagos Arch.	NA	NA	NA	NA	NA	NA	NA	-0.911944	-91.123611	9656.08	NA	NA	NA	NA	NA	NA	NA	NA	NA	NA	Google Earth, 2013.	NA	NA	NA	NA	NA	NA	NA	NA	NA	NA	NA	NA	NA	NA	NA	NA	NA	NA	NA	NA	NA	NA	NA	NA	NA	NA	NA	NA	NA	NA	NA	C6Q42	NA	NA	NA	NA	NA	Chelonoidis guntheri (Baur, 1889)	NA	NA	NA	NA	NA	NA	Animalia; Chordata; Reptilia; Testudines; Testudinidae	Animalia	Chordata	Reptilia	Testudines	Testudinoidea	Testudinidae	NA	NA	NA	Chelonoidis	Chelonoidis	NA	NA	guntheri	NA	NA	SPECIES	NA	NA	NA	SYNONYM	NA	NA	cece4fc2-1fec-4bb5-a335-7252548e3f0b	US	2026-09-07 00:06:33	NA	NA	NA	NA	NA	COORDINATE_ROUNDED;CONTINENT_DERIVED_FROM_COORDINATES	NA	COORDINATE_ROUNDED;CONTINENT_DERIVED_FROM_COORDINATES	StillImage	TRUE	FALSE	8GPG2	C6Q42	N	CH2	RP	477	87BWY	626NZ	NA	NA	NA	3MPP	NA	5Y2Z9	Chelonoidis niger	Chelonoidis niger guntheri (Baur, 1889)	Chelonoidis guntheri	NA	EML	2026-09-07 00:06:33	2026-09-07 00:01:45	NA	TRUE	NA	NA	FALSE	LATIN_AMERICA	NORTH_AMERICA	ECU	Ecuador	ECU.9_1	Galápagos	ECU.9.1_1	Isabela	ECU.9.1.2_1	Tomas De Berlanga (Santo Tomas)	NA
543674043	NA	NA	NA	CC0_1_0	2024-01-04 14:21:00	California Academy of Sciences	NA	NA	NA	http://grbio.org/institution/california-academy-sciences	http://grscicoll.org/institutional-collection/herpetology-0	NA	CAS	HERP	NA	NA	PRESERVED_SPECIMEN	NA	NA	NA	urn:catalog:CAS:HERP:8358	8358	4010	R.H. Beck	NA	NA	NA	NA	Male	Adult	NA	NA	NA	NA	NA	NA	NA	NA	PRESENT	Dry	NA	NA	NA	NA	NA	NA	Died on board.  Mounted specimen. Skull and cervical vertebrae in skeletal collection.	NA	NA	NA	NA	NA	NA	NA	NA	NA	NA	NA	NA	NA	NA	1906-09-08	NA	251	251	1906	9	8	8 Sep 1906	NA	NA	NA	NA	NA	NA	NA	NA	NA	South Pacific Ocean; Ecuador; Galapagos Prov.; Galapagos Ids.; Pinzon Id.	SOUTH_AMERICA	South Pacific Ocean	Galapagos Ids.	Pinzon Id.	EC	Galapagos Prov.	NA	NA	NA	Duncan Island, Galapagos Arch.	NA	NA	NA	NA	NA	NA	NA	-0.613056	-90.677778	NA	NA	NA	NA	NA	NA	NA	NA	NA	NA	NA	Google Earth, 2013.	NA	NA	NA	NA	NA	NA	NA	NA	NA	NA	NA	NA	NA	NA	NA	NA	NA	NA	NA	NA	NA	NA	NA	NA	NA	NA	NA	NA	NA	NA	NA	C6Q3Z	NA	NA	NA	NA	NA	Chelonoidis duncanensis (Pritchard, 1996)	NA	NA	NA	NA	NA	NA	Animalia; Chordata; Reptilia; Testudines; Testudinidae	Animalia	Chordata	Reptilia	Testudines	Testudinoidea	Testudinidae	NA	NA	NA	Chelonoidis	Chelonoidis	NA	NA	duncanensis	NA	NA	SPECIES	NA	NA	NA	SYNONYM	NA	NA	cece4fc2-1fec-4bb5-a335-7252548e3f0b	US	2026-09-07 00:06:33	NA	NA	NA	NA	NA	COORDINATE_ROUNDED;CONTINENT_DERIVED_FROM_COORDINATES	NA	COORDINATE_ROUNDED;CONTINENT_DERIVED_FROM_COORDINATES	StillImage	TRUE	FALSE	MVBKH	C6Q3Z	N	CH2	RP	477	87BWY	626NZ	NA	NA	NA	3MPP	NA	5Y2Z9	Chelonoidis niger	Chelonoidis niger duncanensis (Pritchard, 1996)	Chelonoidis duncanensis	NA	EML	2026-09-07 00:06:33	2026-09-07 00:01:45	NA	TRUE	NA	NA	FALSE	LATIN_AMERICA	NORTH_AMERICA	ECU	Ecuador	ECU.9_1	Galápagos	ECU.9.3_1	Santa Cruz	ECU.9.3.3_1	Santa Rosa	NA
543672866	NA	NA	NA	CC0_1_0	2024-01-04 14:21:00	California Academy of Sciences	NA	NA	NA	http://grbio.org/institution/california-academy-sciences	http://grscicoll.org/institutional-collection/herpetology-0	NA	CAS	HERP	NA	NA	PRESERVED_SPECIMEN	NA	NA	NA	urn:catalog:CAS:HERP:8252	8252	4493	J.R. Slevin	NA	NA	NA	NA	Male	Adult	NA	NA	NA	NA	NA	NA	NA	NA	PRESENT	Dry	NA	NA	NA	NA	NA	NA	Bought of Native Collector.	NA	NA	NA	NA	NA	NA	NA	NA	NA	NA	NA	NA	NA	NA	1906-10-09	NA	282	282	1906	10	9	9 Oct 1906	NA	NA	NA	NA	NA	NA	NA	NA	NA	South Pacific Ocean; Ecuador; Galapagos Prov.; Galapagos Ids.; Isabela Id.	SOUTH_AMERICA	South Pacific Ocean	Galapagos Ids.	Isabela Id.	EC	Galapagos Prov.	NA	NA	Villamil Mtn	Vilamil Mt., Albemarle Isl., Galapagos Arch.	NA	NA	NA	NA	NA	NA	NA	-0.911944	-91.123611	9656.08	NA	NA	NA	NA	NA	NA	NA	NA	NA	NA	Google Earth, 2013.	NA	NA	NA	NA	NA	NA	NA	NA	NA	NA	NA	NA	NA	NA	NA	NA	NA	NA	NA	NA	NA	NA	NA	NA	NA	NA	NA	NA	NA	NA	NA	C6Q49	NA	NA	NA	NA	NA	Chelonoidis vicina (Günther, 1875)	NA	NA	NA	NA	NA	NA	Animalia; Chordata; Reptilia; Testudines; Testudinidae	Animalia	Chordata	Reptilia	Testudines	Testudinoidea	Testudinidae	NA	NA	NA	Chelonoidis	Chelonoidis	NA	NA	vicina	NA	NA	SPECIES	NA	NA	NA	SYNONYM	NA	NA	cece4fc2-1fec-4bb5-a335-7252548e3f0b	US	2026-09-07 00:06:33	NA	NA	NA	NA	NA	COORDINATE_ROUNDED;CONTINENT_DERIVED_FROM_COORDINATES	NA	COORDINATE_ROUNDED;CONTINENT_DERIVED_FROM_COORDINATES	StillImage	TRUE	FALSE	TVLL	C6Q49	N	CH2	RP	477	87BWY	626NZ	NA	NA	NA	3MPP	NA	5Y2Z9	Chelonoidis niger	Chelonoidis niger vicina (Günther, 1874)	Chelonoidis vicina	NA	EML	2026-09-07 00:06:33	2026-09-07 00:01:45	NA	TRUE	NA	NA	FALSE	LATIN_AMERICA	NORTH_AMERICA	ECU	Ecuador	ECU.9_1	Galápagos	ECU.9.1_1	Isabela	ECU.9.1.2_1	Tomas De Berlanga (Santo Tomas)	NA
543674443	NA	NA	NA	CC0_1_0	2024-01-04 14:21:00	California Academy of Sciences	NA	NA	NA	http://grbio.org/institution/california-academy-sciences	http://grscicoll.org/institutional-collection/herpetology-0	NA	CAS	HERP	NA	NA	PRESERVED_SPECIMEN	NA	NA	NA	urn:catalog:CAS:HERP:8394	8394	3991	J.R. Slevin	NA	NA	NA	NA	NA	Adult	NA	NA	NA	NA	NA	NA	NA	NA	PRESENT	Dry	NA	NA	NA	NA	NA	NA	Skull.	NA	NA	NA	NA	NA	NA	NA	NA	NA	NA	NA	NA	NA	NA	1906-08-26	NA	238	238	1906	8	26	26 Aug 1906	NA	NA	NA	NA	NA	NA	NA	NA	NA	South Pacific Ocean; Ecuador; Galapagos Prov.; Galapagos Ids.; Isabela Id.	SOUTH_AMERICA	South Pacific Ocean	Galapagos Ids.	Isabela Id.	EC	Galapagos Prov.	NA	NA	NA	Albemarle Island Galapagos Arch.	NA	NA	NA	NA	NA	NA	NA	-0.841667	-91.163333	NA	NA	NA	NA	NA	NA	NA	NA	NA	NA	NA	Google Earth, 2013.	NA	NA	NA	NA	NA	NA	NA	NA	NA	NA	NA	NA	NA	NA	NA	NA	NA	NA	NA	NA	NA	NA	NA	NA	NA	NA	NA	NA	NA	NA	NA	3MPP	NA	NA	NA	NA	NA	Chelonoidis Fitzinger, 1835	NA	NA	NA	NA	NA	NA	Animalia; Chordata; Reptilia; Testudines; Testudinidae	Animalia	Chordata	Reptilia	Testudines	Testudinoidea	Testudinidae	NA	NA	NA	Chelonoidis	NA	NA	NA	NA	NA	NA	GENUS	NA	NA	NA	ACCEPTED	NA	NA	cece4fc2-1fec-4bb5-a335-7252548e3f0b	US	2026-09-07 00:06:33	NA	NA	NA	NA	NA	COORDINATE_ROUNDED;CONTINENT_DERIVED_FROM_COORDINATES	NA	COORDINATE_ROUNDED;CONTINENT_DERIVED_FROM_COORDINATES	StillImage	TRUE	FALSE	3MPP	3MPP	N	CH2	RP	477	87BWY	626NZ	NA	NA	NA	3MPP	NA	NA	NA	Chelonoidis Fitzinger, 1835	Chelonoidis	NA	EML	2026-09-07 00:06:33	2026-09-07 00:01:45	NA	TRUE	NA	NA	FALSE	LATIN_AMERICA	NORTH_AMERICA	ECU	Ecuador	ECU.9_1	Galápagos	ECU.9.1_1	Isabela	ECU.9.1.2_1	Tomas De Berlanga (Santo Tomas)	NA
543671233	NA	NA	NA	CC0_1_0	2024-01-04 14:21:00	California Academy of Sciences	NA	NA	NA	http://grbio.org/institution/california-academy-sciences	http://grscicoll.org/institutional-collection/herpetology-0	NA	CAS	HERP	NA	NA	PRESERVED_SPECIMEN	NA	NA	NA	urn:catalog:CAS:HERP:8105	8105	3978	R.H. Beck	NA	NA	NA	NA	Female	NA	NA	NA	NA	NA	NA	NA	NA	NA	PRESENT	Alcohol	NA	NA	NA	NA	NA	NA	Missing 5 Jan 1987, LAW.  Slevin's notes give locality as 'James Island about 5 miles NW of Sullivan Bay and 5 miles inland; elevation by barmeter 650 ft.'	NA	NA	NA	NA	NA	NA	NA	NA	NA	NA	NA	NA	NA	NA	1906-08-04	NA	216	216	1906	8	4	4 Aug 1906	NA	NA	NA	NA	NA	NA	NA	NA	NA	South Pacific Ocean; Ecuador; Galapagos Prov.; Galapagos Ids.; San Salvador Id.	SOUTH_AMERICA	South Pacific Ocean	Galapagos Ids.	San Salvador Id.	EC	Galapagos Prov.	NA	NA	ca 5 mi NW of Sullivan Bay and 5 mi inland	James Isl. Galapagos Archipelago	650 ft	NA	NA	NA	NA	NA	NA	-0.257931	-90.662006	NA	NA	NA	NA	NA	NA	NA	NA	NA	NA	NA	Google Earth, 2013.	NA	NA	NA	NA	NA	NA	NA	NA	NA	NA	NA	NA	NA	NA	NA	NA	NA	NA	NA	NA	NA	NA	NA	NA	NA	NA	NA	NA	NA	NA	NA	C6Q3X	NA	NA	NA	NA	NA	Chelonoidis darwini (Van Denburgh, 1907)	NA	NA	NA	NA	NA	NA	Animalia; Chordata; Reptilia; Testudines; Testudinidae	Animalia	Chordata	Reptilia	Testudines	Testudinoidea	Testudinidae	NA	NA	NA	Chelonoidis	Chelonoidis	NA	NA	darwini	NA	NA	SPECIES	NA	NA	NA	SYNONYM	NA	NA	cece4fc2-1fec-4bb5-a335-7252548e3f0b	US	2026-09-07 00:06:33	198.12	NA	NA	NA	NA	COORDINATE_ROUNDED;CONTINENT_DERIVED_FROM_COORDINATES	NA	COORDINATE_ROUNDED;CONTINENT_DERIVED_FROM_COORDINATES	StillImage	TRUE	FALSE	TVL7	C6Q3X	N	CH2	RP	477	87BWY	626NZ	NA	NA	NA	3MPP	NA	5Y2Z9	Chelonoidis niger	Chelonoidis niger darwini (Van Denburgh, 1907)	Chelonoidis darwini	NA	EML	2026-09-07 00:06:33	2026-09-07 00:01:45	NA	TRUE	NA	NA	FALSE	LATIN_AMERICA	NORTH_AMERICA	ECU	Ecuador	ECU.9_1	Galápagos	ECU.9.3_1	Santa Cruz	ECU.9.3.1_1	Bellavista	NA
543675465	NA	NA	NA	CC0_1_0	2024-01-04 14:21:00	California Academy of Sciences	NA	NA	NA	http://grbio.org/institution/california-academy-sciences	http://grscicoll.org/institutional-collection/herpetology-0	NA	CAS	HERP	NA	NA	PRESERVED_SPECIMEN	NA	NA	NA	urn:catalog:CAS:HERP:8486	8486	3752	F.T. Nelson	NA	NA	NA	NA	Male	Adult	NA	NA	NA	NA	NA	NA	NA	NA	PRESENT	Dry	NA	NA	NA	NA	NA	NA	NA	NA	NA	NA	NA	NA	NA	NA	NA	NA	NA	NA	NA	NA	NA	1906-07-16	NA	197	197	1906	7	16	16 Jul 1906	NA	NA	NA	NA	NA	NA	NA	NA	NA	South Pacific Ocean; Ecuador; Galapagos Prov.; Galapagos Ids.; Santa Cruz Id.	SOUTH_AMERICA	South Pacific Ocean	Galapagos Ids.	Santa Cruz Id.	EC	Galapagos Prov.	NA	NA	Puerta de la Aguada	Indefatigable Isl. Galapagos Arch. Puerta de la Aguada	NA	NA	NA	NA	NA	NA	NA	-0.747222	-90.308889	NA	NA	NA	NA	NA	NA	NA	NA	NA	NA	NA	Google Earth, 2013.	NA	NA	NA	NA	NA	NA	NA	NA	NA	NA	NA	NA	NA	NA	NA	NA	NA	NA	NA	NA	NA	NA	NA	NA	NA	NA	NA	NA	NA	NA	NA	TVGD	NA	NA	NA	NA	NA	Chelonia mydas (Linnaeus, 1758)	NA	NA	NA	NA	NA	NA	Animalia; Chordata; Reptilia; Testudines; Cheloniidae	Animalia	Chordata	Reptilia	Testudines	Chelonioidea	Cheloniidae	NA	NA	NA	Chelonia	Chelonia	NA	NA	mydas	NA	NA	SPECIES	NA	NA	NA	ACCEPTED	NA	NA	cece4fc2-1fec-4bb5-a335-7252548e3f0b	US	2026-09-07 00:06:33	NA	NA	NA	NA	NA	COORDINATE_ROUNDED;CONTINENT_DERIVED_FROM_COORDINATES	NA	COORDINATE_ROUNDED;CONTINENT_DERIVED_FROM_COORDINATES	StillImage	TRUE	FALSE	TVGD	TVGD	N	CH2	RP	477	87BWH	83J	NA	NA	NA	3MPC	NA	TVGD	Chelonia mydas	Chelonia mydas (Linnaeus, 1758)	Chelonia mydas	NA	EML	2026-09-07 00:06:33	2026-09-07 00:01:45	NA	TRUE	NA	NA	FALSE	LATIN_AMERICA	NORTH_AMERICA	NA	NA	NA	NA	NA	NA	NA	NA	LC
543674633	NA	NA	NA	CC0_1_0	2024-01-04 14:21:00	California Academy of Sciences	NA	NA	NA	http://grbio.org/institution/california-academy-sciences	http://grscicoll.org/institutional-collection/herpetology-0	NA	CAS	HERP	NA	NA	PRESERVED_SPECIMEN	NA	NA	NA	urn:catalog:CAS:HERP:8411	8411	NA	J.R. Slevin and R.H. Beck	NA	NA	NA	NA	NA	Adult	NA	NA	NA	NA	NA	NA	NA	NA	PRESENT	Dry	NA	NA	NA	NA	NA	NA	Skull.	NA	NA	NA	NA	NA	NA	NA	NA	NA	NA	NA	NA	NA	NA	1906-08-24	NA	236	236	1906	8	24	24 Aug 1906	NA	NA	NA	NA	NA	NA	NA	NA	NA	South Pacific Ocean; Ecuador; Galapagos Prov.; Galapagos Ids.; Isabela Id.	SOUTH_AMERICA	South Pacific Ocean	Galapagos Ids.	Isabela Id.	EC	Galapagos Prov.	NA	NA	Villamil Mtn	Vilamil Mt. Albemarle Isl. Galapagos Arch.	NA	NA	NA	NA	NA	NA	NA	-0.841667	-91.163333	NA	NA	NA	NA	NA	NA	NA	NA	NA	NA	NA	Google Earth, 2013.	NA	NA	NA	NA	NA	NA	NA	NA	NA	NA	NA	NA	NA	NA	NA	NA	NA	NA	NA	NA	NA	NA	NA	NA	NA	NA	NA	NA	NA	NA	NA	3MPP	NA	NA	NA	NA	NA	Chelonoidis Fitzinger, 1835	NA	NA	NA	NA	NA	NA	Animalia; Chordata; Reptilia; Testudines; Testudinidae	Animalia	Chordata	Reptilia	Testudines	Testudinoidea	Testudinidae	NA	NA	NA	Chelonoidis	NA	NA	NA	NA	NA	NA	GENUS	NA	NA	NA	ACCEPTED	NA	NA	cece4fc2-1fec-4bb5-a335-7252548e3f0b	US	2026-09-07 00:06:38	NA	NA	NA	NA	NA	COORDINATE_ROUNDED;CONTINENT_DERIVED_FROM_COORDINATES	NA	COORDINATE_ROUNDED;CONTINENT_DERIVED_FROM_COORDINATES	StillImage	TRUE	FALSE	3MPP	3MPP	N	CH2	RP	477	87BWY	626NZ	NA	NA	NA	3MPP	NA	NA	NA	Chelonoidis Fitzinger, 1835	Chelonoidis	NA	EML	2026-09-07 00:06:38	2026-09-07 00:01:45	NA	TRUE	NA	NA	FALSE	LATIN_AMERICA	NORTH_AMERICA	ECU	Ecuador	ECU.9_1	Galápagos	ECU.9.1_1	Isabela	ECU.9.1.2_1	Tomas De Berlanga (Santo Tomas)	NA
543675421	NA	NA	NA	CC0_1_0	2024-01-04 14:21:00	California Academy of Sciences	NA	NA	NA	http://grbio.org/institution/california-academy-sciences	http://grscicoll.org/institutional-collection/herpetology-0	NA	CAS	HERP	NA	NA	PRESERVED_SPECIMEN	NA	NA	NA	urn:catalog:CAS:HERP:8482	8482	3628	E.W. Gifford	NA	NA	NA	NA	Female	NA	NA	NA	NA	NA	NA	NA	NA	NA	PRESENT	Dry	NA	NA	NA	NA	NA	NA	Killed 3 Jul 1906.  Miscellaneous postcrania in skeletal collection.	NA	NA	NA	NA	NA	NA	NA	NA	NA	NA	NA	NA	NA	NA	1906-06-28	NA	179	179	1906	6	28	28 Jun 1906	Beach at Albatross Colony.	NA	NA	NA	NA	NA	NA	NA	NA	South Pacific Ocean; Ecuador; Galapagos Prov.; Galapagos Ids.; Espanola Id.	SOUTH_AMERICA	South Pacific Ocean	Galapagos Ids.	Espanola Id.	EC	Galapagos Prov.	NA	NA	NA	Hood Island, Galapagos Arch. Beach at Albatross Colony	NA	NA	NA	NA	NA	NA	NA	-1.354167	-89.659861	NA	NA	NA	NA	NA	NA	NA	NA	NA	NA	NA	Google Earth, 2013.	NA	NA	NA	NA	NA	NA	NA	NA	NA	NA	NA	NA	NA	NA	NA	NA	NA	NA	NA	NA	NA	NA	NA	NA	NA	NA	NA	NA	NA	NA	NA	TVGD	NA	NA	NA	NA	NA	Chelonia mydas (Linnaeus, 1758)	NA	NA	NA	NA	NA	NA	Animalia; Chordata; Reptilia; Testudines; Cheloniidae	Animalia	Chordata	Reptilia	Testudines	Chelonioidea	Cheloniidae	NA	NA	NA	Chelonia	Chelonia	NA	NA	mydas	NA	NA	SPECIES	NA	NA	NA	ACCEPTED	NA	NA	cece4fc2-1fec-4bb5-a335-7252548e3f0b	US	2026-09-07 00:06:38	NA	NA	NA	NA	NA	COORDINATE_ROUNDED;CONTINENT_DERIVED_FROM_COORDINATES	NA	COORDINATE_ROUNDED;CONTINENT_DERIVED_FROM_COORDINATES	StillImage	TRUE	FALSE	TVGD	TVGD	N	CH2	RP	477	87BWH	83J	NA	NA	NA	3MPC	NA	TVGD	Chelonia mydas	Chelonia mydas (Linnaeus, 1758)	Chelonia mydas	NA	EML	2026-09-07 00:06:38	2026-09-07 00:01:45	NA	TRUE	NA	NA	FALSE	LATIN_AMERICA	NORTH_AMERICA	ECU	Ecuador	ECU.9_1	Galápagos	ECU.9.2_1	San Cristóbal	ECU.9.2.2_1	Isla Santa Mara (Floreana) (Cab.	LC
543671932	NA	NA	NA	CC0_1_0	2024-01-04 14:21:00	California Academy of Sciences	NA	NA	NA	http://grbio.org/institution/california-academy-sciences	http://grscicoll.org/institutional-collection/herpetology-0	NA	CAS	HERP	NA	NA	PRESERVED_SPECIMEN	NA	NA	NA	urn:catalog:CAS:HERP:8168	8168	3019	R.H. Beck	NA	NA	NA	NA	Male	Adult	NA	NA	NA	NA	NA	NA	NA	NA	PRESENT	Dry	NA	NA	NA	NA	NA	NA	NA	NA	NA	NA	NA	NA	NA	NA	NA	NA	NA	NA	NA	NA	NA	1906-04-07	NA	97	97	1906	4	7	7 Apr 1906	NA	NA	NA	NA	NA	NA	NA	NA	NA	South Pacific Ocean; Ecuador; Galapagos Prov.; Galapagos Ids.; Isabela Id.	SOUTH_AMERICA	South Pacific Ocean	Galapagos Ids.	Isabela Id.	EC	Galapagos Prov.	NA	NA	Tagus Cove, Tagus Cove Mt	Tagus Cove, Albemarle Isl. Galapagos Arch.  Tagus Cove Mt. Elev. 1000 ft.	1000 ft	NA	NA	NA	NA	NA	NA	-0.256389	-91.337778	NA	NA	NA	NA	NA	NA	NA	NA	NA	NA	NA	Google Earth, 2013.	NA	NA	NA	NA	NA	NA	NA	NA	NA	NA	NA	NA	NA	NA	NA	NA	NA	NA	NA	NA	NA	NA	NA	NA	NA	NA	NA	NA	NA	NA	NA	C6Q44	NA	NA	NA	NA	NA	Chelonoidis microphyes (Günther, 1875)	NA	NA	NA	NA	NA	NA	Animalia; Chordata; Reptilia; Testudines; Testudinidae	Animalia	Chordata	Reptilia	Testudines	Testudinoidea	Testudinidae	NA	NA	NA	Chelonoidis	Chelonoidis	NA	NA	microphyes	NA	NA	SPECIES	NA	NA	NA	SYNONYM	NA	NA	cece4fc2-1fec-4bb5-a335-7252548e3f0b	US	2026-09-07 00:06:33	304.8	NA	NA	NA	NA	COORDINATE_ROUNDED;CONTINENT_DERIVED_FROM_COORDINATES	NA	COORDINATE_ROUNDED;CONTINENT_DERIVED_FROM_COORDINATES	StillImage	TRUE	FALSE	8GPG3	C6Q44	N	CH2	RP	477	87BWY	626NZ	NA	NA	NA	3MPP	NA	5Y2Z9	Chelonoidis niger	Chelonoidis niger microphyes (Günther, 1875)	Chelonoidis microphyes	NA	EML	2026-09-07 00:06:33	2026-09-07 00:01:45	NA	TRUE	NA	NA	FALSE	LATIN_AMERICA	NORTH_AMERICA	ECU	Ecuador	ECU.9_1	Galápagos	ECU.9.1_1	Isabela	ECU.9.1.2_1	Tomas De Berlanga (Santo Tomas)	NA
543672043	NA	NA	NA	CC0_1_0	2024-01-04 14:21:00	California Academy of Sciences	NA	NA	NA	http://grbio.org/institution/california-academy-sciences	http://grscicoll.org/institutional-collection/herpetology-0	NA	CAS	HERP	NA	NA	PRESERVED_SPECIMEN	NA	NA	NA	urn:catalog:CAS:HERP:8178	8178	2935	R.H. Beck	NA	NA	NA	NA	Male	Adult	NA	NA	NA	NA	NA	NA	NA	NA	PRESENT	Dry	NA	NA	NA	NA	NA	NA	Died on board 29 March 1906.	NA	NA	NA	NA	NA	NA	NA	NA	NA	NA	NA	NA	NA	NA	1906-03-19	NA	78	78	1906	3	19	19 Mar 1906	NA	NA	NA	NA	NA	NA	NA	NA	NA	South Pacific Ocean; Ecuador; Galapagos Prov.; Galapagos Ids.; Isabela Id.	SOUTH_AMERICA	South Pacific Ocean	Galapagos Ids.	Isabela Id.	EC	Galapagos Prov.	NA	NA	Iguana Cove	Iguana Cove Albemarle Isl. Galapagos Arch.	NA	NA	NA	NA	NA	NA	NA	-0.986667	-91.445556	NA	NA	NA	NA	NA	NA	NA	NA	NA	NA	NA	Google Earth, 2013.	NA	NA	NA	NA	NA	NA	NA	NA	NA	NA	NA	NA	NA	NA	NA	NA	NA	NA	NA	NA	NA	NA	NA	NA	NA	NA	NA	NA	NA	NA	NA	C6Q49	NA	NA	NA	NA	NA	Chelonoidis vicina (Günther, 1875)	NA	NA	NA	NA	NA	NA	Animalia; Chordata; Reptilia; Testudines; Testudinidae	Animalia	Chordata	Reptilia	Testudines	Testudinoidea	Testudinidae	NA	NA	NA	Chelonoidis	Chelonoidis	NA	NA	vicina	NA	NA	SPECIES	NA	NA	NA	SYNONYM	NA	NA	cece4fc2-1fec-4bb5-a335-7252548e3f0b	US	2026-09-07 00:06:33	NA	NA	NA	NA	NA	COORDINATE_ROUNDED;CONTINENT_DERIVED_FROM_COORDINATES	NA	COORDINATE_ROUNDED;CONTINENT_DERIVED_FROM_COORDINATES	StillImage	TRUE	FALSE	TVLL	C6Q49	N	CH2	RP	477	87BWY	626NZ	NA	NA	NA	3MPP	NA	5Y2Z9	Chelonoidis niger	Chelonoidis niger vicina (Günther, 1874)	Chelonoidis vicina	NA	EML	2026-09-07 00:06:33	2026-09-07 00:01:45	NA	TRUE	NA	NA	FALSE	LATIN_AMERICA	NORTH_AMERICA	ECU	Ecuador	ECU.9_1	Galápagos	ECU.9.1_1	Isabela	ECU.9.1.2_1	Tomas De Berlanga (Santo Tomas)	NA
543675487	NA	NA	NA	CC0_1_0	2024-01-04 14:21:00	California Academy of Sciences	NA	NA	NA	http://grbio.org/institution/california-academy-sciences	http://grscicoll.org/institutional-collection/herpetology-0	NA	CAS	HERP	NA	NA	PRESERVED_SPECIMEN	NA	NA	NA	urn:catalog:CAS:HERP:8488	8488	3754	F.T. Nelson	NA	NA	NA	NA	Female	Adult	NA	NA	NA	NA	NA	NA	NA	NA	PRESENT	Dry	NA	NA	NA	NA	NA	NA	Killed 17 Jul 1906.	NA	NA	NA	NA	NA	NA	NA	NA	NA	NA	NA	NA	NA	NA	1906-07-16	NA	197	197	1906	7	16	16 Jul 1906	NA	NA	NA	NA	NA	NA	NA	NA	NA	South Pacific Ocean; Ecuador; Galapagos Prov.; Galapagos Ids.; Santa Cruz Id.	SOUTH_AMERICA	South Pacific Ocean	Galapagos Ids.	Santa Cruz Id.	EC	Galapagos Prov.	NA	NA	Puerta de la Aguada	Indefatigable Isl. Galapagos Arch. Puerta de la Aguada	NA	NA	NA	NA	NA	NA	NA	-0.747222	-90.308889	NA	NA	NA	NA	NA	NA	NA	NA	NA	NA	NA	Google Earth, 2013.	NA	NA	NA	NA	NA	NA	NA	NA	NA	NA	NA	NA	NA	NA	NA	NA	NA	NA	NA	NA	NA	NA	NA	NA	NA	NA	NA	NA	NA	NA	NA	TVGD	NA	NA	NA	NA	NA	Chelonia mydas (Linnaeus, 1758)	NA	NA	NA	NA	NA	NA	Animalia; Chordata; Reptilia; Testudines; Cheloniidae	Animalia	Chordata	Reptilia	Testudines	Chelonioidea	Cheloniidae	NA	NA	NA	Chelonia	Chelonia	NA	NA	mydas	NA	NA	SPECIES	NA	NA	NA	ACCEPTED	NA	NA	cece4fc2-1fec-4bb5-a335-7252548e3f0b	US	2026-09-07 00:06:33	NA	NA	NA	NA	NA	COORDINATE_ROUNDED;CONTINENT_DERIVED_FROM_COORDINATES	NA	COORDINATE_ROUNDED;CONTINENT_DERIVED_FROM_COORDINATES	StillImage	TRUE	FALSE	TVGD	TVGD	N	CH2	RP	477	87BWH	83J	NA	NA	NA	3MPC	NA	TVGD	Chelonia mydas	Chelonia mydas (Linnaeus, 1758)	Chelonia mydas	NA	EML	2026-09-07 00:06:33	2026-09-07 00:01:45	NA	TRUE	NA	NA	FALSE	LATIN_AMERICA	NORTH_AMERICA	NA	NA	NA	NA	NA	NA	NA	NA	LC
543675710	NA	NA	NA	CC0_1_0	2024-01-04 14:21:00	California Academy of Sciences	NA	NA	NA	http://grbio.org/institution/california-academy-sciences	http://grscicoll.org/institutional-collection/herpetology-0	NA	CAS	HERP	NA	NA	PRESERVED_SPECIMEN	NA	NA	NA	urn:catalog:CAS:HERP:8508	8508	NA	NA	NA	NA	NA	NA	Female	Adult	NA	NA	NA	NA	NA	NA	NA	NA	PRESENT	Dry	NA	NA	NA	NA	NA	NA	Skull only in skeletal collection.	NA	NA	NA	NA	NA	NA	NA	NA	NA	NA	NA	NA	NA	NA	1906-01-03	NA	3	3	1906	1	3	3 Jan 1906	NA	NA	NA	NA	NA	NA	NA	NA	NA	South Pacific Ocean; Ecuador; Galapagos Prov.; Galapagos Ids.; San Salvador Id.	SOUTH_AMERICA	South Pacific Ocean	Galapagos Ids.	San Salvador Id.	EC	Galapagos Prov.	NA	NA	James Bay	James Bay, James Isl. Galapagos Arch.	NA	NA	NA	NA	NA	NA	NA	-0.203611	-90.829722	NA	NA	NA	NA	NA	NA	NA	NA	NA	NA	NA	Google Earth, 2013.	NA	NA	NA	NA	NA	NA	NA	NA	NA	NA	NA	NA	NA	NA	NA	NA	NA	NA	NA	NA	NA	NA	NA	NA	NA	NA	NA	NA	NA	NA	NA	TVGD	NA	NA	NA	NA	NA	Chelonia mydas (Linnaeus, 1758)	NA	NA	NA	NA	NA	NA	Animalia; Chordata; Reptilia; Testudines; Cheloniidae	Animalia	Chordata	Reptilia	Testudines	Chelonioidea	Cheloniidae	NA	NA	NA	Chelonia	Chelonia	NA	NA	mydas	NA	NA	SPECIES	NA	NA	NA	ACCEPTED	NA	NA	cece4fc2-1fec-4bb5-a335-7252548e3f0b	US	2026-09-07 00:06:33	NA	NA	NA	NA	NA	COORDINATE_ROUNDED;CONTINENT_DERIVED_FROM_COORDINATES	NA	COORDINATE_ROUNDED;CONTINENT_DERIVED_FROM_COORDINATES	StillImage	TRUE	FALSE	TVGD	TVGD	N	CH2	RP	477	87BWH	83J	NA	NA	NA	3MPC	NA	TVGD	Chelonia mydas	Chelonia mydas (Linnaeus, 1758)	Chelonia mydas	NA	EML	2026-09-07 00:06:33	2026-09-07 00:01:45	NA	TRUE	NA	NA	FALSE	LATIN_AMERICA	NORTH_AMERICA	NA	NA	NA	NA	NA	NA	NA	NA	LC
543675899	NA	NA	NA	CC0_1_0	2024-01-04 14:21:00	California Academy of Sciences	NA	NA	NA	http://grbio.org/institution/california-academy-sciences	http://grscicoll.org/institutional-collection/herpetology-0	NA	CAS	HERP	NA	NA	PRESERVED_SPECIMEN	NA	NA	NA	urn:catalog:CAS:HERP:8525	8525	NA	R.H. Beck	NA	NA	NA	NA	NA	Adult	NA	NA	NA	NA	NA	NA	NA	NA	PRESENT	Dry	NA	NA	NA	NA	NA	NA	NA	NA	NA	NA	NA	NA	NA	NA	NA	NA	NA	NA	NA	NA	NA	1906-07-16	NA	197	197	1906	7	16	16 Jul 1906	NA	NA	NA	NA	NA	NA	NA	NA	NA	South Pacific Ocean; Ecuador; Galapagos Prov.; Galapagos Ids.; Santa Cruz Id.	SOUTH_AMERICA	South Pacific Ocean	Galapagos Ids.	Santa Cruz Id.	EC	Galapagos Prov.	NA	NA	NA	Indefatigable Isl. Galapagos Arch.	NA	NA	NA	NA	NA	NA	NA	-0.747222	-90.308889	NA	NA	NA	NA	NA	NA	NA	NA	NA	NA	NA	Google Earth, 2013.	NA	NA	NA	NA	NA	NA	NA	NA	NA	NA	NA	NA	NA	NA	NA	NA	NA	NA	NA	NA	NA	NA	NA	NA	NA	NA	NA	NA	NA	NA	NA	TVGD	NA	NA	NA	NA	NA	Chelonia mydas (Linnaeus, 1758)	NA	NA	NA	NA	NA	NA	Animalia; Chordata; Reptilia; Testudines; Cheloniidae	Animalia	Chordata	Reptilia	Testudines	Chelonioidea	Cheloniidae	NA	NA	NA	Chelonia	Chelonia	NA	NA	mydas	NA	NA	SPECIES	NA	NA	NA	ACCEPTED	NA	NA	cece4fc2-1fec-4bb5-a335-7252548e3f0b	US	2026-09-07 00:06:33	NA	NA	NA	NA	NA	COORDINATE_ROUNDED;CONTINENT_DERIVED_FROM_COORDINATES	NA	COORDINATE_ROUNDED;CONTINENT_DERIVED_FROM_COORDINATES	StillImage	TRUE	FALSE	TVGD	TVGD	N	CH2	RP	477	87BWH	83J	NA	NA	NA	3MPC	NA	TVGD	Chelonia mydas	Chelonia mydas (Linnaeus, 1758)	Chelonia mydas	NA	EML	2026-09-07 00:06:33	2026-09-07 00:01:45	NA	TRUE	NA	NA	FALSE	LATIN_AMERICA	NORTH_AMERICA	NA	NA	NA	NA	NA	NA	NA	NA	LC
543672555	NA	NA	NA	CC0_1_0	2024-01-04 14:21:00	California Academy of Sciences	NA	NA	NA	http://grbio.org/institution/california-academy-sciences	http://grscicoll.org/institutional-collection/herpetology-0	NA	CAS	HERP	NA	NA	PRESERVED_SPECIMEN	NA	NA	NA	urn:catalog:CAS:HERP:8224	8224	4462	J.R. Slevin	NA	NA	NA	NA	Female	NA	NA	NA	NA	NA	NA	NA	NA	NA	PRESENT	Alcohol	NA	NA	NA	NA	NA	NA	Bought of Native Collector.  Exch. 8322 to E. Gerrard and Sons, 13 Apr 1915.	NA	NA	NA	NA	NA	NA	NA	NA	NA	NA	NA	NA	NA	NA	1906-10-01	NA	274	274	1906	10	1	1 Oct 1906	NA	NA	NA	NA	NA	NA	NA	NA	NA	South Pacific Ocean; Ecuador; Galapagos Prov.; Galapagos Ids.; Isabela Id.	SOUTH_AMERICA	South Pacific Ocean	Galapagos Ids.	Isabela Id.	EC	Galapagos Prov.	NA	NA	Villamil Mtn	Vilamil Mt., Albemarle Isl., Galapagos Arch.	NA	NA	NA	NA	NA	NA	NA	-0.911944	-91.123611	9656.08	NA	NA	NA	NA	NA	NA	NA	NA	NA	NA	Google Earth, 2013.	NA	NA	NA	NA	NA	NA	NA	NA	NA	NA	NA	NA	NA	NA	NA	NA	NA	NA	NA	NA	NA	NA	NA	NA	NA	NA	NA	NA	NA	NA	NA	C6Q42	NA	NA	NA	NA	NA	Chelonoidis guntheri (Baur, 1889)	NA	NA	NA	NA	NA	NA	Animalia; Chordata; Reptilia; Testudines; Testudinidae	Animalia	Chordata	Reptilia	Testudines	Testudinoidea	Testudinidae	NA	NA	NA	Chelonoidis	Chelonoidis	NA	NA	guntheri	NA	NA	SPECIES	NA	NA	NA	SYNONYM	NA	NA	cece4fc2-1fec-4bb5-a335-7252548e3f0b	US	2026-09-07 00:06:38	NA	NA	NA	NA	NA	COORDINATE_ROUNDED;CONTINENT_DERIVED_FROM_COORDINATES	NA	COORDINATE_ROUNDED;CONTINENT_DERIVED_FROM_COORDINATES	StillImage	TRUE	FALSE	8GPG2	C6Q42	N	CH2	RP	477	87BWY	626NZ	NA	NA	NA	3MPP	NA	5Y2Z9	Chelonoidis niger	Chelonoidis niger guntheri (Baur, 1889)	Chelonoidis guntheri	NA	EML	2026-09-07 00:06:38	2026-09-07 00:01:45	NA	TRUE	NA	NA	FALSE	LATIN_AMERICA	NORTH_AMERICA	ECU	Ecuador	ECU.9_1	Galápagos	ECU.9.1_1	Isabela	ECU.9.1.2_1	Tomas De Berlanga (Santo Tomas)	NA
543672721	NA	NA	NA	CC0_1_0	2024-01-04 14:21:00	California Academy of Sciences	NA	NA	NA	http://grbio.org/institution/california-academy-sciences	http://grscicoll.org/institutional-collection/herpetology-0	NA	CAS	HERP	NA	NA	PRESERVED_SPECIMEN	NA	NA	NA	urn:catalog:CAS:HERP:8239	8239	4479	J.R. Slevin	NA	NA	NA	NA	Female	Adult	NA	NA	NA	NA	NA	NA	NA	NA	PRESENT	Dry	NA	NA	NA	NA	NA	NA	Bought of Native Collector.	NA	NA	NA	NA	NA	NA	NA	NA	NA	NA	NA	NA	NA	NA	1906-10-05	NA	278	278	1906	10	5	5 Oct 1906	NA	NA	NA	NA	NA	NA	NA	NA	NA	South Pacific Ocean; Ecuador; Galapagos Prov.; Galapagos Ids.; Isabela Id.	SOUTH_AMERICA	South Pacific Ocean	Galapagos Ids.	Isabela Id.	EC	Galapagos Prov.	NA	NA	Villamil Mtn	Vilamil Mt., Albemarle Isl., Galapagos Arch.	NA	NA	NA	NA	NA	NA	NA	-0.911944	-91.123611	9656.08	NA	NA	NA	NA	NA	NA	NA	NA	NA	NA	Google Earth, 2013.	NA	NA	NA	NA	NA	NA	NA	NA	NA	NA	NA	NA	NA	NA	NA	NA	NA	NA	NA	NA	NA	NA	NA	NA	NA	NA	NA	NA	NA	NA	NA	C6Q42	NA	NA	NA	NA	NA	Chelonoidis guntheri (Baur, 1889)	NA	NA	NA	NA	NA	NA	Animalia; Chordata; Reptilia; Testudines; Testudinidae	Animalia	Chordata	Reptilia	Testudines	Testudinoidea	Testudinidae	NA	NA	NA	Chelonoidis	Chelonoidis	NA	NA	guntheri	NA	NA	SPECIES	NA	NA	NA	SYNONYM	NA	NA	cece4fc2-1fec-4bb5-a335-7252548e3f0b	US	2026-09-07 00:06:38	NA	NA	NA	NA	NA	COORDINATE_ROUNDED;CONTINENT_DERIVED_FROM_COORDINATES	NA	COORDINATE_ROUNDED;CONTINENT_DERIVED_FROM_COORDINATES	StillImage	TRUE	FALSE	8GPG2	C6Q42	N	CH2	RP	477	87BWY	626NZ	NA	NA	NA	3MPP	NA	5Y2Z9	Chelonoidis niger	Chelonoidis niger guntheri (Baur, 1889)	Chelonoidis guntheri	NA	EML	2026-09-07 00:06:38	2026-09-07 00:01:45	NA	TRUE	NA	NA	FALSE	LATIN_AMERICA	NORTH_AMERICA	ECU	Ecuador	ECU.9_1	Galápagos	ECU.9.1_1	Isabela	ECU.9.1.2_1	Tomas De Berlanga (Santo Tomas)	NA
543675343	NA	NA	NA	CC0_1_0	2024-01-04 14:21:00	California Academy of Sciences	NA	NA	NA	http://grbio.org/institution/california-academy-sciences	http://grscicoll.org/institutional-collection/herpetology-0	NA	CAS	HERP	NA	NA	PRESERVED_SPECIMEN	NA	NA	NA	urn:catalog:CAS:HERP:8475	8475	2411	R.H. Beck	NA	NA	NA	NA	Female	Adult	NA	NA	NA	NA	NA	NA	NA	NA	PRESENT	Dry	NA	NA	NA	NA	NA	NA	Killed 5 Jan 1906.  Miscellaneous postcrania in skeletal collection.	NA	NA	NA	NA	NA	NA	NA	NA	NA	NA	NA	NA	NA	NA	1906-01-04	NA	4	4	1906	1	4	4 Jan 1906	NA	NA	NA	NA	NA	NA	NA	NA	NA	South Pacific Ocean; Ecuador; Galapagos Prov.; Galapagos Ids.; San Salvador Id.	SOUTH_AMERICA	South Pacific Ocean	Galapagos Ids.	San Salvador Id.	EC	Galapagos Prov.	NA	NA	James Bay	James Bay, James Isl. Galapagos Arch.	NA	NA	NA	NA	NA	NA	NA	-0.203611	-90.829722	NA	NA	NA	NA	NA	NA	NA	NA	NA	NA	NA	Google Earth, 2013.	NA	NA	NA	NA	NA	NA	NA	NA	NA	NA	NA	NA	NA	NA	NA	NA	NA	NA	NA	NA	NA	NA	NA	NA	NA	NA	NA	NA	NA	NA	NA	TVGD	NA	NA	NA	NA	NA	Chelonia mydas (Linnaeus, 1758)	NA	NA	NA	NA	NA	NA	Animalia; Chordata; Reptilia; Testudines; Cheloniidae	Animalia	Chordata	Reptilia	Testudines	Chelonioidea	Cheloniidae	NA	NA	NA	Chelonia	Chelonia	NA	NA	mydas	NA	NA	SPECIES	NA	NA	NA	ACCEPTED	NA	NA	cece4fc2-1fec-4bb5-a335-7252548e3f0b	US	2026-09-07 00:06:38	NA	NA	NA	NA	NA	COORDINATE_ROUNDED;CONTINENT_DERIVED_FROM_COORDINATES	NA	COORDINATE_ROUNDED;CONTINENT_DERIVED_FROM_COORDINATES	StillImage	TRUE	FALSE	TVGD	TVGD	N	CH2	RP	477	87BWH	83J	NA	NA	NA	3MPC	NA	TVGD	Chelonia mydas	Chelonia mydas (Linnaeus, 1758)	Chelonia mydas	NA	EML	2026-09-07 00:06:38	2026-09-07 00:01:45	NA	TRUE	NA	NA	FALSE	LATIN_AMERICA	NORTH_AMERICA	NA	NA	NA	NA	NA	NA	NA	NA	LC
543672821	NA	NA	NA	CC0_1_0	2024-01-04 14:21:00	California Academy of Sciences	NA	NA	NA	http://grbio.org/institution/california-academy-sciences	http://grscicoll.org/institutional-collection/herpetology-0	NA	CAS	HERP	NA	NA	PRESERVED_SPECIMEN	NA	NA	NA	urn:catalog:CAS:HERP:8248	8248	4488	J.R. Slevin	NA	NA	NA	NA	Female	Adult	NA	NA	NA	NA	NA	NA	NA	NA	PRESENT	Dry	NA	NA	NA	NA	NA	NA	Bought of Native Collector.	NA	NA	NA	NA	NA	NA	NA	NA	NA	NA	NA	NA	NA	NA	1906-10-08	NA	281	281	1906	10	8	8 Oct 1906	NA	NA	NA	NA	NA	NA	NA	NA	NA	South Pacific Ocean; Ecuador; Galapagos Prov.; Galapagos Ids.; Isabela Id.	SOUTH_AMERICA	South Pacific Ocean	Galapagos Ids.	Isabela Id.	EC	Galapagos Prov.	NA	NA	Villamil Mtn	Vilamil Mt., Albemarle Isl., Galapagos Arch.	NA	NA	NA	NA	NA	NA	NA	-0.911944	-91.123611	9656.08	NA	NA	NA	NA	NA	NA	NA	NA	NA	NA	Google Earth, 2013.	NA	NA	NA	NA	NA	NA	NA	NA	NA	NA	NA	NA	NA	NA	NA	NA	NA	NA	NA	NA	NA	NA	NA	NA	NA	NA	NA	NA	NA	NA	NA	C6Q42	NA	NA	NA	NA	NA	Chelonoidis guntheri (Baur, 1889)	NA	NA	NA	NA	NA	NA	Animalia; Chordata; Reptilia; Testudines; Testudinidae	Animalia	Chordata	Reptilia	Testudines	Testudinoidea	Testudinidae	NA	NA	NA	Chelonoidis	Chelonoidis	NA	NA	guntheri	NA	NA	SPECIES	NA	NA	NA	SYNONYM	NA	NA	cece4fc2-1fec-4bb5-a335-7252548e3f0b	US	2026-09-07 00:06:38	NA	NA	NA	NA	NA	COORDINATE_ROUNDED;CONTINENT_DERIVED_FROM_COORDINATES	NA	COORDINATE_ROUNDED;CONTINENT_DERIVED_FROM_COORDINATES	StillImage	TRUE	FALSE	8GPG2	C6Q42	N	CH2	RP	477	87BWY	626NZ	NA	NA	NA	3MPP	NA	5Y2Z9	Chelonoidis niger	Chelonoidis niger guntheri (Baur, 1889)	Chelonoidis guntheri	NA	EML	2026-09-07 00:06:38	2026-09-07 00:01:45	NA	TRUE	NA	NA	FALSE	LATIN_AMERICA	NORTH_AMERICA	ECU	Ecuador	ECU.9_1	Galápagos	ECU.9.1_1	Isabela	ECU.9.1.2_1	Tomas De Berlanga (Santo Tomas)	NA
543674054	NA	NA	NA	CC0_1_0	2024-01-04 14:21:00	California Academy of Sciences	NA	NA	NA	http://grbio.org/institution/california-academy-sciences	http://grscicoll.org/institutional-collection/herpetology-0	NA	CAS	HERP	NA	NA	PRESERVED_SPECIMEN	NA	NA	NA	urn:catalog:CAS:HERP:8359	8359	4475	R.H. Beck	NA	NA	NA	NA	Male	Adult	NA	NA	NA	NA	NA	NA	NA	NA	PRESENT	Dry	NA	NA	NA	NA	NA	NA	Died on board.	NA	NA	NA	NA	NA	NA	NA	NA	NA	NA	NA	NA	NA	NA	1906-10-04	NA	277	277	1906	10	4	4 Oct 1906	NA	NA	NA	NA	NA	NA	NA	NA	NA	South Pacific Ocean; Ecuador; Galapagos Prov.; Galapagos Ids.; Pinzon Id.	SOUTH_AMERICA	South Pacific Ocean	Galapagos Ids.	Pinzon Id.	EC	Galapagos Prov.	NA	NA	NA	Duncan Island, Galapagos Arch.	NA	NA	NA	NA	NA	NA	NA	-0.613056	-90.677778	NA	NA	NA	NA	NA	NA	NA	NA	NA	NA	NA	Google Earth, 2013.	NA	NA	NA	NA	NA	NA	NA	NA	NA	NA	NA	NA	NA	NA	NA	NA	NA	NA	NA	NA	NA	NA	NA	NA	NA	NA	NA	NA	NA	NA	NA	C6Q3Z	NA	NA	NA	NA	NA	Chelonoidis duncanensis (Pritchard, 1996)	NA	NA	NA	NA	NA	NA	Animalia; Chordata; Reptilia; Testudines; Testudinidae	Animalia	Chordata	Reptilia	Testudines	Testudinoidea	Testudinidae	NA	NA	NA	Chelonoidis	Chelonoidis	NA	NA	duncanensis	NA	NA	SPECIES	NA	NA	NA	SYNONYM	NA	NA	cece4fc2-1fec-4bb5-a335-7252548e3f0b	US	2026-09-07 00:06:38	NA	NA	NA	NA	NA	COORDINATE_ROUNDED;CONTINENT_DERIVED_FROM_COORDINATES	NA	COORDINATE_ROUNDED;CONTINENT_DERIVED_FROM_COORDINATES	StillImage	TRUE	FALSE	MVBKH	C6Q3Z	N	CH2	RP	477	87BWY	626NZ	NA	NA	NA	3MPP	NA	5Y2Z9	Chelonoidis niger	Chelonoidis niger duncanensis (Pritchard, 1996)	Chelonoidis duncanensis	NA	EML	2026-09-07 00:06:38	2026-09-07 00:01:45	NA	TRUE	NA	NA	FALSE	LATIN_AMERICA	NORTH_AMERICA	ECU	Ecuador	ECU.9_1	Galápagos	ECU.9.3_1	Santa Cruz	ECU.9.3.3_1	Santa Rosa	NA
543672276	NA	NA	NA	CC0_1_0	2024-01-04 14:21:00	California Academy of Sciences	NA	NA	NA	http://grbio.org/institution/california-academy-sciences	http://grscicoll.org/institutional-collection/herpetology-0	NA	CAS	HERP	NA	NA	PRESERVED_SPECIMEN	NA	NA	NA	urn:catalog:CAS:HERP:8199	8199	3998	J.R. Slevin	NA	NA	NA	NA	Female	Adult	NA	NA	NA	NA	NA	NA	NA	NA	PRESENT	Dry	NA	NA	NA	NA	NA	NA	Bought of Native Collector. Skull and postcrania in skeletal collection.	NA	NA	NA	NA	NA	NA	NA	NA	NA	NA	NA	NA	NA	NA	1906-09-01	NA	244	244	1906	9	1	1 Sep 1906	NA	NA	NA	NA	NA	NA	NA	NA	NA	South Pacific Ocean; Ecuador; Galapagos Prov.; Galapagos Ids.; Isabela Id.	SOUTH_AMERICA	South Pacific Ocean	Galapagos Ids.	Isabela Id.	EC	Galapagos Prov.	NA	NA	vicinty of Villamil Mtn	Vic. Vilamil Mt., Albemarle Isl., Galapagos Arch.	NA	NA	NA	NA	NA	NA	NA	-0.911944	-91.123611	9656.08	NA	NA	NA	NA	NA	NA	NA	NA	NA	NA	Google Earth, 2013.	NA	NA	NA	NA	NA	NA	NA	NA	NA	NA	NA	NA	NA	NA	NA	NA	NA	NA	NA	NA	NA	NA	NA	NA	NA	NA	NA	NA	NA	NA	NA	C6Q42	NA	NA	NA	NA	NA	Chelonoidis guntheri (Baur, 1889)	NA	NA	NA	NA	NA	NA	Animalia; Chordata; Reptilia; Testudines; Testudinidae	Animalia	Chordata	Reptilia	Testudines	Testudinoidea	Testudinidae	NA	NA	NA	Chelonoidis	Chelonoidis	NA	NA	guntheri	NA	NA	SPECIES	NA	NA	NA	SYNONYM	NA	NA	cece4fc2-1fec-4bb5-a335-7252548e3f0b	US	2026-09-07 00:06:38	NA	NA	NA	NA	NA	COORDINATE_ROUNDED;CONTINENT_DERIVED_FROM_COORDINATES	NA	COORDINATE_ROUNDED;CONTINENT_DERIVED_FROM_COORDINATES	StillImage	TRUE	FALSE	8GPG2	C6Q42	N	CH2	RP	477	87BWY	626NZ	NA	NA	NA	3MPP	NA	5Y2Z9	Chelonoidis niger	Chelonoidis niger guntheri (Baur, 1889)	Chelonoidis guntheri	NA	EML	2026-09-07 00:06:38	2026-09-07 00:01:45	NA	TRUE	NA	NA	FALSE	LATIN_AMERICA	NORTH_AMERICA	ECU	Ecuador	ECU.9_1	Galápagos	ECU.9.1_1	Isabela	ECU.9.1.2_1	Tomas De Berlanga (Santo Tomas)	NA
543672010	NA	NA	NA	CC0_1_0	2024-01-04 14:21:00	California Academy of Sciences	NA	NA	NA	http://grbio.org/institution/california-academy-sciences	http://grscicoll.org/institutional-collection/herpetology-0	NA	CAS	HERP	NA	NA	PRESERVED_SPECIMEN	NA	NA	NA	urn:catalog:CAS:HERP:8175	8175	2902	R.H. Beck	NA	NA	NA	NA	Male	Adult	NA	NA	NA	NA	NA	NA	NA	NA	PRESENT	Dry	NA	NA	NA	NA	NA	NA	Died on board 20 March 1906.  Miscellaneous postcrania.	NA	NA	NA	NA	NA	NA	NA	NA	NA	NA	NA	NA	NA	NA	1906-03-17	NA	76	76	1906	3	17	17-20 Mar 1906	NA	NA	NA	NA	NA	NA	NA	NA	NA	South Pacific Ocean; Ecuador; Galapagos Prov.; Galapagos Ids.; Isabela Id.	SOUTH_AMERICA	South Pacific Ocean	Galapagos Ids.	Isabela Id.	EC	Galapagos Prov.	NA	NA	Iguana Cove	Iguana Cove Albemarle Isl. Galapagos Arch.	NA	NA	NA	NA	NA	NA	NA	-0.986667	-91.445556	NA	NA	NA	NA	NA	NA	NA	NA	NA	NA	NA	Google Earth, 2013.	NA	NA	NA	NA	NA	NA	NA	NA	NA	NA	NA	NA	NA	NA	NA	NA	NA	NA	NA	NA	NA	NA	NA	NA	NA	NA	NA	NA	NA	NA	NA	C6Q49	NA	NA	NA	NA	NA	Chelonoidis vicina (Günther, 1875)	NA	NA	NA	NA	NA	NA	Animalia; Chordata; Reptilia; Testudines; Testudinidae	Animalia	Chordata	Reptilia	Testudines	Testudinoidea	Testudinidae	NA	NA	NA	Chelonoidis	Chelonoidis	NA	NA	vicina	NA	NA	SPECIES	NA	NA	NA	SYNONYM	NA	NA	cece4fc2-1fec-4bb5-a335-7252548e3f0b	US	2026-09-07 00:06:36	NA	NA	NA	NA	NA	COORDINATE_ROUNDED;CONTINENT_DERIVED_FROM_COORDINATES	NA	COORDINATE_ROUNDED;CONTINENT_DERIVED_FROM_COORDINATES	StillImage	TRUE	FALSE	TVLL	C6Q49	N	CH2	RP	477	87BWY	626NZ	NA	NA	NA	3MPP	NA	5Y2Z9	Chelonoidis niger	Chelonoidis niger vicina (Günther, 1874)	Chelonoidis vicina	NA	EML	2026-09-07 00:06:36	2026-09-07 00:01:45	NA	TRUE	NA	NA	FALSE	LATIN_AMERICA	NORTH_AMERICA	ECU	Ecuador	ECU.9_1	Galápagos	ECU.9.1_1	Isabela	ECU.9.1.2_1	Tomas De Berlanga (Santo Tomas)	NA
543674487	NA	NA	NA	CC0_1_0	2024-01-04 14:21:00	California Academy of Sciences	NA	NA	NA	http://grbio.org/institution/california-academy-sciences	http://grscicoll.org/institutional-collection/herpetology-0	NA	CAS	HERP	NA	NA	PRESERVED_SPECIMEN	NA	NA	NA	urn:catalog:CAS:HERP:8398	8398	NA	J.R. Slevin and R.H. Beck	NA	NA	NA	NA	NA	Adult	NA	NA	NA	NA	NA	NA	NA	NA	PRESENT	Dry	NA	NA	NA	NA	NA	NA	Skull.	NA	NA	NA	NA	NA	NA	NA	NA	NA	NA	NA	NA	NA	NA	1906-08-24	NA	236	236	1906	8	24	24 Aug 1906	NA	NA	NA	NA	NA	NA	NA	NA	NA	South Pacific Ocean; Ecuador; Galapagos Prov.; Galapagos Ids.; Isabela Id.	SOUTH_AMERICA	South Pacific Ocean	Galapagos Ids.	Isabela Id.	EC	Galapagos Prov.	NA	NA	Villamil Mtn	Vilamil Mt. Albemarle Isl. Galapagos Arch.	NA	NA	NA	NA	NA	NA	NA	-0.841667	-91.163333	NA	NA	NA	NA	NA	NA	NA	NA	NA	NA	NA	Google Earth, 2013.	NA	NA	NA	NA	NA	NA	NA	NA	NA	NA	NA	NA	NA	NA	NA	NA	NA	NA	NA	NA	NA	NA	NA	NA	NA	NA	NA	NA	NA	NA	NA	3MPP	NA	NA	NA	NA	NA	Chelonoidis Fitzinger, 1835	NA	NA	NA	NA	NA	NA	Animalia; Chordata; Reptilia; Testudines; Testudinidae	Animalia	Chordata	Reptilia	Testudines	Testudinoidea	Testudinidae	NA	NA	NA	Chelonoidis	NA	NA	NA	NA	NA	NA	GENUS	NA	NA	NA	ACCEPTED	NA	NA	cece4fc2-1fec-4bb5-a335-7252548e3f0b	US	2026-09-07 00:06:36	NA	NA	NA	NA	NA	COORDINATE_ROUNDED;CONTINENT_DERIVED_FROM_COORDINATES	NA	COORDINATE_ROUNDED;CONTINENT_DERIVED_FROM_COORDINATES	StillImage	TRUE	FALSE	3MPP	3MPP	N	CH2	RP	477	87BWY	626NZ	NA	NA	NA	3MPP	NA	NA	NA	Chelonoidis Fitzinger, 1835	Chelonoidis	NA	EML	2026-09-07 00:06:36	2026-09-07 00:01:45	NA	TRUE	NA	NA	FALSE	LATIN_AMERICA	NORTH_AMERICA	ECU	Ecuador	ECU.9_1	Galápagos	ECU.9.1_1	Isabela	ECU.9.1.2_1	Tomas De Berlanga (Santo Tomas)	NA
543675877	NA	NA	NA	CC0_1_0	2024-01-04 14:21:00	California Academy of Sciences	NA	NA	NA	http://grbio.org/institution/california-academy-sciences	http://grscicoll.org/institutional-collection/herpetology-0	NA	CAS	HERP	NA	NA	PRESERVED_SPECIMEN	NA	NA	NA	urn:catalog:CAS:HERP:8523	8523	NA	R.H. Beck	NA	NA	NA	NA	NA	Adult	NA	NA	NA	NA	NA	NA	NA	NA	PRESENT	Dry	NA	NA	NA	NA	NA	NA	NA	NA	NA	NA	NA	NA	NA	NA	NA	NA	NA	NA	NA	NA	NA	1906-07-16	NA	197	197	1906	7	16	16 Jul 1906	NA	NA	NA	NA	NA	NA	NA	NA	NA	South Pacific Ocean; Ecuador; Galapagos Prov.; Galapagos Ids.; Santa Cruz Id.	SOUTH_AMERICA	South Pacific Ocean	Galapagos Ids.	Santa Cruz Id.	EC	Galapagos Prov.	NA	NA	NA	Indefatigable Isl. Galapagos Arch.	NA	NA	NA	NA	NA	NA	NA	-0.747222	-90.308889	NA	NA	NA	NA	NA	NA	NA	NA	NA	NA	NA	Google Earth, 2013.	NA	NA	NA	NA	NA	NA	NA	NA	NA	NA	NA	NA	NA	NA	NA	NA	NA	NA	NA	NA	NA	NA	NA	NA	NA	NA	NA	NA	NA	NA	NA	TVGD	NA	NA	NA	NA	NA	Chelonia mydas (Linnaeus, 1758)	NA	NA	NA	NA	NA	NA	Animalia; Chordata; Reptilia; Testudines; Cheloniidae	Animalia	Chordata	Reptilia	Testudines	Chelonioidea	Cheloniidae	NA	NA	NA	Chelonia	Chelonia	NA	NA	mydas	NA	NA	SPECIES	NA	NA	NA	ACCEPTED	NA	NA	cece4fc2-1fec-4bb5-a335-7252548e3f0b	US	2026-09-07 00:06:36	NA	NA	NA	NA	NA	COORDINATE_ROUNDED;CONTINENT_DERIVED_FROM_COORDINATES	NA	COORDINATE_ROUNDED;CONTINENT_DERIVED_FROM_COORDINATES	StillImage	TRUE	FALSE	TVGD	TVGD	N	CH2	RP	477	87BWH	83J	NA	NA	NA	3MPC	NA	TVGD	Chelonia mydas	Chelonia mydas (Linnaeus, 1758)	Chelonia mydas	NA	EML	2026-09-07 00:06:36	2026-09-07 00:01:45	NA	TRUE	NA	NA	FALSE	LATIN_AMERICA	NORTH_AMERICA	NA	NA	NA	NA	NA	NA	NA	NA	LC
543672955	NA	NA	NA	CC0_1_0	2024-01-04 14:21:00	California Academy of Sciences	NA	NA	NA	http://grbio.org/institution/california-academy-sciences	http://grscicoll.org/institutional-collection/herpetology-0	NA	CAS	HERP	NA	NA	PRESERVED_SPECIMEN	NA	NA	NA	urn:catalog:CAS:HERP:8260	8260	4501	J.R. Slevin	NA	NA	NA	NA	Female	Adult	NA	NA	NA	NA	NA	NA	NA	NA	PRESENT	Dry	NA	NA	NA	NA	NA	NA	Bought of Native Collector.  Miscellaneous postcrania.	NA	NA	NA	NA	NA	NA	NA	NA	NA	NA	NA	NA	NA	NA	1906-10-12	NA	285	285	1906	10	12	12 Oct 1906	NA	NA	NA	NA	NA	NA	NA	NA	NA	South Pacific Ocean; Ecuador; Galapagos Prov.; Galapagos Ids.; Isabela Id.	SOUTH_AMERICA	South Pacific Ocean	Galapagos Ids.	Isabela Id.	EC	Galapagos Prov.	NA	NA	Villamil Mtn	Vilamil Mt., Albemarle Isl., Galapagos Arch.	NA	NA	NA	NA	NA	NA	NA	-0.911944	-91.123611	9656.08	NA	NA	NA	NA	NA	NA	NA	NA	NA	NA	Google Earth, 2013.	NA	NA	NA	NA	NA	NA	NA	NA	NA	NA	NA	NA	NA	NA	NA	NA	NA	NA	NA	NA	NA	NA	NA	NA	NA	NA	NA	NA	NA	NA	NA	C6Q49	NA	NA	NA	NA	NA	Chelonoidis vicina (Günther, 1875)	NA	NA	NA	NA	NA	NA	Animalia; Chordata; Reptilia; Testudines; Testudinidae	Animalia	Chordata	Reptilia	Testudines	Testudinoidea	Testudinidae	NA	NA	NA	Chelonoidis	Chelonoidis	NA	NA	vicina	NA	NA	SPECIES	NA	NA	NA	SYNONYM	NA	NA	cece4fc2-1fec-4bb5-a335-7252548e3f0b	US	2026-09-07 00:06:40	NA	NA	NA	NA	NA	COORDINATE_ROUNDED;CONTINENT_DERIVED_FROM_COORDINATES	NA	COORDINATE_ROUNDED;CONTINENT_DERIVED_FROM_COORDINATES	StillImage	TRUE	FALSE	TVLL	C6Q49	N	CH2	RP	477	87BWY	626NZ	NA	NA	NA	3MPP	NA	5Y2Z9	Chelonoidis niger	Chelonoidis niger vicina (Günther, 1874)	Chelonoidis vicina	NA	EML	2026-09-07 00:06:40	2026-09-07 00:01:45	NA	TRUE	NA	NA	FALSE	LATIN_AMERICA	NORTH_AMERICA	ECU	Ecuador	ECU.9_1	Galápagos	ECU.9.1_1	Isabela	ECU.9.1.2_1	Tomas De Berlanga (Santo Tomas)	NA
543671577	NA	NA	NA	CC0_1_0	2024-01-04 14:21:00	California Academy of Sciences	NA	NA	NA	http://grbio.org/institution/california-academy-sciences	http://grscicoll.org/institutional-collection/herpetology-0	NA	CAS	HERP	NA	NA	PRESERVED_SPECIMEN	NA	NA	NA	urn:catalog:CAS:HERP:8136	8136	NA	R.H. Beck	NA	NA	NA	NA	NA	NA	NA	NA	NA	NA	NA	NA	NA	NA	PRESENT	Dry	NA	NA	NA	NA	NA	NA	Carapace in skeletal collection.  Original catalog gives date of collection as 1-6 Feb 1906.  However, the only tortoise bones mentioned in Beck's notes for the Feb. trip to Espanola Island were taken on 3 Feb 1906 - JVV, 8 Jul 2013.	NA	NA	NA	NA	NA	NA	NA	NA	NA	NA	NA	NA	NA	NA	1906-02-03	NA	34	34	1906	2	3	3 Feb 1906	NA	NA	NA	NA	NA	NA	NA	NA	NA	South Pacific Ocean; Ecuador; Galapagos Prov.; Galapagos Ids.; Espanola Id.	SOUTH_AMERICA	South Pacific Ocean	Galapagos Ids.	Espanola Id.	EC	Galapagos Prov.	NA	NA	NA	Hood Isl. Galapagos Archipelago	NA	NA	NA	NA	NA	NA	NA	-1.380278	-89.695	NA	NA	NA	NA	NA	NA	NA	NA	NA	NA	NA	Google Earth, 2013.	NA	NA	NA	NA	NA	NA	NA	NA	NA	NA	NA	NA	NA	NA	NA	NA	NA	NA	NA	NA	NA	NA	NA	NA	NA	NA	NA	NA	NA	NA	NA	C6Q43	NA	NA	NA	NA	NA	Chelonoidis hoodensis (Van Denburgh, 1907)	NA	NA	NA	NA	NA	NA	Animalia; Chordata; Reptilia; Testudines; Testudinidae	Animalia	Chordata	Reptilia	Testudines	Testudinoidea	Testudinidae	NA	NA	NA	Chelonoidis	Chelonoidis	NA	NA	hoodensis	NA	NA	SPECIES	NA	NA	NA	SYNONYM	NA	NA	cece4fc2-1fec-4bb5-a335-7252548e3f0b	US	2026-09-07 00:06:33	NA	NA	NA	NA	NA	COORDINATE_ROUNDED;CONTINENT_DERIVED_FROM_COORDINATES	NA	COORDINATE_ROUNDED;CONTINENT_DERIVED_FROM_COORDINATES	StillImage	TRUE	FALSE	TVLD	C6Q43	N	CH2	RP	477	87BWY	626NZ	NA	NA	NA	3MPP	NA	5Y2Z9	Chelonoidis niger	Chelonoidis niger hoodensis (Van Denburgh, 1907)	Chelonoidis hoodensis	NA	EML	2026-09-07 00:06:33	2026-09-07 00:01:45	NA	TRUE	NA	NA	FALSE	LATIN_AMERICA	NORTH_AMERICA	ECU	Ecuador	ECU.9_1	Galápagos	ECU.9.2_1	San Cristóbal	ECU.9.2.2_1	Isla Santa Mara (Floreana) (Cab.	NA
543672577	NA	NA	NA	CC0_1_0	2024-01-04 14:21:00	California Academy of Sciences	NA	NA	NA	http://grbio.org/institution/california-academy-sciences	http://grscicoll.org/institutional-collection/herpetology-0	NA	CAS	HERP	NA	NA	PRESERVED_SPECIMEN	NA	NA	NA	urn:catalog:CAS:HERP:8226	8226	4464	J.R. Slevin	NA	NA	NA	NA	Female	Adult	NA	NA	NA	NA	NA	NA	NA	NA	PRESENT	Dry	NA	NA	NA	NA	NA	NA	Bought of Native Collector.	NA	NA	NA	NA	NA	NA	NA	NA	NA	NA	NA	NA	NA	NA	1906-10-01	NA	274	274	1906	10	1	1 Oct 1906	NA	NA	NA	NA	NA	NA	NA	NA	NA	South Pacific Ocean; Ecuador; Galapagos Prov.; Galapagos Ids.; Isabela Id.	SOUTH_AMERICA	South Pacific Ocean	Galapagos Ids.	Isabela Id.	EC	Galapagos Prov.	NA	NA	Villamil Mtn	Vilamil Mt., Albemarle Isl., Galapagos Arch.	NA	NA	NA	NA	NA	NA	NA	-0.911944	-91.123611	9656.08	NA	NA	NA	NA	NA	NA	NA	NA	NA	NA	Google Earth, 2013.	NA	NA	NA	NA	NA	NA	NA	NA	NA	NA	NA	NA	NA	NA	NA	NA	NA	NA	NA	NA	NA	NA	NA	NA	NA	NA	NA	NA	NA	NA	NA	C6Q42	NA	NA	NA	NA	NA	Chelonoidis guntheri (Baur, 1889)	NA	NA	NA	NA	NA	NA	Animalia; Chordata; Reptilia; Testudines; Testudinidae	Animalia	Chordata	Reptilia	Testudines	Testudinoidea	Testudinidae	NA	NA	NA	Chelonoidis	Chelonoidis	NA	NA	guntheri	NA	NA	SPECIES	NA	NA	NA	SYNONYM	NA	NA	cece4fc2-1fec-4bb5-a335-7252548e3f0b	US	2026-09-07 00:06:33	NA	NA	NA	NA	NA	COORDINATE_ROUNDED;CONTINENT_DERIVED_FROM_COORDINATES	NA	COORDINATE_ROUNDED;CONTINENT_DERIVED_FROM_COORDINATES	StillImage	TRUE	FALSE	8GPG2	C6Q42	N	CH2	RP	477	87BWY	626NZ	NA	NA	NA	3MPP	NA	5Y2Z9	Chelonoidis niger	Chelonoidis niger guntheri (Baur, 1889)	Chelonoidis guntheri	NA	EML	2026-09-07 00:06:33	2026-09-07 00:01:45	NA	TRUE	NA	NA	FALSE	LATIN_AMERICA	NORTH_AMERICA	ECU	Ecuador	ECU.9_1	Galápagos	ECU.9.1_1	Isabela	ECU.9.1.2_1	Tomas De Berlanga (Santo Tomas)	NA
543674476	NA	NA	NA	CC0_1_0	2024-01-04 14:21:00	California Academy of Sciences	NA	NA	NA	http://grbio.org/institution/california-academy-sciences	http://grscicoll.org/institutional-collection/herpetology-0	NA	CAS	HERP	NA	NA	PRESERVED_SPECIMEN	NA	NA	NA	urn:catalog:CAS:HERP:8397	8397	NA	J.R. Slevin and R.H. Beck	NA	NA	NA	NA	NA	Adult	NA	NA	NA	NA	NA	NA	NA	NA	PRESENT	Dry	NA	NA	NA	NA	NA	NA	Skull.	NA	NA	NA	NA	NA	NA	NA	NA	NA	NA	NA	NA	NA	NA	1906-08-24	NA	236	236	1906	8	24	24 Aug 1906	NA	NA	NA	NA	NA	NA	NA	NA	NA	South Pacific Ocean; Ecuador; Galapagos Prov.; Galapagos Ids.; Isabela Id.	SOUTH_AMERICA	South Pacific Ocean	Galapagos Ids.	Isabela Id.	EC	Galapagos Prov.	NA	NA	Villamil Mtn	Vilamil Mt. Albemarle Isl. Galapagos Arch.	NA	NA	NA	NA	NA	NA	NA	-0.841667	-91.163333	NA	NA	NA	NA	NA	NA	NA	NA	NA	NA	NA	Google Earth, 2013.	NA	NA	NA	NA	NA	NA	NA	NA	NA	NA	NA	NA	NA	NA	NA	NA	NA	NA	NA	NA	NA	NA	NA	NA	NA	NA	NA	NA	NA	NA	NA	3MPP	NA	NA	NA	NA	NA	Chelonoidis Fitzinger, 1835	NA	NA	NA	NA	NA	NA	Animalia; Chordata; Reptilia; Testudines; Testudinidae	Animalia	Chordata	Reptilia	Testudines	Testudinoidea	Testudinidae	NA	NA	NA	Chelonoidis	NA	NA	NA	NA	NA	NA	GENUS	NA	NA	NA	ACCEPTED	NA	NA	cece4fc2-1fec-4bb5-a335-7252548e3f0b	US	2026-09-07 00:06:33	NA	NA	NA	NA	NA	COORDINATE_ROUNDED;CONTINENT_DERIVED_FROM_COORDINATES	NA	COORDINATE_ROUNDED;CONTINENT_DERIVED_FROM_COORDINATES	StillImage	TRUE	FALSE	3MPP	3MPP	N	CH2	RP	477	87BWY	626NZ	NA	NA	NA	3MPP	NA	NA	NA	Chelonoidis Fitzinger, 1835	Chelonoidis	NA	EML	2026-09-07 00:06:33	2026-09-07 00:01:45	NA	TRUE	NA	NA	FALSE	LATIN_AMERICA	NORTH_AMERICA	ECU	Ecuador	ECU.9_1	Galápagos	ECU.9.1_1	Isabela	ECU.9.1.2_1	Tomas De Berlanga (Santo Tomas)	NA
543672366	NA	NA	NA	CC0_1_0	2024-01-04 14:21:00	California Academy of Sciences	NA	NA	NA	http://grbio.org/institution/california-academy-sciences	http://grscicoll.org/institutional-collection/herpetology-0	NA	CAS	HERP	NA	NA	PRESERVED_SPECIMEN	NA	NA	NA	urn:catalog:CAS:HERP:8207	8207	4013	J.R. Slevin	NA	NA	NA	NA	Male	Adult	NA	NA	NA	NA	NA	NA	NA	NA	PRESENT	Dry	NA	NA	NA	NA	NA	NA	Bought of Native Collector.  Killed on board.  Miscellaneous postcrania in skeletal collection.	NA	NA	NA	NA	NA	NA	NA	NA	NA	NA	NA	NA	NA	NA	1906-09-12	NA	255	255	1906	9	12	12 Sep 1906	NA	NA	NA	NA	NA	NA	NA	NA	NA	South Pacific Ocean; Ecuador; Galapagos Prov.; Galapagos Ids.; Isabela Id.	SOUTH_AMERICA	South Pacific Ocean	Galapagos Ids.	Isabela Id.	EC	Galapagos Prov.	NA	NA	vicinty of Villamil Mtn	Vic. Vilamil Mt., Albemarle Isl., Galapagos Arch.	NA	NA	NA	NA	NA	NA	NA	-0.911944	-91.123611	9656.08	NA	NA	NA	NA	NA	NA	NA	NA	NA	NA	Google Earth, 2013.	NA	NA	NA	NA	NA	NA	NA	NA	NA	NA	NA	NA	NA	NA	NA	NA	NA	NA	NA	NA	NA	NA	NA	NA	NA	NA	NA	NA	NA	NA	NA	C6Q49	NA	NA	NA	NA	NA	Chelonoidis vicina (Günther, 1875)	NA	NA	NA	NA	NA	NA	Animalia; Chordata; Reptilia; Testudines; Testudinidae	Animalia	Chordata	Reptilia	Testudines	Testudinoidea	Testudinidae	NA	NA	NA	Chelonoidis	Chelonoidis	NA	NA	vicina	NA	NA	SPECIES	NA	NA	NA	SYNONYM	NA	NA	cece4fc2-1fec-4bb5-a335-7252548e3f0b	US	2026-09-07 00:06:33	NA	NA	NA	NA	NA	COORDINATE_ROUNDED;CONTINENT_DERIVED_FROM_COORDINATES	NA	COORDINATE_ROUNDED;CONTINENT_DERIVED_FROM_COORDINATES	StillImage	TRUE	FALSE	TVLL	C6Q49	N	CH2	RP	477	87BWY	626NZ	NA	NA	NA	3MPP	NA	5Y2Z9	Chelonoidis niger	Chelonoidis niger vicina (Günther, 1874)	Chelonoidis vicina	NA	EML	2026-09-07 00:06:33	2026-09-07 00:01:45	NA	TRUE	NA	NA	FALSE	LATIN_AMERICA	NORTH_AMERICA	ECU	Ecuador	ECU.9_1	Galápagos	ECU.9.1_1	Isabela	ECU.9.1.2_1	Tomas De Berlanga (Santo Tomas)	NA
543672633	NA	NA	NA	CC0_1_0	2024-01-04 14:21:00	California Academy of Sciences	NA	NA	NA	http://grbio.org/institution/california-academy-sciences	http://grscicoll.org/institutional-collection/herpetology-0	NA	CAS	HERP	NA	NA	PRESERVED_SPECIMEN	NA	NA	NA	urn:catalog:CAS:HERP:8231	8231	4470	J.R. Slevin	NA	NA	NA	NA	Female	Adult	NA	NA	NA	NA	NA	NA	NA	NA	PRESENT	Dry	NA	NA	NA	NA	NA	NA	Bought of Native Collector.	NA	NA	NA	NA	NA	NA	NA	NA	NA	NA	NA	NA	NA	NA	1906-10-02	NA	275	275	1906	10	2	2 Oct 1906	NA	NA	NA	NA	NA	NA	NA	NA	NA	South Pacific Ocean; Ecuador; Galapagos Prov.; Galapagos Ids.; Isabela Id.	SOUTH_AMERICA	South Pacific Ocean	Galapagos Ids.	Isabela Id.	EC	Galapagos Prov.	NA	NA	Villamil Mtn	Vilamil Mt., Albemarle Isl., Galapagos Arch.	NA	NA	NA	NA	NA	NA	NA	-0.911944	-91.123611	9656.08	NA	NA	NA	NA	NA	NA	NA	NA	NA	NA	Google Earth, 2013.	NA	NA	NA	NA	NA	NA	NA	NA	NA	NA	NA	NA	NA	NA	NA	NA	NA	NA	NA	NA	NA	NA	NA	NA	NA	NA	NA	NA	NA	NA	NA	C6Q49	NA	NA	NA	NA	NA	Chelonoidis vicina (Günther, 1875)	NA	NA	NA	NA	NA	NA	Animalia; Chordata; Reptilia; Testudines; Testudinidae	Animalia	Chordata	Reptilia	Testudines	Testudinoidea	Testudinidae	NA	NA	NA	Chelonoidis	Chelonoidis	NA	NA	vicina	NA	NA	SPECIES	NA	NA	NA	SYNONYM	NA	NA	cece4fc2-1fec-4bb5-a335-7252548e3f0b	US	2026-09-07 00:06:33	NA	NA	NA	NA	NA	COORDINATE_ROUNDED;CONTINENT_DERIVED_FROM_COORDINATES	NA	COORDINATE_ROUNDED;CONTINENT_DERIVED_FROM_COORDINATES	StillImage	TRUE	FALSE	TVLL	C6Q49	N	CH2	RP	477	87BWY	626NZ	NA	NA	NA	3MPP	NA	5Y2Z9	Chelonoidis niger	Chelonoidis niger vicina (Günther, 1874)	Chelonoidis vicina	NA	EML	2026-09-07 00:06:33	2026-09-07 00:01:45	NA	TRUE	NA	NA	FALSE	LATIN_AMERICA	NORTH_AMERICA	ECU	Ecuador	ECU.9_1	Galápagos	ECU.9.1_1	Isabela	ECU.9.1.2_1	Tomas De Berlanga (Santo Tomas)	NA
543672877	NA	NA	NA	CC0_1_0	2024-01-04 14:21:00	California Academy of Sciences	NA	NA	NA	http://grbio.org/institution/california-academy-sciences	http://grscicoll.org/institutional-collection/herpetology-0	NA	CAS	HERP	NA	NA	PRESERVED_SPECIMEN	NA	NA	NA	urn:catalog:CAS:HERP:8253	8253	4494	J.R. Slevin	NA	NA	NA	NA	Female	Adult	NA	NA	NA	NA	NA	NA	NA	NA	PRESENT	Dry	NA	NA	NA	NA	NA	NA	Bought of Native Collector.	NA	NA	NA	NA	NA	NA	NA	NA	NA	NA	NA	NA	NA	NA	1906-10-10	NA	283	283	1906	10	10	10 Oct 1906	NA	NA	NA	NA	NA	NA	NA	NA	NA	South Pacific Ocean; Ecuador; Galapagos Prov.; Galapagos Ids.; Isabela Id.	SOUTH_AMERICA	South Pacific Ocean	Galapagos Ids.	Isabela Id.	EC	Galapagos Prov.	NA	NA	Villamil Mtn	Vilamil Mt., Albemarle Isl., Galapagos Arch.	NA	NA	NA	NA	NA	NA	NA	-0.911944	-91.123611	9656.08	NA	NA	NA	NA	NA	NA	NA	NA	NA	NA	Google Earth, 2013.	NA	NA	NA	NA	NA	NA	NA	NA	NA	NA	NA	NA	NA	NA	NA	NA	NA	NA	NA	NA	NA	NA	NA	NA	NA	NA	NA	NA	NA	NA	NA	C6Q49	NA	NA	NA	NA	NA	Chelonoidis vicina (Günther, 1875)	NA	NA	NA	NA	NA	NA	Animalia; Chordata; Reptilia; Testudines; Testudinidae	Animalia	Chordata	Reptilia	Testudines	Testudinoidea	Testudinidae	NA	NA	NA	Chelonoidis	Chelonoidis	NA	NA	vicina	NA	NA	SPECIES	NA	NA	NA	SYNONYM	NA	NA	cece4fc2-1fec-4bb5-a335-7252548e3f0b	US	2026-09-07 00:06:33	NA	NA	NA	NA	NA	COORDINATE_ROUNDED;CONTINENT_DERIVED_FROM_COORDINATES	NA	COORDINATE_ROUNDED;CONTINENT_DERIVED_FROM_COORDINATES	StillImage	TRUE	FALSE	TVLL	C6Q49	N	CH2	RP	477	87BWY	626NZ	NA	NA	NA	3MPP	NA	5Y2Z9	Chelonoidis niger	Chelonoidis niger vicina (Günther, 1874)	Chelonoidis vicina	NA	EML	2026-09-07 00:06:33	2026-09-07 00:01:45	NA	TRUE	NA	NA	FALSE	LATIN_AMERICA	NORTH_AMERICA	ECU	Ecuador	ECU.9_1	Galápagos	ECU.9.1_1	Isabela	ECU.9.1.2_1	Tomas De Berlanga (Santo Tomas)	NA
543671266	NA	NA	NA	CC0_1_0	2024-01-04 14:21:00	California Academy of Sciences	NA	NA	NA	http://grbio.org/institution/california-academy-sciences	http://grscicoll.org/institutional-collection/herpetology-0	NA	CAS	HERP	NA	NA	PRESERVED_SPECIMEN	NA	NA	NA	urn:catalog:CAS:HERP:8108	8108	3979	R.H. Beck	NA	NA	NA	NA	Male	Adult	NA	NA	NA	NA	NA	NA	NA	NA	PRESENT	Dry	NA	NA	NA	NA	NA	NA	Holotype of Testudo darwini Van Denburgh, 1907.  Mounted specimen. Skull and cervical vertebrae in skeletal collection.  Slevin's notes give locality as 'James Island about 5 miles NW of Sullivan Bay and 5 miles inland; elevation by barmeter 650 ft.'	NA	NA	NA	NA	NA	NA	NA	NA	NA	NA	NA	NA	NA	NA	1906-07-31	NA	212	212	1906	7	31	31 Jul 1906	NA	NA	NA	NA	NA	NA	NA	NA	NA	South Pacific Ocean; Ecuador; Galapagos Prov.; Galapagos Ids.; San Salvador Id.	SOUTH_AMERICA	South Pacific Ocean	Galapagos Ids.	San Salvador Id.	EC	Galapagos Prov.	NA	NA	ca 5 mi NW of Sullivan Bay and 5 mi inland	James Isl. Galapagos Archipelago	650 ft	NA	NA	NA	NA	NA	NA	-0.257931	-90.662006	NA	NA	NA	NA	NA	NA	NA	NA	NA	NA	NA	Google Earth, 2013.	NA	NA	NA	NA	NA	NA	NA	NA	NA	NA	NA	NA	NA	NA	NA	NA	NA	NA	NA	NA	NA	NA	Holotype	J. Van Denburgh	NA	1907-12-20	NA	NA	NA	NA	NA	C6Q3X	NA	NA	NA	NA	NA	Chelonoidis darwini (Van Denburgh, 1907)	NA	NA	NA	NA	NA	NA	Animalia; Chordata; Reptilia; Testudines; Testudinidae	Animalia	Chordata	Reptilia	Testudines	Testudinoidea	Testudinidae	NA	NA	NA	Chelonoidis	Chelonoidis	NA	NA	darwini	NA	NA	SPECIES	NA	NA	NA	SYNONYM	NA	NA	cece4fc2-1fec-4bb5-a335-7252548e3f0b	US	2026-09-07 00:06:33	198.12	NA	NA	NA	NA	COORDINATE_ROUNDED;CONTINENT_DERIVED_FROM_COORDINATES	NA	COORDINATE_ROUNDED;CONTINENT_DERIVED_FROM_COORDINATES	StillImage	TRUE	FALSE	TVL7	C6Q3X	N	CH2	RP	477	87BWY	626NZ	NA	NA	NA	3MPP	NA	5Y2Z9	Chelonoidis niger	Chelonoidis niger darwini (Van Denburgh, 1907)	Chelonoidis darwini	NA	EML	2026-09-07 00:06:33	2026-09-07 00:01:45	NA	TRUE	NA	NA	FALSE	LATIN_AMERICA	NORTH_AMERICA	ECU	Ecuador	ECU.9_1	Galápagos	ECU.9.3_1	Santa Cruz	ECU.9.3.1_1	Bellavista	NA
543671322	NA	NA	NA	CC0_1_0	2024-01-04 14:21:00	California Academy of Sciences	NA	NA	NA	http://grbio.org/institution/california-academy-sciences	http://grscicoll.org/institutional-collection/herpetology-0	NA	CAS	HERP	NA	NA	PRESERVED_SPECIMEN	NA	NA	NA	urn:catalog:CAS:HERP:8113	8113	NA	R.H. Beck	NA	NA	NA	NA	NA	Adult	NA	NA	NA	NA	NA	NA	NA	NA	PRESENT	Dry	NA	NA	NA	NA	NA	NA	Miscellaneous postcrania in skeletal collection.	NA	NA	NA	NA	NA	NA	NA	NA	NA	NA	NA	NA	NA	NA	1906-09-21	NA	264	264	1906	9	21	21 Sep 1906	NA	NA	NA	NA	NA	NA	NA	NA	NA	South Pacific Ocean; Ecuador; Galapagos Prov.; Galapagos Ids.; Pinta Id.	SOUTH_AMERICA	South Pacific Ocean	Galapagos Ids.	Pinta Id.	EC	Galapagos Prov.	NA	NA	NA	Abingdon Isl. Galapagos Archipelago	NA	NA	NA	NA	NA	NA	NA	0.581111	-90.753056	NA	NA	NA	NA	NA	NA	NA	NA	NA	NA	NA	Google Earth, 2013.	NA	NA	NA	NA	NA	NA	NA	NA	NA	NA	NA	NA	NA	NA	NA	NA	NA	NA	NA	NA	NA	NA	NA	NA	NA	NA	NA	NA	NA	NA	NA	C6Q3T	NA	NA	NA	NA	NA	Chelonoidis abingdonii (Günther, 1877)	NA	NA	NA	NA	NA	NA	Animalia; Chordata; Reptilia; Testudines; Testudinidae	Animalia	Chordata	Reptilia	Testudines	Testudinoidea	Testudinidae	NA	NA	NA	Chelonoidis	Chelonoidis	NA	NA	abingdonii	NA	NA	SPECIES	NA	NA	NA	SYNONYM	NA	NA	cece4fc2-1fec-4bb5-a335-7252548e3f0b	US	2026-09-07 00:06:33	NA	NA	NA	NA	NA	COORDINATE_ROUNDED;CONTINENT_DERIVED_FROM_COORDINATES	NA	COORDINATE_ROUNDED;CONTINENT_DERIVED_FROM_COORDINATES	StillImage	TRUE	FALSE	TVKZ	C6Q3T	N	CH2	RP	477	87BWY	626NZ	NA	NA	NA	3MPP	NA	5Y2Z9	Chelonoidis niger	Chelonoidis niger abingdonii (Günther, 1877)	Chelonoidis abingdonii	NA	EML	2026-09-07 00:06:33	2026-09-07 00:01:45	NA	TRUE	NA	NA	FALSE	LATIN_AMERICA	NORTH_AMERICA	ECU	Ecuador	ECU.9_1	Galápagos	ECU.9.3_1	Santa Cruz	ECU.9.3.3_1	Santa Rosa	NA
543673210	NA	NA	NA	CC0_1_0	2024-01-04 14:21:00	California Academy of Sciences	NA	NA	NA	http://grbio.org/institution/california-academy-sciences	http://grscicoll.org/institutional-collection/herpetology-0	NA	CAS	HERP	NA	NA	PRESERVED_SPECIMEN	NA	NA	NA	urn:catalog:CAS:HERP:8283	8283	2426	R.H. Beck	NA	NA	NA	NA	Female	NA	NA	NA	NA	NA	NA	NA	NA	NA	PRESENT	Alcohol	NA	NA	NA	NA	NA	NA	Exch. 8323 to E. Gerrard and Sons, 13 Apr 1915.	NA	NA	NA	NA	NA	NA	NA	NA	NA	NA	NA	NA	NA	NA	1906-01-17	NA	17	17	1906	1	17	17 Jan 1906	NA	NA	NA	NA	NA	NA	NA	NA	NA	South Pacific Ocean; Ecuador; Galapagos Prov.; Galapagos Ids.; Santa Cruz Id.	SOUTH_AMERICA	South Pacific Ocean	Galapagos Ids.	Santa Cruz Id.	EC	Galapagos Prov.	NA	NA	vicinity of Academy Bay	Indefatigable Isl., Galapagos Arch.  Vic. Academy Bay.	NA	NA	NA	NA	NA	NA	NA	-0.726389	-90.327639	NA	NA	NA	NA	NA	NA	NA	NA	NA	NA	NA	Google Earth, 2013.	NA	NA	NA	NA	NA	NA	NA	NA	NA	NA	NA	NA	NA	NA	NA	NA	NA	NA	NA	NA	NA	NA	NA	NA	NA	NA	NA	NA	NA	NA	NA	C6Q47	NA	NA	NA	NA	NA	Chelonoidis porteri (Rothschild, 1903)	NA	NA	NA	NA	NA	NA	Animalia; Chordata; Reptilia; Testudines; Testudinidae	Animalia	Chordata	Reptilia	Testudines	Testudinoidea	Testudinidae	NA	NA	NA	Chelonoidis	Chelonoidis	NA	NA	porteri	NA	NA	SPECIES	NA	NA	NA	SYNONYM	NA	NA	cece4fc2-1fec-4bb5-a335-7252548e3f0b	US	2026-09-07 00:06:33	NA	NA	NA	NA	NA	COORDINATE_ROUNDED;CONTINENT_DERIVED_FROM_COORDINATES	NA	COORDINATE_ROUNDED;CONTINENT_DERIVED_FROM_COORDINATES	StillImage	TRUE	FALSE	TVLK	C6Q47	N	CH2	RP	477	87BWY	626NZ	NA	NA	NA	3MPP	NA	5Y2Z9	Chelonoidis niger	Chelonoidis niger porteri (Rothschild, 1903)	Chelonoidis porteri	NA	EML	2026-09-07 00:06:33	2026-09-07 00:01:45	NA	TRUE	NA	NA	FALSE	LATIN_AMERICA	NORTH_AMERICA	ECU	Ecuador	ECU.9_1	Galápagos	ECU.9.3_1	Santa Cruz	ECU.9.3.1_1	Bellavista	NA
543672666	NA	NA	NA	CC0_1_0	2024-01-04 14:21:00	California Academy of Sciences	NA	NA	NA	http://grbio.org/institution/california-academy-sciences	http://grscicoll.org/institutional-collection/herpetology-0	NA	CAS	HERP	NA	NA	PRESERVED_SPECIMEN	NA	NA	NA	urn:catalog:CAS:HERP:8234	8234	4473	J.R. Slevin	NA	NA	NA	NA	Female	Adult	NA	NA	NA	NA	NA	NA	NA	NA	PRESENT	Dry	NA	NA	NA	NA	NA	NA	Bought of Native Collector.	NA	NA	NA	NA	NA	NA	NA	NA	NA	NA	NA	NA	NA	NA	1906-10-03	NA	276	276	1906	10	3	3 Oct 1906	NA	NA	NA	NA	NA	NA	NA	NA	NA	South Pacific Ocean; Ecuador; Galapagos Prov.; Galapagos Ids.; Isabela Id.	SOUTH_AMERICA	South Pacific Ocean	Galapagos Ids.	Isabela Id.	EC	Galapagos Prov.	NA	NA	Villamil Mtn	Vilamil Mt., Albemarle Isl., Galapagos Arch.	NA	NA	NA	NA	NA	NA	NA	-0.911944	-91.123611	9656.08	NA	NA	NA	NA	NA	NA	NA	NA	NA	NA	Google Earth, 2013.	NA	NA	NA	NA	NA	NA	NA	NA	NA	NA	NA	NA	NA	NA	NA	NA	NA	NA	NA	NA	NA	NA	NA	NA	NA	NA	NA	NA	NA	NA	NA	C6Q42	NA	NA	NA	NA	NA	Chelonoidis guntheri (Baur, 1889)	NA	NA	NA	NA	NA	NA	Animalia; Chordata; Reptilia; Testudines; Testudinidae	Animalia	Chordata	Reptilia	Testudines	Testudinoidea	Testudinidae	NA	NA	NA	Chelonoidis	Chelonoidis	NA	NA	guntheri	NA	NA	SPECIES	NA	NA	NA	SYNONYM	NA	NA	cece4fc2-1fec-4bb5-a335-7252548e3f0b	US	2026-09-07 00:06:38	NA	NA	NA	NA	NA	COORDINATE_ROUNDED;CONTINENT_DERIVED_FROM_COORDINATES	NA	COORDINATE_ROUNDED;CONTINENT_DERIVED_FROM_COORDINATES	StillImage	TRUE	FALSE	8GPG2	C6Q42	N	CH2	RP	477	87BWY	626NZ	NA	NA	NA	3MPP	NA	5Y2Z9	Chelonoidis niger	Chelonoidis niger guntheri (Baur, 1889)	Chelonoidis guntheri	NA	EML	2026-09-07 00:06:38	2026-09-07 00:01:45	NA	TRUE	NA	NA	FALSE	LATIN_AMERICA	NORTH_AMERICA	ECU	Ecuador	ECU.9_1	Galápagos	ECU.9.1_1	Isabela	ECU.9.1.2_1	Tomas De Berlanga (Santo Tomas)	NA
543671799	NA	NA	NA	CC0_1_0	2024-01-04 14:21:00	California Academy of Sciences	NA	NA	NA	http://grbio.org/institution/california-academy-sciences	http://grscicoll.org/institutional-collection/herpetology-0	NA	CAS	HERP	NA	NA	PRESERVED_SPECIMEN	NA	NA	NA	urn:catalog:CAS:HERP:8156	8156	4466	R.H. Beck	NA	NA	NA	NA	Male	Juvenile	NA	NA	NA	NA	NA	NA	NA	NA	PRESENT	Dry	NA	NA	NA	NA	NA	NA	Died on board 1 Oct. 1906.	NA	NA	NA	NA	NA	NA	NA	NA	NA	NA	NA	NA	NA	NA	1906-03-29	NA	88	88	1906	3	29	29 Mar 1906	NA	NA	NA	NA	NA	NA	NA	NA	NA	South Pacific Ocean; Ecuador; Galapagos Prov.; Galapagos Ids.; Isabela Id.	SOUTH_AMERICA	South Pacific Ocean	Galapagos Ids.	Isabela Id.	EC	Galapagos Prov.	NA	NA	Tagus Cove	Tagus Cove, Albemarle Isl. Galapagos Arch.	NA	NA	NA	NA	NA	NA	NA	-0.256389	-91.337778	NA	NA	NA	NA	NA	NA	NA	NA	NA	NA	NA	Google Earth, 2013.	NA	NA	NA	NA	NA	NA	NA	NA	NA	NA	NA	NA	NA	NA	NA	NA	NA	NA	NA	NA	NA	NA	NA	NA	NA	NA	NA	NA	NA	NA	NA	C6Q44	NA	NA	NA	NA	NA	Chelonoidis microphyes (Günther, 1875)	NA	NA	NA	NA	NA	NA	Animalia; Chordata; Reptilia; Testudines; Testudinidae	Animalia	Chordata	Reptilia	Testudines	Testudinoidea	Testudinidae	NA	NA	NA	Chelonoidis	Chelonoidis	NA	NA	microphyes	NA	NA	SPECIES	NA	NA	NA	SYNONYM	NA	NA	cece4fc2-1fec-4bb5-a335-7252548e3f0b	US	2026-09-07 00:06:41	NA	NA	NA	NA	NA	COORDINATE_ROUNDED;CONTINENT_DERIVED_FROM_COORDINATES	NA	COORDINATE_ROUNDED;CONTINENT_DERIVED_FROM_COORDINATES	StillImage	TRUE	FALSE	8GPG3	C6Q44	N	CH2	RP	477	87BWY	626NZ	NA	NA	NA	3MPP	NA	5Y2Z9	Chelonoidis niger	Chelonoidis niger microphyes (Günther, 1875)	Chelonoidis microphyes	NA	EML	2026-09-07 00:06:41	2026-09-07 00:01:45	NA	TRUE	NA	NA	FALSE	LATIN_AMERICA	NORTH_AMERICA	ECU	Ecuador	ECU.9_1	Galápagos	ECU.9.1_1	Isabela	ECU.9.1.2_1	Tomas De Berlanga (Santo Tomas)	NA
543673066	NA	NA	NA	CC0_1_0	2024-01-04 14:21:00	California Academy of Sciences	NA	NA	NA	http://grbio.org/institution/california-academy-sciences	http://grscicoll.org/institutional-collection/herpetology-0	NA	CAS	HERP	NA	NA	PRESERVED_SPECIMEN	NA	NA	NA	urn:catalog:CAS:HERP:8270	8270	R.X.	J.R. Slevin	NA	NA	NA	NA	Female	Adult	NA	NA	NA	NA	NA	NA	NA	NA	PRESENT	Dry	NA	NA	NA	NA	NA	NA	Died in San Francisco Jan 1907.  Bought of Native Collector.	NA	NA	NA	NA	NA	NA	NA	NA	NA	NA	NA	NA	NA	NA	1906-08-01	NA	213	213	1906	8	1	1 Aug-4 Sep 1906	NA	NA	NA	NA	NA	NA	NA	NA	NA	South Pacific Ocean; Ecuador; Galapagos Prov.; Galapagos Ids.; Isabela Id.	SOUTH_AMERICA	South Pacific Ocean	Galapagos Ids.	Isabela Id.	EC	Galapagos Prov.	NA	NA	vicinty of Villamil Mtn	Vic. Vilamil Mt., Albemarle Isl., Galapagos Arch.	NA	NA	NA	NA	NA	NA	NA	-0.911944	-91.123611	9656.08	NA	NA	NA	NA	NA	NA	NA	NA	NA	NA	Google Earth, 2013.	NA	NA	NA	NA	NA	NA	NA	NA	NA	NA	NA	NA	NA	NA	NA	NA	NA	NA	NA	NA	NA	NA	NA	NA	NA	NA	NA	NA	NA	NA	NA	C6Q49	NA	NA	NA	NA	NA	Chelonoidis vicina (Günther, 1875)	NA	NA	NA	NA	NA	NA	Animalia; Chordata; Reptilia; Testudines; Testudinidae	Animalia	Chordata	Reptilia	Testudines	Testudinoidea	Testudinidae	NA	NA	NA	Chelonoidis	Chelonoidis	NA	NA	vicina	NA	NA	SPECIES	NA	NA	NA	SYNONYM	NA	NA	cece4fc2-1fec-4bb5-a335-7252548e3f0b	US	2026-09-07 00:06:41	NA	NA	NA	NA	NA	COORDINATE_ROUNDED;CONTINENT_DERIVED_FROM_COORDINATES	NA	COORDINATE_ROUNDED;CONTINENT_DERIVED_FROM_COORDINATES	StillImage	TRUE	FALSE	TVLL	C6Q49	N	CH2	RP	477	87BWY	626NZ	NA	NA	NA	3MPP	NA	5Y2Z9	Chelonoidis niger	Chelonoidis niger vicina (Günther, 1874)	Chelonoidis vicina	NA	EML	2026-09-07 00:06:41	2026-09-07 00:01:45	NA	TRUE	NA	NA	FALSE	LATIN_AMERICA	NORTH_AMERICA	ECU	Ecuador	ECU.9_1	Galápagos	ECU.9.1_1	Isabela	ECU.9.1.2_1	Tomas De Berlanga (Santo Tomas)	NA
543675755	NA	NA	NA	CC0_1_0	2024-01-04 14:21:00	California Academy of Sciences	NA	NA	NA	http://grbio.org/institution/california-academy-sciences	http://grscicoll.org/institutional-collection/herpetology-0	NA	CAS	HERP	NA	NA	PRESERVED_SPECIMEN	NA	NA	NA	urn:catalog:CAS:HERP:8512	8512	NA	R.H. Beck	NA	NA	NA	NA	NA	NA	NA	NA	NA	NA	NA	NA	NA	NA	PRESENT	Dry	NA	NA	NA	NA	NA	NA	To #8526.	NA	NA	NA	NA	NA	NA	NA	NA	NA	NA	NA	NA	NA	NA	1906-07-16	NA	197	197	1906	7	16	16 Jul 1906	On small sand beach.	NA	NA	NA	NA	NA	NA	NA	NA	South Pacific Ocean; Ecuador; Galapagos Prov.; Galapagos Ids.; Santa Cruz Id.	SOUTH_AMERICA	South Pacific Ocean	Galapagos Ids.	Santa Cruz Id.	EC	Galapagos Prov.	NA	NA	Puerta de la Aguada	Indefatigable Isl. Galapagos Arch. On small Sand Beach, Puerta de la Aguada	NA	NA	NA	NA	NA	NA	NA	-0.747222	-90.308889	NA	NA	NA	NA	NA	NA	NA	NA	NA	NA	NA	Google Earth, 2013.	NA	NA	NA	NA	NA	NA	NA	NA	NA	NA	NA	NA	NA	NA	NA	NA	NA	NA	NA	NA	NA	NA	NA	NA	NA	NA	NA	NA	NA	NA	NA	TVGD	NA	NA	NA	NA	NA	Chelonia mydas (Linnaeus, 1758)	NA	NA	NA	NA	NA	NA	Animalia; Chordata; Reptilia; Testudines; Cheloniidae	Animalia	Chordata	Reptilia	Testudines	Chelonioidea	Cheloniidae	NA	NA	NA	Chelonia	Chelonia	NA	NA	mydas	NA	NA	SPECIES	NA	NA	NA	ACCEPTED	NA	NA	cece4fc2-1fec-4bb5-a335-7252548e3f0b	US	2026-09-07 00:06:41	NA	NA	NA	NA	NA	COORDINATE_ROUNDED;CONTINENT_DERIVED_FROM_COORDINATES	NA	COORDINATE_ROUNDED;CONTINENT_DERIVED_FROM_COORDINATES	StillImage	TRUE	FALSE	TVGD	TVGD	N	CH2	RP	477	87BWH	83J	NA	NA	NA	3MPC	NA	TVGD	Chelonia mydas	Chelonia mydas (Linnaeus, 1758)	Chelonia mydas	NA	EML	2026-09-07 00:06:41	2026-09-07 00:01:45	NA	TRUE	NA	NA	FALSE	LATIN_AMERICA	NORTH_AMERICA	NA	NA	NA	NA	NA	NA	NA	NA	LC
543672655	NA	NA	NA	CC0_1_0	2024-01-04 14:21:00	California Academy of Sciences	NA	NA	NA	http://grbio.org/institution/california-academy-sciences	http://grscicoll.org/institutional-collection/herpetology-0	NA	CAS	HERP	NA	NA	PRESERVED_SPECIMEN	NA	NA	NA	urn:catalog:CAS:HERP:8233	8233	4472	J.R. Slevin	NA	NA	NA	NA	Female	Adult	NA	NA	NA	NA	NA	NA	NA	NA	PRESENT	Dry	NA	NA	NA	NA	NA	NA	Bought of Native Collector.	NA	NA	NA	NA	NA	NA	NA	NA	NA	NA	NA	NA	NA	NA	1906-10-03	NA	276	276	1906	10	3	3 Oct 1906	NA	NA	NA	NA	NA	NA	NA	NA	NA	South Pacific Ocean; Ecuador; Galapagos Prov.; Galapagos Ids.; Isabela Id.	SOUTH_AMERICA	South Pacific Ocean	Galapagos Ids.	Isabela Id.	EC	Galapagos Prov.	NA	NA	Villamil Mtn	Vilamil Mt., Albemarle Isl., Galapagos Arch.	NA	NA	NA	NA	NA	NA	NA	-0.911944	-91.123611	9656.08	NA	NA	NA	NA	NA	NA	NA	NA	NA	NA	Google Earth, 2013.	NA	NA	NA	NA	NA	NA	NA	NA	NA	NA	NA	NA	NA	NA	NA	NA	NA	NA	NA	NA	NA	NA	NA	NA	NA	NA	NA	NA	NA	NA	NA	C6Q42	NA	NA	NA	NA	NA	Chelonoidis guntheri (Baur, 1889)	NA	NA	NA	NA	NA	NA	Animalia; Chordata; Reptilia; Testudines; Testudinidae	Animalia	Chordata	Reptilia	Testudines	Testudinoidea	Testudinidae	NA	NA	NA	Chelonoidis	Chelonoidis	NA	NA	guntheri	NA	NA	SPECIES	NA	NA	NA	SYNONYM	NA	NA	cece4fc2-1fec-4bb5-a335-7252548e3f0b	US	2026-09-07 00:06:37	NA	NA	NA	NA	NA	COORDINATE_ROUNDED;CONTINENT_DERIVED_FROM_COORDINATES	NA	COORDINATE_ROUNDED;CONTINENT_DERIVED_FROM_COORDINATES	StillImage	TRUE	FALSE	8GPG2	C6Q42	N	CH2	RP	477	87BWY	626NZ	NA	NA	NA	3MPP	NA	5Y2Z9	Chelonoidis niger	Chelonoidis niger guntheri (Baur, 1889)	Chelonoidis guntheri	NA	EML	2026-09-07 00:06:37	2026-09-07 00:01:45	NA	TRUE	NA	NA	FALSE	LATIN_AMERICA	NORTH_AMERICA	ECU	Ecuador	ECU.9_1	Galápagos	ECU.9.1_1	Isabela	ECU.9.1.2_1	Tomas De Berlanga (Santo Tomas)	NA
543672777	NA	NA	NA	CC0_1_0	2024-01-04 14:21:00	California Academy of Sciences	NA	NA	NA	http://grbio.org/institution/california-academy-sciences	http://grscicoll.org/institutional-collection/herpetology-0	NA	CAS	HERP	NA	NA	PRESERVED_SPECIMEN	NA	NA	NA	urn:catalog:CAS:HERP:8244	8244	4484	J.R. Slevin	NA	NA	NA	NA	Female	Adult	NA	NA	NA	NA	NA	NA	NA	NA	PRESENT	Dry	NA	NA	NA	NA	NA	NA	Bought of Native Collector.	NA	NA	NA	NA	NA	NA	NA	NA	NA	NA	NA	NA	NA	NA	1906-10-06	NA	279	279	1906	10	6	6 Oct 1906	NA	NA	NA	NA	NA	NA	NA	NA	NA	South Pacific Ocean; Ecuador; Galapagos Prov.; Galapagos Ids.; Isabela Id.	SOUTH_AMERICA	South Pacific Ocean	Galapagos Ids.	Isabela Id.	EC	Galapagos Prov.	NA	NA	Villamil Mtn	Vilamil Mt., Albemarle Isl., Galapagos Arch.	NA	NA	NA	NA	NA	NA	NA	-0.911944	-91.123611	9656.08	NA	NA	NA	NA	NA	NA	NA	NA	NA	NA	Google Earth, 2013.	NA	NA	NA	NA	NA	NA	NA	NA	NA	NA	NA	NA	NA	NA	NA	NA	NA	NA	NA	NA	NA	NA	NA	NA	NA	NA	NA	NA	NA	NA	NA	C6Q42	NA	NA	NA	NA	NA	Chelonoidis guntheri (Baur, 1889)	NA	NA	NA	NA	NA	NA	Animalia; Chordata; Reptilia; Testudines; Testudinidae	Animalia	Chordata	Reptilia	Testudines	Testudinoidea	Testudinidae	NA	NA	NA	Chelonoidis	Chelonoidis	NA	NA	guntheri	NA	NA	SPECIES	NA	NA	NA	SYNONYM	NA	NA	cece4fc2-1fec-4bb5-a335-7252548e3f0b	US	2026-09-07 00:06:37	NA	NA	NA	NA	NA	COORDINATE_ROUNDED;CONTINENT_DERIVED_FROM_COORDINATES	NA	COORDINATE_ROUNDED;CONTINENT_DERIVED_FROM_COORDINATES	StillImage	TRUE	FALSE	8GPG2	C6Q42	N	CH2	RP	477	87BWY	626NZ	NA	NA	NA	3MPP	NA	5Y2Z9	Chelonoidis niger	Chelonoidis niger guntheri (Baur, 1889)	Chelonoidis guntheri	NA	EML	2026-09-07 00:06:37	2026-09-07 00:01:45	NA	TRUE	NA	NA	FALSE	LATIN_AMERICA	NORTH_AMERICA	ECU	Ecuador	ECU.9_1	Galápagos	ECU.9.1_1	Isabela	ECU.9.1.2_1	Tomas De Berlanga (Santo Tomas)	NA
543674699	NA	NA	NA	CC0_1_0	2024-01-04 14:21:00	California Academy of Sciences	NA	NA	NA	http://grbio.org/institution/california-academy-sciences	http://grscicoll.org/institutional-collection/herpetology-0	NA	CAS	HERP	NA	NA	PRESERVED_SPECIMEN	NA	NA	NA	urn:catalog:CAS:HERP:8417	8417	NA	J.R. Slevin	NA	NA	NA	NA	Female	Adult	NA	NA	NA	NA	NA	NA	NA	NA	PRESENT	Dry	NA	NA	NA	NA	NA	NA	Died in San Francisco 17 Feb 1909.  Not in Paper.  Miscellaneous postcrania.	NA	NA	NA	NA	NA	NA	NA	NA	NA	NA	NA	NA	NA	NA	1906-08-01	NA	213	213	1906	8	1	1 Aug-14 Sep 1906	NA	NA	NA	NA	NA	NA	NA	NA	NA	South Pacific Ocean; Ecuador; Galapagos Prov.; Galapagos Ids.; Isabela Id.	SOUTH_AMERICA	South Pacific Ocean	Galapagos Ids.	Isabela Id.	EC	Galapagos Prov.	NA	NA	Villamil	Vilamil, Albemarle Isl., Galapagos Arch.	NA	NA	NA	NA	NA	NA	NA	-0.911944	-91.123611	9656.08	NA	NA	NA	NA	NA	NA	NA	NA	NA	NA	Google Earth, 2013.	NA	NA	NA	NA	NA	NA	NA	NA	NA	NA	NA	NA	NA	NA	NA	NA	NA	NA	NA	NA	NA	NA	NA	NA	NA	NA	NA	NA	NA	NA	NA	3MPP	NA	NA	NA	NA	NA	Chelonoidis Fitzinger, 1835	NA	NA	NA	NA	NA	NA	Animalia; Chordata; Reptilia; Testudines; Testudinidae	Animalia	Chordata	Reptilia	Testudines	Testudinoidea	Testudinidae	NA	NA	NA	Chelonoidis	NA	NA	NA	NA	NA	NA	GENUS	NA	NA	NA	ACCEPTED	NA	NA	cece4fc2-1fec-4bb5-a335-7252548e3f0b	US	2026-09-07 00:06:37	NA	NA	NA	NA	NA	COORDINATE_ROUNDED;CONTINENT_DERIVED_FROM_COORDINATES	NA	COORDINATE_ROUNDED;CONTINENT_DERIVED_FROM_COORDINATES	StillImage	TRUE	FALSE	3MPP	3MPP	N	CH2	RP	477	87BWY	626NZ	NA	NA	NA	3MPP	NA	NA	NA	Chelonoidis Fitzinger, 1835	Chelonoidis	NA	EML	2026-09-07 00:06:37	2026-09-07 00:01:45	NA	TRUE	NA	NA	FALSE	LATIN_AMERICA	NORTH_AMERICA	ECU	Ecuador	ECU.9_1	Galápagos	ECU.9.1_1	Isabela	ECU.9.1.2_1	Tomas De Berlanga (Santo Tomas)	NA
543671189	NA	NA	NA	CC0_1_0	2024-01-04 14:21:00	California Academy of Sciences	NA	NA	NA	http://grbio.org/institution/california-academy-sciences	http://grscicoll.org/institutional-collection/herpetology-0	NA	CAS	HERP	NA	NA	PRESERVED_SPECIMEN	NA	NA	NA	urn:catalog:CAS:HERP:8101	8101	3021	R.H. Beck	NA	NA	NA	NA	Male	Adult	NA	NA	NA	NA	NA	NA	NA	NA	PRESENT	Dry	NA	NA	NA	JN637228;JN637234;JN637294	NA	NA	Holotype of Testudo phantasticus Van Denburgh, 1907.  Mounted specimen.  Slevin's notes give locality as 'about 1200 ft up the mountain from Mangrove Pt.'	NA	NA	NA	NA	NA	NA	NA	NA	NA	NA	NA	NA	NA	NA	1906-04-05	NA	95	95	1906	4	5	5 Apr 1906	NA	NA	NA	NA	NA	NA	NA	NA	NA	South Pacific Ocean; Ecuador; Galapagos Prov.; Galapagos Ids.; Fernandina Id.	SOUTH_AMERICA	South Pacific Ocean	Galapagos Ids.	Fernandina Id.	EC	Galapagos Prov.	NA	NA	NA	Narborough Isl. Galapagos Archipelago	NA	NA	NA	NA	NA	NA	NA	-0.435083	-91.492639	NA	NA	NA	NA	NA	NA	NA	NA	NA	NA	NA	Google Earth, 2013.	NA	NA	NA	NA	NA	NA	NA	NA	NA	NA	NA	NA	NA	NA	NA	NA	NA	NA	NA	NA	NA	NA	Holotype	J. Van Denburgh	NA	1907-12-20	NA	NA	NA	NA	NA	C6Q46	NA	NA	NA	NA	NA	Chelonoidis phantastica (Van Denburgh, 1907)	NA	NA	NA	NA	NA	NA	Animalia; Chordata; Reptilia; Testudines; Testudinidae	Animalia	Chordata	Reptilia	Testudines	Testudinoidea	Testudinidae	NA	NA	NA	Chelonoidis	Chelonoidis	NA	NA	phantastica	NA	NA	SPECIES	NA	NA	NA	SYNONYM	NA	NA	cece4fc2-1fec-4bb5-a335-7252548e3f0b	US	2026-09-07 00:06:36	NA	NA	NA	NA	NA	COORDINATE_ROUNDED;CONTINENT_DERIVED_FROM_COORDINATES;TAXON_MATCH_FUZZY	NA	COORDINATE_ROUNDED;CONTINENT_DERIVED_FROM_COORDINATES	StillImage	TRUE	FALSE	TVLJ	C6Q46	N	CH2	RP	477	87BWY	626NZ	NA	NA	NA	3MPP	NA	5Y2Z9	Chelonoidis niger	Chelonoidis niger phantasticus (Van Denburgh, 1907)	Chelonoidis phantasticus	NA	EML	2026-09-07 00:06:36	2026-09-07 00:01:45	NA	TRUE	NA	NA	TRUE	LATIN_AMERICA	NORTH_AMERICA	ECU	Ecuador	ECU.9_1	Galápagos	ECU.9.1_1	Isabela	ECU.9.1.2_1	Tomas De Berlanga (Santo Tomas)	NA
543671499	NA	NA	NA	CC0_1_0	2024-01-04 14:21:00	California Academy of Sciences	NA	NA	NA	http://grbio.org/institution/california-academy-sciences	http://grscicoll.org/institutional-collection/herpetology-0	NA	CAS	HERP	NA	NA	PRESERVED_SPECIMEN	NA	NA	NA	urn:catalog:CAS:HERP:8129	8129	NA	J.R. Slevin and R.H. Beck	NA	NA	NA	NA	NA	Adult	NA	NA	NA	NA	NA	NA	NA	NA	PRESENT	Dry	NA	NA	NA	NA	NA	NA	Miscellaneous postcrania in skeletal collection.	NA	NA	NA	NA	NA	NA	NA	NA	NA	NA	NA	NA	NA	NA	1906-02-12	NA	43	43	1906	2	12	12-14 Feb 1906	NA	NA	NA	NA	NA	NA	NA	NA	NA	South Pacific Ocean; Ecuador; Galapagos Prov.; Galapagos Ids.; San Cristobal Id.	SOUTH_AMERICA	South Pacific Ocean	Galapagos Ids.	San Cristobal Id.	EC	Galapagos Prov.	NA	NA	NA	Chatham Island Galapagos Archipelago	NA	NA	NA	NA	NA	NA	NA	-0.808056	-89.454806	NA	NA	NA	NA	NA	NA	NA	NA	NA	NA	NA	Google Earth, 2013.	NA	NA	NA	NA	NA	NA	NA	NA	NA	NA	NA	NA	NA	NA	NA	NA	NA	NA	NA	NA	NA	NA	NA	NA	NA	NA	NA	NA	NA	NA	NA	C6Q3W	NA	NA	NA	NA	NA	Chelonoidis chathamensis (Van Denburgh, 1907)	NA	NA	NA	NA	NA	NA	Animalia; Chordata; Reptilia; Testudines; Testudinidae	Animalia	Chordata	Reptilia	Testudines	Testudinoidea	Testudinidae	NA	NA	NA	Chelonoidis	Chelonoidis	NA	NA	chathamensis	NA	NA	SPECIES	NA	NA	NA	SYNONYM	NA	NA	cece4fc2-1fec-4bb5-a335-7252548e3f0b	US	2026-09-07 00:06:36	NA	NA	NA	NA	NA	COORDINATE_ROUNDED;CONTINENT_DERIVED_FROM_COORDINATES	NA	COORDINATE_ROUNDED;CONTINENT_DERIVED_FROM_COORDINATES	StillImage	TRUE	FALSE	TVL5	C6Q3W	N	CH2	RP	477	87BWY	626NZ	NA	NA	NA	3MPP	NA	5Y2Z9	Chelonoidis niger	Chelonoidis niger chathamensis (Van Denburgh, 1907)	Chelonoidis chathamensis	NA	EML	2026-09-07 00:06:36	2026-09-07 00:01:45	NA	TRUE	NA	NA	FALSE	LATIN_AMERICA	NORTH_AMERICA	ECU	Ecuador	ECU.9_1	Galápagos	ECU.9.2_1	San Cristóbal	ECU.9.2.1_1	El Progreso	NA
543672132	NA	NA	NA	CC0_1_0	2024-01-04 14:21:00	California Academy of Sciences	NA	NA	NA	http://grbio.org/institution/california-academy-sciences	http://grscicoll.org/institutional-collection/herpetology-0	NA	CAS	HERP	NA	NA	PRESERVED_SPECIMEN	NA	NA	NA	urn:catalog:CAS:HERP:8186	8186	3184	E.S. King	NA	NA	NA	NA	Male	Adult	NA	NA	NA	NA	NA	NA	NA	NA	PRESENT	Dry	NA	NA	NA	NA	NA	NA	Miscellaneous postcrania.	NA	NA	NA	NA	NA	NA	NA	NA	NA	NA	NA	NA	NA	NA	1906-04-25	NA	115	115	1906	4	25	25 Apr 1906	NA	NA	NA	NA	NA	NA	NA	NA	NA	South Pacific Ocean; Ecuador; Galapagos Prov.; Galapagos Ids.; Isabela Id.	SOUTH_AMERICA	South Pacific Ocean	Galapagos Ids.	Isabela Id.	EC	Galapagos Prov.	NA	NA	Cobos Settlement, 'Bull beef' Anchorage	Cobos Settlement Albermarle Isl. Galapagos Arch.  'Bull beef' Anchorage.	NA	NA	NA	NA	NA	NA	NA	-1.004917	-91.093778	NA	NA	NA	NA	NA	NA	NA	NA	NA	NA	NA	Google Earth, 2013.	NA	NA	NA	NA	NA	NA	NA	NA	NA	NA	NA	NA	NA	NA	NA	NA	NA	NA	NA	NA	NA	NA	NA	NA	NA	NA	NA	NA	NA	NA	NA	C6Q49	NA	NA	NA	NA	NA	Chelonoidis vicina (Günther, 1875)	NA	NA	NA	NA	NA	NA	Animalia; Chordata; Reptilia; Testudines; Testudinidae	Animalia	Chordata	Reptilia	Testudines	Testudinoidea	Testudinidae	NA	NA	NA	Chelonoidis	Chelonoidis	NA	NA	vicina	NA	NA	SPECIES	NA	NA	NA	SYNONYM	NA	NA	cece4fc2-1fec-4bb5-a335-7252548e3f0b	US	2026-09-07 00:06:36	NA	NA	NA	NA	NA	COORDINATE_ROUNDED;CONTINENT_DERIVED_FROM_COORDINATES	NA	COORDINATE_ROUNDED;CONTINENT_DERIVED_FROM_COORDINATES	StillImage	TRUE	FALSE	TVLL	C6Q49	N	CH2	RP	477	87BWY	626NZ	NA	NA	NA	3MPP	NA	5Y2Z9	Chelonoidis niger	Chelonoidis niger vicina (Günther, 1874)	Chelonoidis vicina	NA	EML	2026-09-07 00:06:36	2026-09-07 00:01:45	NA	TRUE	NA	NA	FALSE	LATIN_AMERICA	NORTH_AMERICA	ECU	Ecuador	ECU.9_1	Galápagos	ECU.9.1_1	Isabela	ECU.9.1.2_1	Tomas De Berlanga (Santo Tomas)	NA
543674498	NA	NA	NA	CC0_1_0	2024-01-04 14:21:00	California Academy of Sciences	NA	NA	NA	http://grbio.org/institution/california-academy-sciences	http://grscicoll.org/institutional-collection/herpetology-0	NA	CAS	HERP	NA	NA	PRESERVED_SPECIMEN	NA	NA	NA	urn:catalog:CAS:HERP:8399	8399	NA	J.R. Slevin and R.H. Beck	NA	NA	NA	NA	NA	Adult	NA	NA	NA	NA	NA	NA	NA	NA	PRESENT	Dry	NA	NA	NA	NA	NA	NA	Skull.	NA	NA	NA	NA	NA	NA	NA	NA	NA	NA	NA	NA	NA	NA	1906-08-24	NA	236	236	1906	8	24	24 Aug 1906	NA	NA	NA	NA	NA	NA	NA	NA	NA	South Pacific Ocean; Ecuador; Galapagos Prov.; Galapagos Ids.; Isabela Id.	SOUTH_AMERICA	South Pacific Ocean	Galapagos Ids.	Isabela Id.	EC	Galapagos Prov.	NA	NA	Villamil Mtn	Vilamil Mt. Albemarle Isl. Galapagos Arch.	NA	NA	NA	NA	NA	NA	NA	-0.841667	-91.163333	NA	NA	NA	NA	NA	NA	NA	NA	NA	NA	NA	Google Earth, 2013.	NA	NA	NA	NA	NA	NA	NA	NA	NA	NA	NA	NA	NA	NA	NA	NA	NA	NA	NA	NA	NA	NA	NA	NA	NA	NA	NA	NA	NA	NA	NA	C6Q42	NA	NA	NA	NA	NA	Chelonoidis guntheri (Baur, 1889)	NA	NA	NA	NA	NA	NA	Animalia; Chordata; Reptilia; Testudines; Testudinidae	Animalia	Chordata	Reptilia	Testudines	Testudinoidea	Testudinidae	NA	NA	NA	Chelonoidis	Chelonoidis	NA	NA	guntheri	NA	NA	SPECIES	NA	NA	NA	SYNONYM	NA	NA	cece4fc2-1fec-4bb5-a335-7252548e3f0b	US	2026-09-07 00:06:36	NA	NA	NA	NA	NA	COORDINATE_ROUNDED;CONTINENT_DERIVED_FROM_COORDINATES	NA	COORDINATE_ROUNDED;CONTINENT_DERIVED_FROM_COORDINATES	StillImage	TRUE	FALSE	8GPG2	C6Q42	N	CH2	RP	477	87BWY	626NZ	NA	NA	NA	3MPP	NA	5Y2Z9	Chelonoidis niger	Chelonoidis niger guntheri (Baur, 1889)	Chelonoidis guntheri	NA	EML	2026-09-07 00:06:36	2026-09-07 00:01:45	NA	TRUE	NA	NA	FALSE	LATIN_AMERICA	NORTH_AMERICA	ECU	Ecuador	ECU.9_1	Galápagos	ECU.9.1_1	Isabela	ECU.9.1.2_1	Tomas De Berlanga (Santo Tomas)	NA
543671400	NA	NA	NA	CC0_1_0	2024-01-04 14:21:00	California Academy of Sciences	NA	NA	NA	http://grbio.org/institution/california-academy-sciences	http://grscicoll.org/institutional-collection/herpetology-0	NA	CAS	HERP	NA	NA	PRESERVED_SPECIMEN	NA	NA	NA	urn:catalog:CAS:HERP:8120	8120	NA	R.H. Beck	NA	NA	NA	NA	Female	NA	NA	NA	NA	NA	NA	NA	NA	NA	PRESENT	Dry	NA	NA	NA	NA	NA	NA	Skull in skeletal collection.	NA	NA	NA	NA	NA	NA	NA	NA	NA	NA	NA	NA	NA	NA	1906-04-13	NA	103	103	1906	4	13	13 Apr 1906	NA	NA	NA	NA	NA	NA	NA	NA	NA	South Pacific Ocean; Ecuador; Galapagos Prov.; Galapagos Ids.; Isabela Id.	SOUTH_AMERICA	South Pacific Ocean	Galapagos Ids.	Isabela Id.	EC	Galapagos Prov.	NA	NA	Banks Bay	Banks Bay, Albemarle Isl. Galapagos Archipelago	NA	NA	NA	NA	NA	NA	NA	-0.035833	-91.376111	NA	NA	NA	NA	NA	NA	NA	NA	NA	NA	NA	Google Earth, 2013.	NA	NA	NA	NA	NA	NA	NA	NA	NA	NA	NA	NA	NA	NA	NA	NA	NA	NA	NA	NA	NA	NA	NA	NA	NA	NA	NA	NA	NA	NA	NA	C6Q3V	NA	NA	NA	NA	NA	Chelonoidis becki (Rothschild, 1901)	NA	NA	NA	NA	NA	NA	Animalia; Chordata; Reptilia; Testudines; Testudinidae	Animalia	Chordata	Reptilia	Testudines	Testudinoidea	Testudinidae	NA	NA	NA	Chelonoidis	Chelonoidis	NA	NA	becki	NA	NA	SPECIES	NA	NA	NA	SYNONYM	NA	NA	cece4fc2-1fec-4bb5-a335-7252548e3f0b	US	2026-09-07 00:06:33	NA	NA	NA	NA	NA	COORDINATE_ROUNDED;CONTINENT_DERIVED_FROM_COORDINATES	NA	COORDINATE_ROUNDED;CONTINENT_DERIVED_FROM_COORDINATES	StillImage	TRUE	FALSE	TVL2	C6Q3V	N	CH2	RP	477	87BWY	626NZ	NA	NA	NA	3MPP	NA	5Y2Z9	Chelonoidis niger	Chelonoidis niger becki (Rothschild, 1901)	Chelonoidis becki	NA	EML	2026-09-07 00:06:33	2026-09-07 00:01:45	NA	TRUE	NA	NA	FALSE	LATIN_AMERICA	NORTH_AMERICA	ECU	Ecuador	ECU.9_1	Galápagos	ECU.9.1_1	Isabela	ECU.9.1.2_1	Tomas De Berlanga (Santo Tomas)	NA
543672344	NA	NA	NA	CC0_1_0	2024-01-04 14:21:00	California Academy of Sciences	NA	NA	NA	http://grbio.org/institution/california-academy-sciences	http://grscicoll.org/institutional-collection/herpetology-0	NA	CAS	HERP	NA	NA	PRESERVED_SPECIMEN	NA	NA	NA	urn:catalog:CAS:HERP:8205	8205	4011	J.R. Slevin	NA	NA	NA	NA	Female	Adult	NA	NA	NA	NA	NA	NA	NA	NA	PRESENT	Dry	NA	NA	NA	NA	NA	NA	Bought of Native Collector.  Killed on board.  Miscellaneous postcrania in skeletal collection.	NA	NA	NA	NA	NA	NA	NA	NA	NA	NA	NA	NA	NA	NA	1906-09-10	NA	253	253	1906	9	10	10 Sep 1906	NA	NA	NA	NA	NA	NA	NA	NA	NA	South Pacific Ocean; Ecuador; Galapagos Prov.; Galapagos Ids.; Isabela Id.	SOUTH_AMERICA	South Pacific Ocean	Galapagos Ids.	Isabela Id.	EC	Galapagos Prov.	NA	NA	vicinty of Villamil Mtn	Vic. Vilamil Mt., Albemarle Isl., Galapagos Arch.	NA	NA	NA	NA	NA	NA	NA	-0.911944	-91.123611	9656.08	NA	NA	NA	NA	NA	NA	NA	NA	NA	NA	Google Earth, 2013.	NA	NA	NA	NA	NA	NA	NA	NA	NA	NA	NA	NA	NA	NA	NA	NA	NA	NA	NA	NA	NA	NA	NA	NA	NA	NA	NA	NA	NA	NA	NA	C6Q49	NA	NA	NA	NA	NA	Chelonoidis vicina (Günther, 1875)	NA	NA	NA	NA	NA	NA	Animalia; Chordata; Reptilia; Testudines; Testudinidae	Animalia	Chordata	Reptilia	Testudines	Testudinoidea	Testudinidae	NA	NA	NA	Chelonoidis	Chelonoidis	NA	NA	vicina	NA	NA	SPECIES	NA	NA	NA	SYNONYM	NA	NA	cece4fc2-1fec-4bb5-a335-7252548e3f0b	US	2026-09-07 00:06:33	NA	NA	NA	NA	NA	COORDINATE_ROUNDED;CONTINENT_DERIVED_FROM_COORDINATES	NA	COORDINATE_ROUNDED;CONTINENT_DERIVED_FROM_COORDINATES	StillImage	TRUE	FALSE	TVLL	C6Q49	N	CH2	RP	477	87BWY	626NZ	NA	NA	NA	3MPP	NA	5Y2Z9	Chelonoidis niger	Chelonoidis niger vicina (Günther, 1874)	Chelonoidis vicina	NA	EML	2026-09-07 00:06:33	2026-09-07 00:01:45	NA	TRUE	NA	NA	FALSE	LATIN_AMERICA	NORTH_AMERICA	ECU	Ecuador	ECU.9_1	Galápagos	ECU.9.1_1	Isabela	ECU.9.1.2_1	Tomas De Berlanga (Santo Tomas)	NA
543672177	NA	NA	NA	CC0_1_0	2024-01-04 14:21:00	California Academy of Sciences	NA	NA	NA	http://grbio.org/institution/california-academy-sciences	http://grscicoll.org/institutional-collection/herpetology-0	NA	CAS	HERP	NA	NA	PRESERVED_SPECIMEN	NA	NA	NA	urn:catalog:CAS:HERP:8190	8190	3985	J.R. Slevin	NA	NA	NA	NA	Female	Adult	NA	NA	NA	NA	NA	NA	NA	NA	PRESENT	Dry	NA	NA	NA	NA	NA	NA	Bought of Native Collector. Miscellaneous postcrania in Skel.	NA	NA	NA	NA	NA	NA	NA	NA	NA	NA	NA	NA	NA	NA	1906-08-24	NA	236	236	1906	8	24	24 Aug 1906	NA	NA	NA	NA	NA	NA	NA	NA	NA	South Pacific Ocean; Ecuador; Galapagos Prov.; Galapagos Ids.; Isabela Id.	SOUTH_AMERICA	South Pacific Ocean	Galapagos Ids.	Isabela Id.	EC	Galapagos Prov.	NA	NA	SW side of Villamil Mtn	Vilamil Mt., Albemarle Isl. Galapagos Arch.  South-west side.	NA	NA	NA	NA	NA	NA	NA	-0.841667	-91.163333	NA	NA	NA	NA	NA	NA	NA	NA	NA	NA	NA	Google Earth, 2013.	NA	NA	NA	NA	NA	NA	NA	NA	NA	NA	NA	NA	NA	NA	NA	NA	NA	NA	NA	NA	NA	NA	NA	NA	NA	NA	NA	NA	NA	NA	NA	C6Q42	NA	NA	NA	NA	NA	Chelonoidis guntheri (Baur, 1889)	NA	NA	NA	NA	NA	NA	Animalia; Chordata; Reptilia; Testudines; Testudinidae	Animalia	Chordata	Reptilia	Testudines	Testudinoidea	Testudinidae	NA	NA	NA	Chelonoidis	Chelonoidis	NA	NA	guntheri	NA	NA	SPECIES	NA	NA	NA	SYNONYM	NA	NA	cece4fc2-1fec-4bb5-a335-7252548e3f0b	US	2026-09-07 00:06:36	NA	NA	NA	NA	NA	COORDINATE_ROUNDED;CONTINENT_DERIVED_FROM_COORDINATES	NA	COORDINATE_ROUNDED;CONTINENT_DERIVED_FROM_COORDINATES	StillImage	TRUE	FALSE	8GPG2	C6Q42	N	CH2	RP	477	87BWY	626NZ	NA	NA	NA	3MPP	NA	5Y2Z9	Chelonoidis niger	Chelonoidis niger guntheri (Baur, 1889)	Chelonoidis guntheri	NA	EML	2026-09-07 00:06:36	2026-09-07 00:01:45	NA	TRUE	NA	NA	FALSE	LATIN_AMERICA	NORTH_AMERICA	ECU	Ecuador	ECU.9_1	Galápagos	ECU.9.1_1	Isabela	ECU.9.1.2_1	Tomas De Berlanga (Santo Tomas)	NA
543672311	NA	NA	NA	CC0_1_0	2024-01-04 14:21:00	California Academy of Sciences	NA	NA	NA	http://grbio.org/institution/california-academy-sciences	http://grscicoll.org/institutional-collection/herpetology-0	NA	CAS	HERP	NA	NA	PRESERVED_SPECIMEN	NA	NA	NA	urn:catalog:CAS:HERP:8202	8202	4001	J.R. Slevin	NA	NA	NA	NA	Female	Adult	NA	NA	NA	NA	NA	NA	NA	NA	PRESENT	Dry	NA	NA	NA	NA	NA	NA	Bought of Native Collector.  Miscellaneous postcrania in skeletal collection.	NA	NA	NA	NA	NA	NA	NA	NA	NA	NA	NA	NA	NA	NA	1906-09-06	NA	249	249	1906	9	6	6 Sep 1906	NA	NA	NA	NA	NA	NA	NA	NA	NA	South Pacific Ocean; Ecuador; Galapagos Prov.; Galapagos Ids.; Isabela Id.	SOUTH_AMERICA	South Pacific Ocean	Galapagos Ids.	Isabela Id.	EC	Galapagos Prov.	NA	NA	vicinty of Villamil Mtn	Vic. Vilamil Mt., Albemarle Isl., Galapagos Arch.	NA	NA	NA	NA	NA	NA	NA	-0.911944	-91.123611	9656.08	NA	NA	NA	NA	NA	NA	NA	NA	NA	NA	Google Earth, 2013.	NA	NA	NA	NA	NA	NA	NA	NA	NA	NA	NA	NA	NA	NA	NA	NA	NA	NA	NA	NA	NA	NA	NA	NA	NA	NA	NA	NA	NA	NA	NA	C6Q49	NA	NA	NA	NA	NA	Chelonoidis vicina (Günther, 1875)	NA	NA	NA	NA	NA	NA	Animalia; Chordata; Reptilia; Testudines; Testudinidae	Animalia	Chordata	Reptilia	Testudines	Testudinoidea	Testudinidae	NA	NA	NA	Chelonoidis	Chelonoidis	NA	NA	vicina	NA	NA	SPECIES	NA	NA	NA	SYNONYM	NA	NA	cece4fc2-1fec-4bb5-a335-7252548e3f0b	US	2026-09-07 00:06:36	NA	NA	NA	NA	NA	COORDINATE_ROUNDED;CONTINENT_DERIVED_FROM_COORDINATES	NA	COORDINATE_ROUNDED;CONTINENT_DERIVED_FROM_COORDINATES	StillImage	TRUE	FALSE	TVLL	C6Q49	N	CH2	RP	477	87BWY	626NZ	NA	NA	NA	3MPP	NA	5Y2Z9	Chelonoidis niger	Chelonoidis niger vicina (Günther, 1874)	Chelonoidis vicina	NA	EML	2026-09-07 00:06:36	2026-09-07 00:01:45	NA	TRUE	NA	NA	FALSE	LATIN_AMERICA	NORTH_AMERICA	ECU	Ecuador	ECU.9_1	Galápagos	ECU.9.1_1	Isabela	ECU.9.1.2_1	Tomas De Berlanga (Santo Tomas)	NA
543671488	NA	NA	NA	CC0_1_0	2024-01-04 14:21:00	California Academy of Sciences	NA	NA	NA	http://grbio.org/institution/california-academy-sciences	http://grscicoll.org/institutional-collection/herpetology-0	NA	CAS	HERP	NA	NA	PRESERVED_SPECIMEN	NA	NA	NA	urn:catalog:CAS:HERP:8128	8128	NA	J.R. Slevin and R.H. Beck	NA	NA	NA	NA	NA	Adult	NA	NA	NA	NA	NA	NA	NA	NA	PRESENT	Dry	NA	NA	NA	NA	NA	NA	Complete skeleton with skull in skeletal collection.	NA	NA	NA	NA	NA	NA	NA	NA	NA	NA	NA	NA	NA	NA	1906-02-12	NA	43	43	1906	2	12	12-14 Feb 1906	NA	NA	NA	NA	NA	NA	NA	NA	NA	South Pacific Ocean; Ecuador; Galapagos Prov.; Galapagos Ids.; San Cristobal Id.	SOUTH_AMERICA	South Pacific Ocean	Galapagos Ids.	San Cristobal Id.	EC	Galapagos Prov.	NA	NA	NA	Chatham Island Galapagos Archipelago	NA	NA	NA	NA	NA	NA	NA	-0.808056	-89.454806	NA	NA	NA	NA	NA	NA	NA	NA	NA	NA	NA	Google Earth, 2013.	NA	NA	NA	NA	NA	NA	NA	NA	NA	NA	NA	NA	NA	NA	NA	NA	NA	NA	NA	NA	NA	NA	NA	NA	NA	NA	NA	NA	NA	NA	NA	C6Q3W	NA	NA	NA	NA	NA	Chelonoidis chathamensis (Van Denburgh, 1907)	NA	NA	NA	NA	NA	NA	Animalia; Chordata; Reptilia; Testudines; Testudinidae	Animalia	Chordata	Reptilia	Testudines	Testudinoidea	Testudinidae	NA	NA	NA	Chelonoidis	Chelonoidis	NA	NA	chathamensis	NA	NA	SPECIES	NA	NA	NA	SYNONYM	NA	NA	cece4fc2-1fec-4bb5-a335-7252548e3f0b	US	2026-09-07 00:06:33	NA	NA	NA	NA	NA	COORDINATE_ROUNDED;CONTINENT_DERIVED_FROM_COORDINATES	NA	COORDINATE_ROUNDED;CONTINENT_DERIVED_FROM_COORDINATES	StillImage	TRUE	FALSE	TVL5	C6Q3W	N	CH2	RP	477	87BWY	626NZ	NA	NA	NA	3MPP	NA	5Y2Z9	Chelonoidis niger	Chelonoidis niger chathamensis (Van Denburgh, 1907)	Chelonoidis chathamensis	NA	EML	2026-09-07 00:06:33	2026-09-07 00:01:45	NA	TRUE	NA	NA	FALSE	LATIN_AMERICA	NORTH_AMERICA	ECU	Ecuador	ECU.9_1	Galápagos	ECU.9.2_1	San Cristóbal	ECU.9.2.1_1	El Progreso	NA
543675587	NA	NA	NA	CC0_1_0	2024-01-04 14:21:00	California Academy of Sciences	NA	NA	NA	http://grbio.org/institution/california-academy-sciences	http://grscicoll.org/institutional-collection/herpetology-0	NA	CAS	HERP	NA	NA	PRESERVED_SPECIMEN	NA	NA	NA	urn:catalog:CAS:HERP:8497	8497	3788	F.T. Nelson	NA	NA	NA	NA	Female	Adult	NA	NA	NA	NA	NA	NA	NA	NA	PRESENT	Dry	NA	NA	NA	NA	NA	NA	Killed 28 Jul 1906.	NA	NA	NA	NA	NA	NA	NA	NA	NA	NA	NA	NA	NA	NA	1906-07-24	NA	205	205	1906	7	24	24 Jul 1906	NA	NA	NA	NA	NA	NA	NA	NA	NA	South Pacific Ocean; Ecuador; Galapagos Prov.; Galapagos Ids.; Santa Cruz Id.	SOUTH_AMERICA	South Pacific Ocean	Galapagos Ids.	Santa Cruz Id.	EC	Galapagos Prov.	NA	NA	NA	Indefatigable Isl. Galapagos Arch.	NA	NA	NA	NA	NA	NA	NA	-0.561111	-90.528333	NA	NA	NA	NA	NA	NA	NA	NA	NA	NA	NA	Google Earth, 2013.	NA	NA	NA	NA	NA	NA	NA	NA	NA	NA	NA	NA	NA	NA	NA	NA	NA	NA	NA	NA	NA	NA	NA	NA	NA	NA	NA	NA	NA	NA	NA	TVGD	NA	NA	NA	NA	NA	Chelonia mydas (Linnaeus, 1758)	NA	NA	NA	NA	NA	NA	Animalia; Chordata; Reptilia; Testudines; Cheloniidae	Animalia	Chordata	Reptilia	Testudines	Chelonioidea	Cheloniidae	NA	NA	NA	Chelonia	Chelonia	NA	NA	mydas	NA	NA	SPECIES	NA	NA	NA	ACCEPTED	NA	NA	cece4fc2-1fec-4bb5-a335-7252548e3f0b	US	2026-09-07 00:06:38	NA	NA	NA	NA	NA	COORDINATE_ROUNDED;CONTINENT_DERIVED_FROM_COORDINATES	NA	COORDINATE_ROUNDED;CONTINENT_DERIVED_FROM_COORDINATES	StillImage	TRUE	FALSE	TVGD	TVGD	N	CH2	RP	477	87BWH	83J	NA	NA	NA	3MPC	NA	TVGD	Chelonia mydas	Chelonia mydas (Linnaeus, 1758)	Chelonia mydas	NA	EML	2026-09-07 00:06:38	2026-09-07 00:01:45	NA	TRUE	NA	NA	FALSE	LATIN_AMERICA	NORTH_AMERICA	ECU	Ecuador	ECU.9_1	Galápagos	ECU.9.3_1	Santa Cruz	ECU.9.3.3_1	Santa Rosa	LC
543671633	NA	NA	NA	CC0_1_0	2024-01-04 14:21:00	California Academy of Sciences	NA	NA	NA	http://grbio.org/institution/california-academy-sciences	http://grscicoll.org/institutional-collection/herpetology-0	NA	CAS	HERP	NA	NA	PRESERVED_SPECIMEN	NA	NA	NA	urn:catalog:CAS:HERP:8141	8141	3861	R.H. Beck	NA	NA	NA	NA	Female	Adult	NA	NA	NA	NA	NA	NA	NA	NA	PRESENT	Dry	NA	NA	NA	NA	NA	NA	Holotype of Testudo vandenburghi DeSola, 1930.  Skull separate.  Slevin's notes give elevation as 'about 2000 ft.'	NA	NA	NA	NA	NA	NA	NA	NA	NA	NA	NA	NA	NA	NA	1906-08-11	NA	223	223	1906	8	11	11 Aug 1906	NA	NA	NA	NA	NA	NA	NA	NA	NA	South Pacific Ocean; Ecuador; Galapagos Prov.; Galapagos Ids.; Isabela Id.	SOUTH_AMERICA	South Pacific Ocean	Galapagos Ids.	Isabela Id.	EC	Galapagos Prov.	NA	NA	Cowley Mt	Cowley Mt. Albemarle Isl. Galapagos Archipelago	ca 2000 ft	NA	NA	NA	NA	NA	NA	-0.456944	-91.050833	NA	NA	NA	NA	NA	NA	NA	NA	NA	NA	NA	Google Earth, 2013.	NA	NA	NA	NA	NA	NA	NA	NA	NA	NA	NA	NA	NA	NA	NA	NA	NA	NA	NA	NA	NA	NA	Holotype	R. DeSola	NA	1930-09-30	NA	NA	NA	NA	NA	C6Q48	NA	NA	NA	NA	NA	Chelonoidis vandenburghi (DeSola, 1930)	NA	NA	NA	NA	NA	NA	Animalia; Chordata; Reptilia; Testudines; Testudinidae	Animalia	Chordata	Reptilia	Testudines	Testudinoidea	Testudinidae	NA	NA	NA	Chelonoidis	Chelonoidis	NA	NA	vandenburghi	NA	NA	SPECIES	NA	NA	NA	SYNONYM	NA	NA	cece4fc2-1fec-4bb5-a335-7252548e3f0b	US	2026-09-07 00:06:33	609.6	NA	NA	NA	NA	COORDINATE_ROUNDED;CONTINENT_DERIVED_FROM_COORDINATES	NA	COORDINATE_ROUNDED;CONTINENT_DERIVED_FROM_COORDINATES	StillImage	TRUE	FALSE	8GPG4	C6Q48	N	CH2	RP	477	87BWY	626NZ	NA	NA	NA	3MPP	NA	5Y2Z9	Chelonoidis niger	Chelonoidis niger vandenburghi (Desola, 1930)	Chelonoidis vandenburghi	NA	EML	2026-09-07 00:06:33	2026-09-07 00:01:45	NA	TRUE	NA	NA	FALSE	LATIN_AMERICA	NORTH_AMERICA	ECU	Ecuador	ECU.9_1	Galápagos	ECU.9.1_1	Isabela	ECU.9.1.2_1	Tomas De Berlanga (Santo Tomas)	NA
543671899	NA	NA	NA	CC0_1_0	2024-01-04 14:21:00	California Academy of Sciences	NA	NA	NA	http://grbio.org/institution/california-academy-sciences	http://grscicoll.org/institutional-collection/herpetology-0	NA	CAS	HERP	NA	NA	PRESERVED_SPECIMEN	NA	NA	NA	urn:catalog:CAS:HERP:8165	8165	2940	E.S. King	NA	NA	NA	NA	Male	Adult	NA	NA	NA	NA	NA	NA	NA	NA	PRESENT	Dry	NA	NA	NA	NA	NA	NA	Miscellaneous postcrania.	NA	NA	NA	NA	NA	NA	NA	NA	NA	NA	NA	NA	NA	NA	1906-03-31	NA	90	90	1906	3	31	31 Mar 1906	NA	NA	NA	NA	NA	NA	NA	NA	NA	South Pacific Ocean; Ecuador; Galapagos Prov.; Galapagos Ids.; Isabela Id.	SOUTH_AMERICA	South Pacific Ocean	Galapagos Ids.	Isabela Id.	EC	Galapagos Prov.	NA	NA	Tagus Cove	Tagus Cove, Albemarle Isl. Galapagos Arch.	NA	NA	NA	NA	NA	NA	NA	-0.256389	-91.337778	NA	NA	NA	NA	NA	NA	NA	NA	NA	NA	NA	Google Earth, 2013.	NA	NA	NA	NA	NA	NA	NA	NA	NA	NA	NA	NA	NA	NA	NA	NA	NA	NA	NA	NA	NA	NA	NA	NA	NA	NA	NA	NA	NA	NA	NA	C6Q44	NA	NA	NA	NA	NA	Chelonoidis microphyes (Günther, 1875)	NA	NA	NA	NA	NA	NA	Animalia; Chordata; Reptilia; Testudines; Testudinidae	Animalia	Chordata	Reptilia	Testudines	Testudinoidea	Testudinidae	NA	NA	NA	Chelonoidis	Chelonoidis	NA	NA	microphyes	NA	NA	SPECIES	NA	NA	NA	SYNONYM	NA	NA	cece4fc2-1fec-4bb5-a335-7252548e3f0b	US	2026-09-07 00:06:33	NA	NA	NA	NA	NA	COORDINATE_ROUNDED;CONTINENT_DERIVED_FROM_COORDINATES	NA	COORDINATE_ROUNDED;CONTINENT_DERIVED_FROM_COORDINATES	StillImage	TRUE	FALSE	8GPG3	C6Q44	N	CH2	RP	477	87BWY	626NZ	NA	NA	NA	3MPP	NA	5Y2Z9	Chelonoidis niger	Chelonoidis niger microphyes (Günther, 1875)	Chelonoidis microphyes	NA	EML	2026-09-07 00:06:33	2026-09-07 00:01:45	NA	TRUE	NA	NA	FALSE	LATIN_AMERICA	NORTH_AMERICA	ECU	Ecuador	ECU.9_1	Galápagos	ECU.9.1_1	Isabela	ECU.9.1.2_1	Tomas De Berlanga (Santo Tomas)	NA
543672232	NA	NA	NA	CC0_1_0	2024-01-04 14:21:00	California Academy of Sciences	NA	NA	NA	http://grbio.org/institution/california-academy-sciences	http://grscicoll.org/institutional-collection/herpetology-0	NA	CAS	HERP	NA	NA	PRESERVED_SPECIMEN	NA	NA	NA	urn:catalog:CAS:HERP:8195	8195	3994	J.R. Slevin	NA	NA	NA	NA	Female	NA	NA	NA	NA	NA	NA	NA	NA	NA	PRESENT	Dry	NA	NA	NA	NA	NA	NA	Bought of Native Collector.  Miscellaneous postcrania in skeletal collection.	NA	NA	NA	NA	NA	NA	NA	NA	NA	NA	NA	NA	NA	NA	1906-08-31	NA	243	243	1906	8	31	31 Aug 1906	NA	NA	NA	NA	NA	NA	NA	NA	NA	South Pacific Ocean; Ecuador; Galapagos Prov.; Galapagos Ids.; Isabela Id.	SOUTH_AMERICA	South Pacific Ocean	Galapagos Ids.	Isabela Id.	EC	Galapagos Prov.	NA	NA	vicinty of Villamil Mtn	Vic. Vilamil Mt., Albemarle Isl. Galapagos Arch.	NA	NA	NA	NA	NA	NA	NA	-0.911944	-91.123611	9656.08	NA	NA	NA	NA	NA	NA	NA	NA	NA	NA	Google Earth, 2013.	NA	NA	NA	NA	NA	NA	NA	NA	NA	NA	NA	NA	NA	NA	NA	NA	NA	NA	NA	NA	NA	NA	NA	NA	NA	NA	NA	NA	NA	NA	NA	C6Q49	NA	NA	NA	NA	NA	Chelonoidis vicina (Günther, 1875)	NA	NA	NA	NA	NA	NA	Animalia; Chordata; Reptilia; Testudines; Testudinidae	Animalia	Chordata	Reptilia	Testudines	Testudinoidea	Testudinidae	NA	NA	NA	Chelonoidis	Chelonoidis	NA	NA	vicina	NA	NA	SPECIES	NA	NA	NA	SYNONYM	NA	NA	cece4fc2-1fec-4bb5-a335-7252548e3f0b	US	2026-09-07 00:06:33	NA	NA	NA	NA	NA	COORDINATE_ROUNDED;CONTINENT_DERIVED_FROM_COORDINATES	NA	COORDINATE_ROUNDED;CONTINENT_DERIVED_FROM_COORDINATES	StillImage	TRUE	FALSE	TVLL	C6Q49	N	CH2	RP	477	87BWY	626NZ	NA	NA	NA	3MPP	NA	5Y2Z9	Chelonoidis niger	Chelonoidis niger vicina (Günther, 1874)	Chelonoidis vicina	NA	EML	2026-09-07 00:06:33	2026-09-07 00:01:45	NA	TRUE	NA	NA	FALSE	LATIN_AMERICA	NORTH_AMERICA	ECU	Ecuador	ECU.9_1	Galápagos	ECU.9.1_1	Isabela	ECU.9.1.2_1	Tomas De Berlanga (Santo Tomas)	NA
543672533	NA	NA	NA	CC0_1_0	2024-01-04 14:21:00	California Academy of Sciences	NA	NA	NA	http://grbio.org/institution/california-academy-sciences	http://grscicoll.org/institutional-collection/herpetology-0	NA	CAS	HERP	NA	NA	PRESERVED_SPECIMEN	NA	NA	NA	urn:catalog:CAS:HERP:8222	8222	4460	J.R. Slevin	NA	NA	NA	NA	Male	Adult	NA	NA	NA	NA	NA	NA	NA	NA	PRESENT	Dry	NA	NA	NA	NA	NA	NA	Bought of Native Collector.  Miscellaneous postcrania.	NA	NA	NA	NA	NA	NA	NA	NA	NA	NA	NA	NA	NA	NA	1906-09-29	NA	272	272	1906	9	29	29 Sep 1906	NA	NA	NA	NA	NA	NA	NA	NA	NA	South Pacific Ocean; Ecuador; Galapagos Prov.; Galapagos Ids.; Isabela Id.	SOUTH_AMERICA	South Pacific Ocean	Galapagos Ids.	Isabela Id.	EC	Galapagos Prov.	NA	NA	Villamil Mtn	Vilamil Mt., Albemarle Isl., Galapagos Arch.	NA	NA	NA	NA	NA	NA	NA	-0.911944	-91.123611	9656.08	NA	NA	NA	NA	NA	NA	NA	NA	NA	NA	Google Earth, 2013.	NA	NA	NA	NA	NA	NA	NA	NA	NA	NA	NA	NA	NA	NA	NA	NA	NA	NA	NA	NA	NA	NA	NA	NA	NA	NA	NA	NA	NA	NA	NA	C6Q49	NA	NA	NA	NA	NA	Chelonoidis vicina (Günther, 1875)	NA	NA	NA	NA	NA	NA	Animalia; Chordata; Reptilia; Testudines; Testudinidae	Animalia	Chordata	Reptilia	Testudines	Testudinoidea	Testudinidae	NA	NA	NA	Chelonoidis	Chelonoidis	NA	NA	vicina	NA	NA	SPECIES	NA	NA	NA	SYNONYM	NA	NA	cece4fc2-1fec-4bb5-a335-7252548e3f0b	US	2026-09-07 00:06:38	NA	NA	NA	NA	NA	COORDINATE_ROUNDED;CONTINENT_DERIVED_FROM_COORDINATES	NA	COORDINATE_ROUNDED;CONTINENT_DERIVED_FROM_COORDINATES	StillImage	TRUE	FALSE	TVLL	C6Q49	N	CH2	RP	477	87BWY	626NZ	NA	NA	NA	3MPP	NA	5Y2Z9	Chelonoidis niger	Chelonoidis niger vicina (Günther, 1874)	Chelonoidis vicina	NA	EML	2026-09-07 00:06:38	2026-09-07 00:01:45	NA	TRUE	NA	NA	FALSE	LATIN_AMERICA	NORTH_AMERICA	ECU	Ecuador	ECU.9_1	Galápagos	ECU.9.1_1	Isabela	ECU.9.1.2_1	Tomas De Berlanga (Santo Tomas)	NA
543675799	NA	NA	NA	CC0_1_0	2024-01-04 14:21:00	California Academy of Sciences	NA	NA	NA	http://grbio.org/institution/california-academy-sciences	http://grscicoll.org/institutional-collection/herpetology-0	NA	CAS	HERP	NA	NA	PRESERVED_SPECIMEN	NA	NA	NA	urn:catalog:CAS:HERP:8516	8516	NA	R.H. Beck	NA	NA	NA	NA	NA	Adult	NA	NA	NA	NA	NA	NA	NA	NA	PRESENT	Dry	NA	NA	NA	NA	NA	NA	Skull only.	NA	NA	NA	NA	NA	NA	NA	NA	NA	NA	NA	NA	NA	NA	1906-07-16	NA	197	197	1906	7	16	16 Jul 1906	NA	NA	NA	NA	NA	NA	NA	NA	NA	South Pacific Ocean; Ecuador; Galapagos Prov.; Galapagos Ids.; Santa Cruz Id.	SOUTH_AMERICA	South Pacific Ocean	Galapagos Ids.	Santa Cruz Id.	EC	Galapagos Prov.	NA	NA	NA	Indefatigable Isl. Galapagos Arch.	NA	NA	NA	NA	NA	NA	NA	-0.747222	-90.308889	NA	NA	NA	NA	NA	NA	NA	NA	NA	NA	NA	Google Earth, 2013.	NA	NA	NA	NA	NA	NA	NA	NA	NA	NA	NA	NA	NA	NA	NA	NA	NA	NA	NA	NA	NA	NA	NA	NA	NA	NA	NA	NA	NA	NA	NA	TVGD	NA	NA	NA	NA	NA	Chelonia mydas (Linnaeus, 1758)	NA	NA	NA	NA	NA	NA	Animalia; Chordata; Reptilia; Testudines; Cheloniidae	Animalia	Chordata	Reptilia	Testudines	Chelonioidea	Cheloniidae	NA	NA	NA	Chelonia	Chelonia	NA	NA	mydas	NA	NA	SPECIES	NA	NA	NA	ACCEPTED	NA	NA	cece4fc2-1fec-4bb5-a335-7252548e3f0b	US	2026-09-07 00:06:38	NA	NA	NA	NA	NA	COORDINATE_ROUNDED;CONTINENT_DERIVED_FROM_COORDINATES	NA	COORDINATE_ROUNDED;CONTINENT_DERIVED_FROM_COORDINATES	StillImage	TRUE	FALSE	TVGD	TVGD	N	CH2	RP	477	87BWH	83J	NA	NA	NA	3MPC	NA	TVGD	Chelonia mydas	Chelonia mydas (Linnaeus, 1758)	Chelonia mydas	NA	EML	2026-09-07 00:06:38	2026-09-07 00:01:45	NA	TRUE	NA	NA	FALSE	LATIN_AMERICA	NORTH_AMERICA	NA	NA	NA	NA	NA	NA	NA	NA	LC
543672300	NA	NA	NA	CC0_1_0	2024-01-04 14:21:00	California Academy of Sciences	NA	NA	NA	http://grbio.org/institution/california-academy-sciences	http://grscicoll.org/institutional-collection/herpetology-0	NA	CAS	HERP	NA	NA	PRESERVED_SPECIMEN	NA	NA	NA	urn:catalog:CAS:HERP:8201	8201	4000	J.R. Slevin	NA	NA	NA	NA	Female	Adult	NA	NA	NA	NA	NA	NA	NA	NA	PRESENT	Dry	NA	NA	NA	NA	NA	NA	Bought of Native Collector.  Miscellaneous postcrania in skeletal collection.	NA	NA	NA	NA	NA	NA	NA	NA	NA	NA	NA	NA	NA	NA	1906-09-03	NA	246	246	1906	9	3	3 Sep 1906	NA	NA	NA	NA	NA	NA	NA	NA	NA	South Pacific Ocean; Ecuador; Galapagos Prov.; Galapagos Ids.; Isabela Id.	SOUTH_AMERICA	South Pacific Ocean	Galapagos Ids.	Isabela Id.	EC	Galapagos Prov.	NA	NA	vicinty of Villamil Mtn	Vic. Vilamil Mt., Albemarle Isl., Galapagos Arch.	NA	NA	NA	NA	NA	NA	NA	-0.911944	-91.123611	9656.08	NA	NA	NA	NA	NA	NA	NA	NA	NA	NA	Google Earth, 2013.	NA	NA	NA	NA	NA	NA	NA	NA	NA	NA	NA	NA	NA	NA	NA	NA	NA	NA	NA	NA	NA	NA	NA	NA	NA	NA	NA	NA	NA	NA	NA	C6Q49	NA	NA	NA	NA	NA	Chelonoidis vicina (Günther, 1875)	NA	NA	NA	NA	NA	NA	Animalia; Chordata; Reptilia; Testudines; Testudinidae	Animalia	Chordata	Reptilia	Testudines	Testudinoidea	Testudinidae	NA	NA	NA	Chelonoidis	Chelonoidis	NA	NA	vicina	NA	NA	SPECIES	NA	NA	NA	SYNONYM	NA	NA	cece4fc2-1fec-4bb5-a335-7252548e3f0b	US	2026-09-07 00:06:33	NA	NA	NA	NA	NA	COORDINATE_ROUNDED;CONTINENT_DERIVED_FROM_COORDINATES	NA	COORDINATE_ROUNDED;CONTINENT_DERIVED_FROM_COORDINATES	StillImage	TRUE	FALSE	TVLL	C6Q49	N	CH2	RP	477	87BWY	626NZ	NA	NA	NA	3MPP	NA	5Y2Z9	Chelonoidis niger	Chelonoidis niger vicina (Günther, 1874)	Chelonoidis vicina	NA	EML	2026-09-07 00:06:33	2026-09-07 00:01:45	NA	TRUE	NA	NA	FALSE	LATIN_AMERICA	NORTH_AMERICA	ECU	Ecuador	ECU.9_1	Galápagos	ECU.9.1_1	Isabela	ECU.9.1.2_1	Tomas De Berlanga (Santo Tomas)	NA
543671588	NA	NA	NA	CC0_1_0	2024-01-04 14:21:00	California Academy of Sciences	NA	NA	NA	http://grbio.org/institution/california-academy-sciences	http://grscicoll.org/institutional-collection/herpetology-0	NA	CAS	HERP	NA	NA	PRESERVED_SPECIMEN	NA	NA	NA	urn:catalog:CAS:HERP:8137	8137	NA	R.H. Beck	NA	NA	NA	NA	NA	NA	NA	NA	NA	NA	NA	NA	NA	NA	PRESENT	Dry	NA	NA	NA	NA	NA	NA	Original number 'abcd.'  Miscellaneous postcrania in skeletal collection.	NA	NA	NA	NA	NA	NA	NA	NA	NA	NA	NA	NA	NA	NA	1906-06-27	NA	178	178	1906	6	27	27 Jun 1906	NA	NA	NA	NA	NA	NA	NA	NA	NA	South Pacific Ocean; Ecuador; Galapagos Prov.; Galapagos Ids.; Espanola Id.	SOUTH_AMERICA	South Pacific Ocean	Galapagos Ids.	Espanola Id.	EC	Galapagos Prov.	NA	NA	NA	Hood Isl. Galapagos Archipelago	NA	NA	NA	NA	NA	NA	NA	-1.361944	-89.723333	NA	NA	NA	NA	NA	NA	NA	NA	NA	NA	NA	Google Earth, 2013.	NA	NA	NA	NA	NA	NA	NA	NA	NA	NA	NA	NA	NA	NA	NA	NA	NA	NA	NA	NA	NA	NA	NA	NA	NA	NA	NA	NA	NA	NA	NA	C6Q43	NA	NA	NA	NA	NA	Chelonoidis hoodensis (Van Denburgh, 1907)	NA	NA	NA	NA	NA	NA	Animalia; Chordata; Reptilia; Testudines; Testudinidae	Animalia	Chordata	Reptilia	Testudines	Testudinoidea	Testudinidae	NA	NA	NA	Chelonoidis	Chelonoidis	NA	NA	hoodensis	NA	NA	SPECIES	NA	NA	NA	SYNONYM	NA	NA	cece4fc2-1fec-4bb5-a335-7252548e3f0b	US	2026-09-07 00:06:33	NA	NA	NA	NA	NA	COORDINATE_ROUNDED;CONTINENT_DERIVED_FROM_COORDINATES	NA	COORDINATE_ROUNDED;CONTINENT_DERIVED_FROM_COORDINATES	StillImage	TRUE	FALSE	TVLD	C6Q43	N	CH2	RP	477	87BWY	626NZ	NA	NA	NA	3MPP	NA	5Y2Z9	Chelonoidis niger	Chelonoidis niger hoodensis (Van Denburgh, 1907)	Chelonoidis hoodensis	NA	EML	2026-09-07 00:06:33	2026-09-07 00:01:45	NA	TRUE	NA	NA	FALSE	LATIN_AMERICA	NORTH_AMERICA	ECU	Ecuador	ECU.9_1	Galápagos	ECU.9.2_1	San Cristóbal	ECU.9.2.2_1	Isla Santa Mara (Floreana) (Cab.	NA
543674410	NA	NA	NA	CC0_1_0	2024-01-04 14:21:00	California Academy of Sciences	NA	NA	NA	http://grbio.org/institution/california-academy-sciences	http://grscicoll.org/institutional-collection/herpetology-0	NA	CAS	HERP	NA	NA	PRESERVED_SPECIMEN	NA	NA	NA	urn:catalog:CAS:HERP:8391	8391	3987?	J.R. Slevin	NA	NA	NA	NA	Male	Adult	NA	NA	NA	NA	NA	NA	NA	NA	PRESENT	Dry	NA	NA	NA	NA	NA	NA	NA	NA	NA	NA	NA	NA	NA	NA	NA	NA	NA	NA	NA	NA	NA	1906-08-25	NA	237	237	1906	8	25	25 Aug 1906	NA	NA	NA	NA	NA	NA	NA	NA	NA	South Pacific Ocean; Ecuador; Galapagos Prov.; Galapagos Ids.; Isabela Id.	SOUTH_AMERICA	South Pacific Ocean	Galapagos Ids.	Isabela Id.	EC	Galapagos Prov.	NA	NA	valley SW side of Villamil Mtn	Vilamil Mt., Albemarle Isl., Galapagos Arch.  Valley S.W. side of Vilamil Mt.	NA	NA	NA	NA	NA	NA	NA	-0.841667	-91.163333	NA	NA	NA	NA	NA	NA	NA	NA	NA	NA	NA	Google Earth, 2013.	NA	NA	NA	NA	NA	NA	NA	NA	NA	NA	NA	NA	NA	NA	NA	NA	NA	NA	NA	NA	NA	NA	NA	NA	NA	NA	NA	NA	NA	NA	NA	C6Q42	NA	NA	NA	NA	NA	Chelonoidis guntheri (Baur, 1889)	NA	NA	NA	NA	NA	NA	Animalia; Chordata; Reptilia; Testudines; Testudinidae	Animalia	Chordata	Reptilia	Testudines	Testudinoidea	Testudinidae	NA	NA	NA	Chelonoidis	Chelonoidis	NA	NA	guntheri	NA	NA	SPECIES	NA	NA	NA	SYNONYM	NA	NA	cece4fc2-1fec-4bb5-a335-7252548e3f0b	US	2026-09-07 00:06:33	NA	NA	NA	NA	NA	COORDINATE_ROUNDED;CONTINENT_DERIVED_FROM_COORDINATES	NA	COORDINATE_ROUNDED;CONTINENT_DERIVED_FROM_COORDINATES	StillImage	TRUE	FALSE	8GPG2	C6Q42	N	CH2	RP	477	87BWY	626NZ	NA	NA	NA	3MPP	NA	5Y2Z9	Chelonoidis niger	Chelonoidis niger guntheri (Baur, 1889)	Chelonoidis guntheri	NA	EML	2026-09-07 00:06:33	2026-09-07 00:01:45	NA	TRUE	NA	NA	FALSE	LATIN_AMERICA	NORTH_AMERICA	ECU	Ecuador	ECU.9_1	Galápagos	ECU.9.1_1	Isabela	ECU.9.1.2_1	Tomas De Berlanga (Santo Tomas)	NA
543674810	NA	NA	NA	CC0_1_0	2024-01-04 14:21:00	California Academy of Sciences	NA	NA	NA	http://grbio.org/institution/california-academy-sciences	http://grscicoll.org/institutional-collection/herpetology-0	NA	CAS	HERP	NA	NA	PRESERVED_SPECIMEN	NA	NA	NA	urn:catalog:CAS:HERP:8427	8427	NA	NA	NA	NA	NA	NA	NA	Egg	NA	NA	NA	NA	NA	NA	NA	NA	PRESENT	Dry	NA	NA	NA	NA	NA	NA	Seven eggs.  Orig. No. X.  Date given as end of Aug 1906.	NA	NA	NA	NA	NA	NA	NA	NA	NA	NA	NA	NA	NA	NA	1906-08	NA	NA	NA	1906	8	NA	Aug 1906	NA	NA	NA	NA	NA	NA	NA	NA	NA	South Pacific Ocean; Ecuador; Galapagos Prov.; Galapagos Ids.; Isabela Id.	SOUTH_AMERICA	South Pacific Ocean	Galapagos Ids.	Isabela Id.	EC	Galapagos Prov.	NA	NA	Villamil Mtn	Vilamil Mt., Albemarle Island, Galapagos Arch.	NA	NA	NA	NA	NA	NA	NA	-0.911944	-91.123611	9656.08	NA	NA	NA	NA	NA	NA	NA	NA	NA	NA	Google Earth, 2013.	NA	NA	NA	NA	NA	NA	NA	NA	NA	NA	NA	NA	NA	NA	NA	NA	NA	NA	NA	NA	NA	NA	NA	NA	NA	NA	NA	NA	NA	NA	NA	3MPP	NA	NA	NA	NA	NA	Chelonoidis Fitzinger, 1835	NA	NA	NA	NA	NA	NA	Animalia; Chordata; Reptilia; Testudines; Testudinidae	Animalia	Chordata	Reptilia	Testudines	Testudinoidea	Testudinidae	NA	NA	NA	Chelonoidis	NA	NA	NA	NA	NA	NA	GENUS	NA	NA	NA	ACCEPTED	NA	NA	cece4fc2-1fec-4bb5-a335-7252548e3f0b	US	2026-09-07 00:06:33	NA	NA	NA	NA	NA	COORDINATE_ROUNDED;CONTINENT_DERIVED_FROM_COORDINATES	NA	COORDINATE_ROUNDED;CONTINENT_DERIVED_FROM_COORDINATES	StillImage	TRUE	FALSE	3MPP	3MPP	N	CH2	RP	477	87BWY	626NZ	NA	NA	NA	3MPP	NA	NA	NA	Chelonoidis Fitzinger, 1835	Chelonoidis	NA	EML	2026-09-07 00:06:33	2026-09-07 00:01:45	NA	TRUE	NA	NA	FALSE	LATIN_AMERICA	NORTH_AMERICA	ECU	Ecuador	ECU.9_1	Galápagos	ECU.9.1_1	Isabela	ECU.9.1.2_1	Tomas De Berlanga (Santo Tomas)	NA
543672599	NA	NA	NA	CC0_1_0	2024-01-04 14:21:00	California Academy of Sciences	NA	NA	NA	http://grbio.org/institution/california-academy-sciences	http://grscicoll.org/institutional-collection/herpetology-0	NA	CAS	HERP	NA	NA	PRESERVED_SPECIMEN	NA	NA	NA	urn:catalog:CAS:HERP:8228	8228	4467	J.R. Slevin	NA	NA	NA	NA	NA	Adult	NA	NA	NA	NA	NA	NA	NA	NA	PRESENT	Dry	NA	NA	NA	NA	NA	NA	Bought of Native Collector.	NA	NA	NA	NA	NA	NA	NA	NA	NA	NA	NA	NA	NA	NA	1906-10-01	NA	274	274	1906	10	1	1 Oct 1906	NA	NA	NA	NA	NA	NA	NA	NA	NA	South Pacific Ocean; Ecuador; Galapagos Prov.; Galapagos Ids.; Isabela Id.	SOUTH_AMERICA	South Pacific Ocean	Galapagos Ids.	Isabela Id.	EC	Galapagos Prov.	NA	NA	Villamil Mtn	Vilamil Mt., Albemarle Isl., Galapagos Arch.	NA	NA	NA	NA	NA	NA	NA	-0.911944	-91.123611	9656.08	NA	NA	NA	NA	NA	NA	NA	NA	NA	NA	Google Earth, 2013.	NA	NA	NA	NA	NA	NA	NA	NA	NA	NA	NA	NA	NA	NA	NA	NA	NA	NA	NA	NA	NA	NA	NA	NA	NA	NA	NA	NA	NA	NA	NA	C6Q49	NA	NA	NA	NA	NA	Chelonoidis vicina (Günther, 1875)	NA	NA	NA	NA	NA	NA	Animalia; Chordata; Reptilia; Testudines; Testudinidae	Animalia	Chordata	Reptilia	Testudines	Testudinoidea	Testudinidae	NA	NA	NA	Chelonoidis	Chelonoidis	NA	NA	vicina	NA	NA	SPECIES	NA	NA	NA	SYNONYM	NA	NA	cece4fc2-1fec-4bb5-a335-7252548e3f0b	US	2026-09-07 00:06:33	NA	NA	NA	NA	NA	COORDINATE_ROUNDED;CONTINENT_DERIVED_FROM_COORDINATES	NA	COORDINATE_ROUNDED;CONTINENT_DERIVED_FROM_COORDINATES	StillImage	TRUE	FALSE	TVLL	C6Q49	N	CH2	RP	477	87BWY	626NZ	NA	NA	NA	3MPP	NA	5Y2Z9	Chelonoidis niger	Chelonoidis niger vicina (Günther, 1874)	Chelonoidis vicina	NA	EML	2026-09-07 00:06:33	2026-09-07 00:01:45	NA	TRUE	NA	NA	FALSE	LATIN_AMERICA	NORTH_AMERICA	ECU	Ecuador	ECU.9_1	Galápagos	ECU.9.1_1	Isabela	ECU.9.1.2_1	Tomas De Berlanga (Santo Tomas)	NA
543671255	NA	NA	NA	CC0_1_0	2024-01-04 14:21:00	California Academy of Sciences	NA	NA	NA	http://grbio.org/institution/california-academy-sciences	http://grscicoll.org/institutional-collection/herpetology-0	NA	CAS	HERP	NA	NA	PRESERVED_SPECIMEN	NA	NA	NA	urn:catalog:CAS:HERP:8107	8107	3980	R.H. Beck	NA	NA	NA	NA	Male	Adult	NA	NA	NA	NA	NA	NA	NA	NA	PRESENT	Dry	NA	NA	NA	NA	NA	NA	Slevin's notes give locality as 'James Island about 5 miles NW of Sullivan Bay and 5 miles inland; elevation by barmeter 650 ft.'	NA	NA	NA	NA	NA	NA	NA	NA	NA	NA	NA	NA	NA	NA	1906-08-03	NA	215	215	1906	8	3	3 Aug 1906	NA	NA	NA	NA	NA	NA	NA	NA	NA	South Pacific Ocean; Ecuador; Galapagos Prov.; Galapagos Ids.; San Salvador Id.	SOUTH_AMERICA	South Pacific Ocean	Galapagos Ids.	San Salvador Id.	EC	Galapagos Prov.	NA	NA	ca 5 mi NW of Sullivan Bay and 5 mi inland	James Isl. Galapagos Archipelago	650 ft	NA	NA	NA	NA	NA	NA	-0.257931	-90.662006	NA	NA	NA	NA	NA	NA	NA	NA	NA	NA	NA	Google Earth, 2013.	NA	NA	NA	NA	NA	NA	NA	NA	NA	NA	NA	NA	NA	NA	NA	NA	NA	NA	NA	NA	NA	NA	NA	NA	NA	NA	NA	NA	NA	NA	NA	C6Q3X	NA	NA	NA	NA	NA	Chelonoidis darwini (Van Denburgh, 1907)	NA	NA	NA	NA	NA	NA	Animalia; Chordata; Reptilia; Testudines; Testudinidae	Animalia	Chordata	Reptilia	Testudines	Testudinoidea	Testudinidae	NA	NA	NA	Chelonoidis	Chelonoidis	NA	NA	darwini	NA	NA	SPECIES	NA	NA	NA	SYNONYM	NA	NA	cece4fc2-1fec-4bb5-a335-7252548e3f0b	US	2026-09-07 00:06:33	198.12	NA	NA	NA	NA	COORDINATE_ROUNDED;CONTINENT_DERIVED_FROM_COORDINATES	NA	COORDINATE_ROUNDED;CONTINENT_DERIVED_FROM_COORDINATES	StillImage	TRUE	FALSE	TVL7	C6Q3X	N	CH2	RP	477	87BWY	626NZ	NA	NA	NA	3MPP	NA	5Y2Z9	Chelonoidis niger	Chelonoidis niger darwini (Van Denburgh, 1907)	Chelonoidis darwini	NA	EML	2026-09-07 00:06:33	2026-09-07 00:01:45	NA	TRUE	NA	NA	FALSE	LATIN_AMERICA	NORTH_AMERICA	ECU	Ecuador	ECU.9_1	Galápagos	ECU.9.3_1	Santa Cruz	ECU.9.3.1_1	Bellavista	NA
543671411	NA	NA	NA	CC0_1_0	2024-01-04 14:21:00	California Academy of Sciences	NA	NA	NA	http://grbio.org/institution/california-academy-sciences	http://grscicoll.org/institutional-collection/herpetology-0	NA	CAS	HERP	NA	NA	PRESERVED_SPECIMEN	NA	NA	NA	urn:catalog:CAS:HERP:8121	8121	NA	E.S. King	NA	NA	NA	NA	Male	Adult	NA	NA	NA	NA	NA	NA	NA	NA	PRESENT	Dry	NA	NA	NA	NA	NA	NA	Holotype of Testudo hoodensis Van Denburgh, 1907.  Died in San Francisco 16 Dec 1907.  Mounted specimen.  Skull and cervical vertebrae in skeletal collection.	NA	NA	NA	NA	NA	NA	NA	NA	NA	NA	NA	NA	NA	NA	1906-06-27	NA	178	178	1906	6	27	27 Jun 1906	NA	NA	NA	NA	NA	NA	NA	NA	NA	South Pacific Ocean; Ecuador; Galapagos Prov.; Galapagos Ids.; Espanola Id.	SOUTH_AMERICA	South Pacific Ocean	Galapagos Ids.	Espanola Id.	EC	Galapagos Prov.	NA	NA	NA	Hood Island Galapagos Archipelago	NA	NA	NA	NA	NA	NA	NA	-1.366389	-89.686389	NA	NA	NA	NA	NA	NA	NA	NA	NA	NA	NA	Google Earth, 2013.	NA	NA	NA	NA	NA	NA	NA	NA	NA	NA	NA	NA	NA	NA	NA	NA	NA	NA	NA	NA	NA	NA	Holotype	J. Van Denburgh	NA	1907-12-20	NA	NA	NA	NA	NA	C6Q43	NA	NA	NA	NA	NA	Chelonoidis hoodensis (Van Denburgh, 1907)	NA	NA	NA	NA	NA	NA	Animalia; Chordata; Reptilia; Testudines; Testudinidae	Animalia	Chordata	Reptilia	Testudines	Testudinoidea	Testudinidae	NA	NA	NA	Chelonoidis	Chelonoidis	NA	NA	hoodensis	NA	NA	SPECIES	NA	NA	NA	SYNONYM	NA	NA	cece4fc2-1fec-4bb5-a335-7252548e3f0b	US	2026-09-07 00:06:33	NA	NA	NA	NA	NA	COORDINATE_ROUNDED;CONTINENT_DERIVED_FROM_COORDINATES	NA	COORDINATE_ROUNDED;CONTINENT_DERIVED_FROM_COORDINATES	StillImage	TRUE	FALSE	TVLD	C6Q43	N	CH2	RP	477	87BWY	626NZ	NA	NA	NA	3MPP	NA	5Y2Z9	Chelonoidis niger	Chelonoidis niger hoodensis (Van Denburgh, 1907)	Chelonoidis hoodensis	NA	EML	2026-09-07 00:06:33	2026-09-07 00:01:45	NA	TRUE	NA	NA	FALSE	LATIN_AMERICA	NORTH_AMERICA	ECU	Ecuador	ECU.9_1	Galápagos	ECU.9.2_1	San Cristóbal	ECU.9.2.2_1	Isla Santa Mara (Floreana) (Cab.	NA
543673099	NA	NA	NA	CC0_1_0	2024-01-04 14:21:00	California Academy of Sciences	NA	NA	NA	http://grbio.org/institution/california-academy-sciences	http://grscicoll.org/institutional-collection/herpetology-0	NA	CAS	HERP	NA	NA	PRESERVED_SPECIMEN	NA	NA	NA	urn:catalog:CAS:HERP:8273	8273	NA	J.R. Slevin	NA	NA	NA	NA	NA	Juvenile	NA	NA	NA	NA	NA	NA	NA	NA	PRESENT	Alcohol	NA	NA	NA	NA	NA	NA	Died in San Francisco 6 Dec 1906.  Bought of Native Collector.	NA	NA	NA	NA	NA	NA	NA	NA	NA	NA	NA	NA	NA	NA	1906-10-04	NA	277	277	1906	10	4	4-13 Oct 1906	NA	NA	NA	NA	NA	NA	NA	NA	NA	South Pacific Ocean; Ecuador; Galapagos Prov.; Galapagos Ids.; Isabela Id.	SOUTH_AMERICA	South Pacific Ocean	Galapagos Ids.	Isabela Id.	EC	Galapagos Prov.	NA	NA	Villamil Mtn	Vilamil Mt., Albemarle Isl., Galapagos Arch.	NA	NA	NA	NA	NA	NA	NA	-0.911944	-91.123611	9656.08	NA	NA	NA	NA	NA	NA	NA	NA	NA	NA	Google Earth, 2013.	NA	NA	NA	NA	NA	NA	NA	NA	NA	NA	NA	NA	NA	NA	NA	NA	NA	NA	NA	NA	NA	NA	NA	NA	NA	NA	NA	NA	NA	NA	NA	C6Q49	NA	NA	NA	NA	NA	Chelonoidis vicina (Günther, 1875)	NA	NA	NA	NA	NA	NA	Animalia; Chordata; Reptilia; Testudines; Testudinidae	Animalia	Chordata	Reptilia	Testudines	Testudinoidea	Testudinidae	NA	NA	NA	Chelonoidis	Chelonoidis	NA	NA	vicina	NA	NA	SPECIES	NA	NA	NA	SYNONYM	NA	NA	cece4fc2-1fec-4bb5-a335-7252548e3f0b	US	2026-09-07 00:06:33	NA	NA	NA	NA	NA	COORDINATE_ROUNDED;CONTINENT_DERIVED_FROM_COORDINATES	NA	COORDINATE_ROUNDED;CONTINENT_DERIVED_FROM_COORDINATES	StillImage	TRUE	FALSE	TVLL	C6Q49	N	CH2	RP	477	87BWY	626NZ	NA	NA	NA	3MPP	NA	5Y2Z9	Chelonoidis niger	Chelonoidis niger vicina (Günther, 1874)	Chelonoidis cf. vicina	NA	EML	2026-09-07 00:06:33	2026-09-07 00:01:45	NA	TRUE	NA	NA	FALSE	LATIN_AMERICA	NORTH_AMERICA	ECU	Ecuador	ECU.9_1	Galápagos	ECU.9.1_1	Isabela	ECU.9.1.2_1	Tomas De Berlanga (Santo Tomas)	NA
543674666	NA	NA	NA	CC0_1_0	2024-01-04 14:21:00	California Academy of Sciences	NA	NA	NA	http://grbio.org/institution/california-academy-sciences	http://grscicoll.org/institutional-collection/herpetology-0	NA	CAS	HERP	NA	NA	PRESERVED_SPECIMEN	NA	NA	NA	urn:catalog:CAS:HERP:8414	8414	NA	J.R. Slevin and R.H. Beck	NA	NA	NA	NA	NA	Adult	NA	NA	NA	NA	NA	NA	NA	NA	PRESENT	Dry	NA	NA	NA	NA	NA	NA	Skull.	NA	NA	NA	NA	NA	NA	NA	NA	NA	NA	NA	NA	NA	NA	1906-08-24	NA	236	236	1906	8	24	24 Aug 1906	NA	NA	NA	NA	NA	NA	NA	NA	NA	South Pacific Ocean; Ecuador; Galapagos Prov.; Galapagos Ids.; Isabela Id.	SOUTH_AMERICA	South Pacific Ocean	Galapagos Ids.	Isabela Id.	EC	Galapagos Prov.	NA	NA	Villamil Mtn	Vilamil Mt. Albemarle Isl. Galapagos Arch.	NA	NA	NA	NA	NA	NA	NA	-0.841667	-91.163333	NA	NA	NA	NA	NA	NA	NA	NA	NA	NA	NA	Google Earth, 2013.	NA	NA	NA	NA	NA	NA	NA	NA	NA	NA	NA	NA	NA	NA	NA	NA	NA	NA	NA	NA	NA	NA	NA	NA	NA	NA	NA	NA	NA	NA	NA	3MPP	NA	NA	NA	NA	NA	Chelonoidis Fitzinger, 1835	NA	NA	NA	NA	NA	NA	Animalia; Chordata; Reptilia; Testudines; Testudinidae	Animalia	Chordata	Reptilia	Testudines	Testudinoidea	Testudinidae	NA	NA	NA	Chelonoidis	NA	NA	NA	NA	NA	NA	GENUS	NA	NA	NA	ACCEPTED	NA	NA	cece4fc2-1fec-4bb5-a335-7252548e3f0b	US	2026-09-07 00:06:33	NA	NA	NA	NA	NA	COORDINATE_ROUNDED;CONTINENT_DERIVED_FROM_COORDINATES	NA	COORDINATE_ROUNDED;CONTINENT_DERIVED_FROM_COORDINATES	StillImage	TRUE	FALSE	3MPP	3MPP	N	CH2	RP	477	87BWY	626NZ	NA	NA	NA	3MPP	NA	NA	NA	Chelonoidis Fitzinger, 1835	Chelonoidis	NA	EML	2026-09-07 00:06:33	2026-09-07 00:01:45	NA	TRUE	NA	NA	FALSE	LATIN_AMERICA	NORTH_AMERICA	ECU	Ecuador	ECU.9_1	Galápagos	ECU.9.1_1	Isabela	ECU.9.1.2_1	Tomas De Berlanga (Santo Tomas)	NA
543672254	NA	NA	NA	CC0_1_0	2024-01-04 14:21:00	California Academy of Sciences	NA	NA	NA	http://grbio.org/institution/california-academy-sciences	http://grscicoll.org/institutional-collection/herpetology-0	NA	CAS	HERP	NA	NA	PRESERVED_SPECIMEN	NA	NA	NA	urn:catalog:CAS:HERP:8197	8197	3996	J.R. Slevin	NA	NA	NA	NA	Female	Adult	NA	NA	NA	NA	NA	NA	NA	NA	PRESENT	Dry	NA	NA	NA	NA	NA	NA	Bought of Native Collector.  Miscellaneous postcrania in skeletal collection.	NA	NA	NA	NA	NA	NA	NA	NA	NA	NA	NA	NA	NA	NA	1906-08-31	NA	243	243	1906	8	31	31 Aug 1906	NA	NA	NA	NA	NA	NA	NA	NA	NA	South Pacific Ocean; Ecuador; Galapagos Prov.; Galapagos Ids.; Isabela Id.	SOUTH_AMERICA	South Pacific Ocean	Galapagos Ids.	Isabela Id.	EC	Galapagos Prov.	NA	NA	vicinty of Villamil Mtn	Vic. Vilamil Mt., Albemarle Isl., Galapagos Arch.	NA	NA	NA	NA	NA	NA	NA	-0.911944	-91.123611	9656.08	NA	NA	NA	NA	NA	NA	NA	NA	NA	NA	Google Earth, 2013.	NA	NA	NA	NA	NA	NA	NA	NA	NA	NA	NA	NA	NA	NA	NA	NA	NA	NA	NA	NA	NA	NA	NA	NA	NA	NA	NA	NA	NA	NA	NA	C6Q42	NA	NA	NA	NA	NA	Chelonoidis guntheri (Baur, 1889)	NA	NA	NA	NA	NA	NA	Animalia; Chordata; Reptilia; Testudines; Testudinidae	Animalia	Chordata	Reptilia	Testudines	Testudinoidea	Testudinidae	NA	NA	NA	Chelonoidis	Chelonoidis	NA	NA	guntheri	NA	NA	SPECIES	NA	NA	NA	SYNONYM	NA	NA	cece4fc2-1fec-4bb5-a335-7252548e3f0b	US	2026-09-07 00:06:33	NA	NA	NA	NA	NA	COORDINATE_ROUNDED;CONTINENT_DERIVED_FROM_COORDINATES	NA	COORDINATE_ROUNDED;CONTINENT_DERIVED_FROM_COORDINATES	StillImage	TRUE	FALSE	8GPG2	C6Q42	N	CH2	RP	477	87BWY	626NZ	NA	NA	NA	3MPP	NA	5Y2Z9	Chelonoidis niger	Chelonoidis niger guntheri (Baur, 1889)	Chelonoidis guntheri	NA	EML	2026-09-07 00:06:33	2026-09-07 00:01:45	NA	TRUE	NA	NA	FALSE	LATIN_AMERICA	NORTH_AMERICA	ECU	Ecuador	ECU.9_1	Galápagos	ECU.9.1_1	Isabela	ECU.9.1.2_1	Tomas De Berlanga (Santo Tomas)	NA
543674276	NA	NA	NA	CC0_1_0	2024-01-04 14:21:00	California Academy of Sciences	NA	NA	NA	http://grbio.org/institution/california-academy-sciences	http://grscicoll.org/institutional-collection/herpetology-0	NA	CAS	HERP	NA	NA	PRESERVED_SPECIMEN	NA	NA	NA	urn:catalog:CAS:HERP:8379	8379	NA	R.H. Beck	NA	NA	NA	NA	NA	NA	NA	NA	NA	NA	NA	NA	NA	NA	PRESENT	Dry	NA	NA	NA	NA	NA	NA	Picked up 14 Aug 1906.  Died 15 Aug 1906.	NA	NA	NA	NA	NA	NA	NA	NA	NA	NA	NA	NA	NA	NA	1906-08-14	NA	226	226	1906	8	14	14 Aug 1906	NA	NA	NA	NA	NA	NA	NA	NA	NA	South Pacific Ocean; Ecuador; Galapagos Prov.; Galapagos Ids.; Pinzon Id.	SOUTH_AMERICA	South Pacific Ocean	Galapagos Ids.	Pinzon Id.	EC	Galapagos Prov.	NA	NA	NA	Duncan Island, Galapagos Arch.	NA	NA	NA	NA	NA	NA	NA	-0.613056	-90.677778	NA	NA	NA	NA	NA	NA	NA	NA	NA	NA	NA	Google Earth, 2013.	NA	NA	NA	NA	NA	NA	NA	NA	NA	NA	NA	NA	NA	NA	NA	NA	NA	NA	NA	NA	NA	NA	NA	NA	NA	NA	NA	NA	NA	NA	NA	C6Q3Z	NA	NA	NA	NA	NA	Chelonoidis duncanensis (Pritchard, 1996)	NA	NA	NA	NA	NA	NA	Animalia; Chordata; Reptilia; Testudines; Testudinidae	Animalia	Chordata	Reptilia	Testudines	Testudinoidea	Testudinidae	NA	NA	NA	Chelonoidis	Chelonoidis	NA	NA	duncanensis	NA	NA	SPECIES	NA	NA	NA	SYNONYM	NA	NA	cece4fc2-1fec-4bb5-a335-7252548e3f0b	US	2026-09-07 00:06:33	NA	NA	NA	NA	NA	COORDINATE_ROUNDED;CONTINENT_DERIVED_FROM_COORDINATES	NA	COORDINATE_ROUNDED;CONTINENT_DERIVED_FROM_COORDINATES	StillImage	TRUE	FALSE	MVBKH	C6Q3Z	N	CH2	RP	477	87BWY	626NZ	NA	NA	NA	3MPP	NA	5Y2Z9	Chelonoidis niger	Chelonoidis niger duncanensis (Pritchard, 1996)	Chelonoidis duncanensis	NA	EML	2026-09-07 00:06:33	2026-09-07 00:01:45	NA	TRUE	NA	NA	FALSE	LATIN_AMERICA	NORTH_AMERICA	ECU	Ecuador	ECU.9_1	Galápagos	ECU.9.3_1	Santa Cruz	ECU.9.3.3_1	Santa Rosa	NA
543674577	NA	NA	NA	CC0_1_0	2024-01-04 14:21:00	California Academy of Sciences	NA	NA	NA	http://grbio.org/institution/california-academy-sciences	http://grscicoll.org/institutional-collection/herpetology-0	NA	CAS	HERP	NA	NA	PRESERVED_SPECIMEN	NA	NA	NA	urn:catalog:CAS:HERP:8406	8406	NA	J.R. Slevin and R.H. Beck	NA	NA	NA	NA	NA	Adult	NA	NA	NA	NA	NA	NA	NA	NA	PRESENT	Dry	NA	NA	NA	NA	NA	NA	Skull.	NA	NA	NA	NA	NA	NA	NA	NA	NA	NA	NA	NA	NA	NA	1906-08-24	NA	236	236	1906	8	24	24 Aug 1906	NA	NA	NA	NA	NA	NA	NA	NA	NA	South Pacific Ocean; Ecuador; Galapagos Prov.; Galapagos Ids.; Isabela Id.	SOUTH_AMERICA	South Pacific Ocean	Galapagos Ids.	Isabela Id.	EC	Galapagos Prov.	NA	NA	Villamil Mtn	Vilamil Mt. Albemarle Isl. Galapagos Arch.	NA	NA	NA	NA	NA	NA	NA	-0.841667	-91.163333	NA	NA	NA	NA	NA	NA	NA	NA	NA	NA	NA	Google Earth, 2013.	NA	NA	NA	NA	NA	NA	NA	NA	NA	NA	NA	NA	NA	NA	NA	NA	NA	NA	NA	NA	NA	NA	NA	NA	NA	NA	NA	NA	NA	NA	NA	C6Q42	NA	NA	NA	NA	NA	Chelonoidis guntheri (Baur, 1889)	NA	NA	NA	NA	NA	NA	Animalia; Chordata; Reptilia; Testudines; Testudinidae	Animalia	Chordata	Reptilia	Testudines	Testudinoidea	Testudinidae	NA	NA	NA	Chelonoidis	Chelonoidis	NA	NA	guntheri	NA	NA	SPECIES	NA	NA	NA	SYNONYM	NA	NA	cece4fc2-1fec-4bb5-a335-7252548e3f0b	US	2026-09-07 00:06:33	NA	NA	NA	NA	NA	COORDINATE_ROUNDED;CONTINENT_DERIVED_FROM_COORDINATES	NA	COORDINATE_ROUNDED;CONTINENT_DERIVED_FROM_COORDINATES	StillImage	TRUE	FALSE	8GPG2	C6Q42	N	CH2	RP	477	87BWY	626NZ	NA	NA	NA	3MPP	NA	5Y2Z9	Chelonoidis niger	Chelonoidis niger guntheri (Baur, 1889)	Chelonoidis guntheri	NA	EML	2026-09-07 00:06:33	2026-09-07 00:01:45	NA	TRUE	NA	NA	FALSE	LATIN_AMERICA	NORTH_AMERICA	ECU	Ecuador	ECU.9_1	Galápagos	ECU.9.1_1	Isabela	ECU.9.1.2_1	Tomas De Berlanga (Santo Tomas)	NA
543673966	NA	NA	NA	CC0_1_0	2024-01-04 14:21:00	California Academy of Sciences	NA	NA	NA	http://grbio.org/institution/california-academy-sciences	http://grscicoll.org/institutional-collection/herpetology-0	NA	CAS	HERP	NA	NA	PRESERVED_SPECIMEN	NA	NA	NA	urn:catalog:CAS:HERP:8351	8351	3970	R.H. Beck	NA	NA	NA	NA	Male	Adult	NA	NA	NA	NA	NA	NA	NA	NA	PRESENT	Dry	NA	NA	NA	NA	NA	NA	Cervical vertebrae.	NA	NA	NA	NA	NA	NA	NA	NA	NA	NA	NA	NA	NA	NA	1906-08-14	NA	226	226	1906	8	14	14-15 Aug 1906	NA	NA	NA	NA	NA	NA	NA	NA	NA	South Pacific Ocean; Ecuador; Galapagos Prov.; Galapagos Ids.; Pinzon Id.	SOUTH_AMERICA	South Pacific Ocean	Galapagos Ids.	Pinzon Id.	EC	Galapagos Prov.	NA	NA	NA	Duncan Island, Galapagos Arch.	NA	NA	NA	NA	NA	NA	NA	-0.613056	-90.677778	NA	NA	NA	NA	NA	NA	NA	NA	NA	NA	NA	Google Earth, 2013.	NA	NA	NA	NA	NA	NA	NA	NA	NA	NA	NA	NA	NA	NA	NA	NA	NA	NA	NA	NA	NA	NA	NA	NA	NA	NA	NA	NA	NA	NA	NA	C6Q3Z	NA	NA	NA	NA	NA	Chelonoidis duncanensis (Pritchard, 1996)	NA	NA	NA	NA	NA	NA	Animalia; Chordata; Reptilia; Testudines; Testudinidae	Animalia	Chordata	Reptilia	Testudines	Testudinoidea	Testudinidae	NA	NA	NA	Chelonoidis	Chelonoidis	NA	NA	duncanensis	NA	NA	SPECIES	NA	NA	NA	SYNONYM	NA	NA	cece4fc2-1fec-4bb5-a335-7252548e3f0b	US	2026-09-07 00:06:33	NA	NA	NA	NA	NA	COORDINATE_ROUNDED;CONTINENT_DERIVED_FROM_COORDINATES	NA	COORDINATE_ROUNDED;CONTINENT_DERIVED_FROM_COORDINATES	StillImage	TRUE	FALSE	MVBKH	C6Q3Z	N	CH2	RP	477	87BWY	626NZ	NA	NA	NA	3MPP	NA	5Y2Z9	Chelonoidis niger	Chelonoidis niger duncanensis (Pritchard, 1996)	Chelonoidis duncanensis	NA	EML	2026-09-07 00:06:33	2026-09-07 00:01:45	NA	TRUE	NA	NA	FALSE	LATIN_AMERICA	NORTH_AMERICA	ECU	Ecuador	ECU.9_1	Galápagos	ECU.9.3_1	Santa Cruz	ECU.9.3.3_1	Santa Rosa	NA
543674454	NA	NA	NA	CC0_1_0	2024-01-04 14:21:00	California Academy of Sciences	NA	NA	NA	http://grbio.org/institution/california-academy-sciences	http://grscicoll.org/institutional-collection/herpetology-0	NA	CAS	HERP	NA	NA	PRESERVED_SPECIMEN	NA	NA	NA	urn:catalog:CAS:HERP:8395	8395	3992	J.R. Slevin	NA	NA	NA	NA	NA	Adult	NA	NA	NA	NA	NA	NA	NA	NA	PRESENT	Dry	NA	NA	NA	NA	NA	NA	Skull.	NA	NA	NA	NA	NA	NA	NA	NA	NA	NA	NA	NA	NA	NA	1906-08-26	NA	238	238	1906	8	26	26 Aug 1906	NA	NA	NA	NA	NA	NA	NA	NA	NA	South Pacific Ocean; Ecuador; Galapagos Prov.; Galapagos Ids.; Isabela Id.	SOUTH_AMERICA	South Pacific Ocean	Galapagos Ids.	Isabela Id.	EC	Galapagos Prov.	NA	NA	NA	Albemarle Island Galapagos Arch.	NA	NA	NA	NA	NA	NA	NA	-0.841667	-91.163333	NA	NA	NA	NA	NA	NA	NA	NA	NA	NA	NA	Google Earth, 2013.	NA	NA	NA	NA	NA	NA	NA	NA	NA	NA	NA	NA	NA	NA	NA	NA	NA	NA	NA	NA	NA	NA	NA	NA	NA	NA	NA	NA	NA	NA	NA	3MPP	NA	NA	NA	NA	NA	Chelonoidis Fitzinger, 1835	NA	NA	NA	NA	NA	NA	Animalia; Chordata; Reptilia; Testudines; Testudinidae	Animalia	Chordata	Reptilia	Testudines	Testudinoidea	Testudinidae	NA	NA	NA	Chelonoidis	NA	NA	NA	NA	NA	NA	GENUS	NA	NA	NA	ACCEPTED	NA	NA	cece4fc2-1fec-4bb5-a335-7252548e3f0b	US	2026-09-07 00:06:33	NA	NA	NA	NA	NA	COORDINATE_ROUNDED;CONTINENT_DERIVED_FROM_COORDINATES	NA	COORDINATE_ROUNDED;CONTINENT_DERIVED_FROM_COORDINATES	StillImage	TRUE	FALSE	3MPP	3MPP	N	CH2	RP	477	87BWY	626NZ	NA	NA	NA	3MPP	NA	NA	NA	Chelonoidis Fitzinger, 1835	Chelonoidis	NA	EML	2026-09-07 00:06:33	2026-09-07 00:01:45	NA	TRUE	NA	NA	FALSE	LATIN_AMERICA	NORTH_AMERICA	ECU	Ecuador	ECU.9_1	Galápagos	ECU.9.1_1	Isabela	ECU.9.1.2_1	Tomas De Berlanga (Santo Tomas)	NA
543671644	NA	NA	NA	CC0_1_0	2024-01-04 14:21:00	California Academy of Sciences	NA	NA	NA	http://grbio.org/institution/california-academy-sciences	http://grscicoll.org/institutional-collection/herpetology-0	NA	CAS	HERP	NA	NA	PRESERVED_SPECIMEN	NA	NA	NA	urn:catalog:CAS:HERP:8142	8142	NA	R.H. Beck	NA	NA	NA	NA	NA	NA	NA	NA	NA	NA	NA	NA	NA	NA	PRESENT	Dry	NA	NA	NA	NA	NA	NA	Original number 'cc.'  Miscellaneous postcrania in skeletal collection.	NA	NA	NA	NA	NA	NA	NA	NA	NA	NA	NA	NA	NA	NA	1906-07-09	NA	190	190	1906	7	9	9 Jul 1906	NA	NA	NA	NA	NA	NA	NA	NA	NA	South Pacific Ocean; Ecuador; Galapagos Prov.; Galapagos Ids.; Santa Fe Id.	SOUTH_AMERICA	South Pacific Ocean	Galapagos Ids.	Santa Fe Id.	EC	Galapagos Prov.	NA	NA	NA	Barrington Isl. Galapagos Archipelago	NA	NA	NA	NA	NA	NA	NA	-0.806667	-90.076111	NA	NA	NA	NA	NA	NA	NA	NA	NA	NA	NA	Google Earth, 2013.	NA	NA	NA	NA	NA	NA	NA	NA	NA	NA	NA	NA	NA	NA	NA	NA	NA	NA	NA	NA	NA	NA	NA	NA	NA	NA	NA	NA	NA	NA	NA	3MPP	NA	NA	NA	NA	NA	Chelonoidis Fitzinger, 1835	NA	NA	NA	NA	NA	NA	Animalia; Chordata; Reptilia; Testudines; Testudinidae	Animalia	Chordata	Reptilia	Testudines	Testudinoidea	Testudinidae	NA	NA	NA	Chelonoidis	NA	NA	NA	NA	NA	NA	GENUS	NA	NA	NA	ACCEPTED	NA	NA	cece4fc2-1fec-4bb5-a335-7252548e3f0b	US	2026-09-07 00:06:38	NA	NA	NA	NA	NA	COORDINATE_ROUNDED;CONTINENT_DERIVED_FROM_COORDINATES	NA	COORDINATE_ROUNDED;CONTINENT_DERIVED_FROM_COORDINATES	StillImage	TRUE	FALSE	3MPP	3MPP	N	CH2	RP	477	87BWY	626NZ	NA	NA	NA	3MPP	NA	NA	NA	Chelonoidis Fitzinger, 1835	Chelonoidis	NA	EML	2026-09-07 00:06:38	2026-09-07 00:01:45	NA	TRUE	NA	NA	FALSE	LATIN_AMERICA	NORTH_AMERICA	ECU	Ecuador	ECU.9_1	Galápagos	ECU.9.2_1	San Cristóbal	ECU.9.2.2_1	Isla Santa Mara (Floreana) (Cab.	NA
543671755	NA	NA	NA	CC0_1_0	2024-01-04 14:21:00	California Academy of Sciences	NA	NA	NA	http://grbio.org/institution/california-academy-sciences	http://grscicoll.org/institutional-collection/herpetology-0	NA	CAS	HERP	NA	NA	PRESERVED_SPECIMEN	NA	NA	NA	urn:catalog:CAS:HERP:8152	8152	NA	R.H. Beck	NA	NA	NA	NA	NA	NA	NA	NA	NA	NA	NA	NA	NA	NA	PRESENT	Dry	NA	NA	NA	NA	NA	NA	Miscellaneous postcrania in skeletal collection.	NA	NA	NA	NA	NA	NA	NA	NA	NA	NA	NA	NA	NA	NA	1906-07-10	NA	191	191	1906	7	10	10 Jul 1906	NA	NA	NA	NA	NA	NA	NA	NA	NA	South Pacific Ocean; Ecuador; Galapagos Prov.; Galapagos Ids.; Santa Fe Id.	SOUTH_AMERICA	South Pacific Ocean	Galapagos Ids.	Santa Fe Id.	EC	Galapagos Prov.	NA	NA	NA	Barrington Isl. Galapagos Archipelago	NA	NA	NA	NA	NA	NA	NA	-0.806667	-90.076111	NA	NA	NA	NA	NA	NA	NA	NA	NA	NA	NA	Google Earth, 2013.	NA	NA	NA	NA	NA	NA	NA	NA	NA	NA	NA	NA	NA	NA	NA	NA	NA	NA	NA	NA	NA	NA	NA	NA	NA	NA	NA	NA	NA	NA	NA	3MPP	NA	NA	NA	NA	NA	Chelonoidis Fitzinger, 1835	NA	NA	NA	NA	NA	NA	Animalia; Chordata; Reptilia; Testudines; Testudinidae	Animalia	Chordata	Reptilia	Testudines	Testudinoidea	Testudinidae	NA	NA	NA	Chelonoidis	NA	NA	NA	NA	NA	NA	GENUS	NA	NA	NA	ACCEPTED	NA	NA	cece4fc2-1fec-4bb5-a335-7252548e3f0b	US	2026-09-07 00:06:38	NA	NA	NA	NA	NA	COORDINATE_ROUNDED;CONTINENT_DERIVED_FROM_COORDINATES	NA	COORDINATE_ROUNDED;CONTINENT_DERIVED_FROM_COORDINATES	StillImage	TRUE	FALSE	3MPP	3MPP	N	CH2	RP	477	87BWY	626NZ	NA	NA	NA	3MPP	NA	NA	NA	Chelonoidis Fitzinger, 1835	Chelonoidis	NA	EML	2026-09-07 00:06:38	2026-09-07 00:01:45	NA	TRUE	NA	NA	FALSE	LATIN_AMERICA	NORTH_AMERICA	ECU	Ecuador	ECU.9_1	Galápagos	ECU.9.2_1	San Cristóbal	ECU.9.2.2_1	Isla Santa Mara (Floreana) (Cab.	NA
543672054	NA	NA	NA	CC0_1_0	2024-01-04 14:21:00	California Academy of Sciences	NA	NA	NA	http://grbio.org/institution/california-academy-sciences	http://grscicoll.org/institutional-collection/herpetology-0	NA	CAS	HERP	NA	NA	PRESERVED_SPECIMEN	NA	NA	NA	urn:catalog:CAS:HERP:8179	8179	NA	R.H. Beck	NA	NA	NA	NA	Male	Adult	NA	NA	NA	NA	NA	NA	NA	NA	PRESENT	Dry	NA	NA	NA	NA	NA	NA	Died in San Francisco Feb. 1907.  Mounted specimen.  Skull.	NA	NA	NA	NA	NA	NA	NA	NA	NA	NA	NA	NA	NA	NA	1906-03-17	NA	76	76	1906	3	17	17-20 Mar 1906	NA	NA	NA	NA	NA	NA	NA	NA	NA	South Pacific Ocean; Ecuador; Galapagos Prov.; Galapagos Ids.; Isabela Id.	SOUTH_AMERICA	South Pacific Ocean	Galapagos Ids.	Isabela Id.	EC	Galapagos Prov.	NA	NA	Iguana Cove	Iguana Cove Albemarle Isl. Galapagos Arch.	NA	NA	NA	NA	NA	NA	NA	-0.986667	-91.445556	NA	NA	NA	NA	NA	NA	NA	NA	NA	NA	NA	Google Earth, 2013.	NA	NA	NA	NA	NA	NA	NA	NA	NA	NA	NA	NA	NA	NA	NA	NA	NA	NA	NA	NA	NA	NA	NA	NA	NA	NA	NA	NA	NA	NA	NA	C6Q49	NA	NA	NA	NA	NA	Chelonoidis vicina (Günther, 1875)	NA	NA	NA	NA	NA	NA	Animalia; Chordata; Reptilia; Testudines; Testudinidae	Animalia	Chordata	Reptilia	Testudines	Testudinoidea	Testudinidae	NA	NA	NA	Chelonoidis	Chelonoidis	NA	NA	vicina	NA	NA	SPECIES	NA	NA	NA	SYNONYM	NA	NA	cece4fc2-1fec-4bb5-a335-7252548e3f0b	US	2026-09-07 00:06:38	NA	NA	NA	NA	NA	COORDINATE_ROUNDED;CONTINENT_DERIVED_FROM_COORDINATES	NA	COORDINATE_ROUNDED;CONTINENT_DERIVED_FROM_COORDINATES	StillImage	TRUE	FALSE	TVLL	C6Q49	N	CH2	RP	477	87BWY	626NZ	NA	NA	NA	3MPP	NA	5Y2Z9	Chelonoidis niger	Chelonoidis niger vicina (Günther, 1874)	Chelonoidis vicina	NA	EML	2026-09-07 00:06:38	2026-09-07 00:01:45	NA	TRUE	NA	NA	FALSE	LATIN_AMERICA	NORTH_AMERICA	ECU	Ecuador	ECU.9_1	Galápagos	ECU.9.1_1	Isabela	ECU.9.1.2_1	Tomas De Berlanga (Santo Tomas)	NA
543672566	NA	NA	NA	CC0_1_0	2024-01-04 14:21:00	California Academy of Sciences	NA	NA	NA	http://grbio.org/institution/california-academy-sciences	http://grscicoll.org/institutional-collection/herpetology-0	NA	CAS	HERP	NA	NA	PRESERVED_SPECIMEN	NA	NA	NA	urn:catalog:CAS:HERP:8225	8225	4463	J.R. Slevin	NA	NA	NA	NA	Female	Adult	NA	NA	NA	NA	NA	NA	NA	NA	PRESENT	Dry	NA	NA	NA	NA	NA	NA	Bought of Native Collector.  Skull and miscellaneous postcrania in skeletal collection.	NA	NA	NA	NA	NA	NA	NA	NA	NA	NA	NA	NA	NA	NA	1906-10-01	NA	274	274	1906	10	1	1 Oct 1906	NA	NA	NA	NA	NA	NA	NA	NA	NA	South Pacific Ocean; Ecuador; Galapagos Prov.; Galapagos Ids.; Isabela Id.	SOUTH_AMERICA	South Pacific Ocean	Galapagos Ids.	Isabela Id.	EC	Galapagos Prov.	NA	NA	Villamil Mtn	Vilamil Mt., Albemarle Isl., Galapagos Arch.	NA	NA	NA	NA	NA	NA	NA	-0.911944	-91.123611	9656.08	NA	NA	NA	NA	NA	NA	NA	NA	NA	NA	Google Earth, 2013.	NA	NA	NA	NA	NA	NA	NA	NA	NA	NA	NA	NA	NA	NA	NA	NA	NA	NA	NA	NA	NA	NA	NA	NA	NA	NA	NA	NA	NA	NA	NA	C6Q42	NA	NA	NA	NA	NA	Chelonoidis guntheri (Baur, 1889)	NA	NA	NA	NA	NA	NA	Animalia; Chordata; Reptilia; Testudines; Testudinidae	Animalia	Chordata	Reptilia	Testudines	Testudinoidea	Testudinidae	NA	NA	NA	Chelonoidis	Chelonoidis	NA	NA	guntheri	NA	NA	SPECIES	NA	NA	NA	SYNONYM	NA	NA	cece4fc2-1fec-4bb5-a335-7252548e3f0b	US	2026-09-07 00:06:38	NA	NA	NA	NA	NA	COORDINATE_ROUNDED;CONTINENT_DERIVED_FROM_COORDINATES	NA	COORDINATE_ROUNDED;CONTINENT_DERIVED_FROM_COORDINATES	StillImage	TRUE	FALSE	8GPG2	C6Q42	N	CH2	RP	477	87BWY	626NZ	NA	NA	NA	3MPP	NA	5Y2Z9	Chelonoidis niger	Chelonoidis niger guntheri (Baur, 1889)	Chelonoidis guntheri	NA	EML	2026-09-07 00:06:38	2026-09-07 00:01:45	NA	TRUE	NA	NA	FALSE	LATIN_AMERICA	NORTH_AMERICA	ECU	Ecuador	ECU.9_1	Galápagos	ECU.9.1_1	Isabela	ECU.9.1.2_1	Tomas De Berlanga (Santo Tomas)	NA
543674688	NA	NA	NA	CC0_1_0	2024-01-04 14:21:00	California Academy of Sciences	NA	NA	NA	http://grbio.org/institution/california-academy-sciences	http://grscicoll.org/institutional-collection/herpetology-0	NA	CAS	HERP	NA	NA	PRESERVED_SPECIMEN	NA	NA	NA	urn:catalog:CAS:HERP:8416	8416	NA	J.R. Slevin	NA	NA	NA	NA	NA	Adult	NA	NA	NA	NA	NA	NA	NA	NA	PRESENT	Dry	NA	NA	NA	NA	NA	NA	Died in San Francisco 15 May 1908.  Miscellaneous postcrania.	NA	NA	NA	NA	NA	NA	NA	NA	NA	NA	NA	NA	NA	NA	1906-08-01	NA	213	213	1906	8	1	1 Aug-4 Sep 1906	NA	NA	NA	NA	NA	NA	NA	NA	NA	South Pacific Ocean; Ecuador; Galapagos Prov.; Galapagos Ids.; Isabela Id.	SOUTH_AMERICA	South Pacific Ocean	Galapagos Ids.	Isabela Id.	EC	Galapagos Prov.	NA	NA	Villamil Mtn	Vilamil Mt. Albemarle Isl. Galapagos Arch.	NA	NA	NA	NA	NA	NA	NA	-0.911944	-91.123611	9656.08	NA	NA	NA	NA	NA	NA	NA	NA	NA	NA	Google Earth, 2013.	NA	NA	NA	NA	NA	NA	NA	NA	NA	NA	NA	NA	NA	NA	NA	NA	NA	NA	NA	NA	NA	NA	NA	NA	NA	NA	NA	NA	NA	NA	NA	3MPP	NA	NA	NA	NA	NA	Chelonoidis Fitzinger, 1835	NA	NA	NA	NA	NA	NA	Animalia; Chordata; Reptilia; Testudines; Testudinidae	Animalia	Chordata	Reptilia	Testudines	Testudinoidea	Testudinidae	NA	NA	NA	Chelonoidis	NA	NA	NA	NA	NA	NA	GENUS	NA	NA	NA	ACCEPTED	NA	NA	cece4fc2-1fec-4bb5-a335-7252548e3f0b	US	2026-09-07 00:06:38	NA	NA	NA	NA	NA	COORDINATE_ROUNDED;CONTINENT_DERIVED_FROM_COORDINATES	NA	COORDINATE_ROUNDED;CONTINENT_DERIVED_FROM_COORDINATES	StillImage	TRUE	FALSE	3MPP	3MPP	N	CH2	RP	477	87BWY	626NZ	NA	NA	NA	3MPP	NA	NA	NA	Chelonoidis Fitzinger, 1835	Chelonoidis	NA	EML	2026-09-07 00:06:38	2026-09-07 00:01:45	NA	TRUE	NA	NA	FALSE	LATIN_AMERICA	NORTH_AMERICA	ECU	Ecuador	ECU.9_1	Galápagos	ECU.9.1_1	Isabela	ECU.9.1.2_1	Tomas De Berlanga (Santo Tomas)	NA
543671455	NA	NA	NA	CC0_1_0	2024-01-04 14:21:00	California Academy of Sciences	NA	NA	NA	http://grbio.org/institution/california-academy-sciences	http://grscicoll.org/institutional-collection/herpetology-0	NA	CAS	HERP	NA	NA	PRESERVED_SPECIMEN	NA	NA	NA	urn:catalog:CAS:HERP:8125	8125	NA	R.H. Beck	NA	NA	NA	NA	NA	NA	NA	NA	NA	NA	NA	NA	NA	NA	PRESENT	Dry	NA	NA	NA	NA	NA	NA	Skull in skeletal collection.	NA	NA	NA	NA	NA	NA	NA	NA	NA	NA	NA	NA	NA	NA	1906-06-27	NA	178	178	1906	6	27	27 Jun 1906	NA	NA	NA	NA	NA	NA	NA	NA	NA	South Pacific Ocean; Ecuador; Galapagos Prov.; Galapagos Ids.; Espanola Id.	SOUTH_AMERICA	South Pacific Ocean	Galapagos Ids.	Espanola Id.	EC	Galapagos Prov.	NA	NA	NA	Hood Island Galapagos Archipelago	NA	NA	NA	NA	NA	NA	NA	-1.361944	-89.723333	NA	NA	NA	NA	NA	NA	NA	NA	NA	NA	NA	Google Earth, 2013.	NA	NA	NA	NA	NA	NA	NA	NA	NA	NA	NA	NA	NA	NA	NA	NA	NA	NA	NA	NA	NA	NA	NA	NA	NA	NA	NA	NA	NA	NA	NA	C6Q43	NA	NA	NA	NA	NA	Chelonoidis hoodensis (Van Denburgh, 1907)	NA	NA	NA	NA	NA	NA	Animalia; Chordata; Reptilia; Testudines; Testudinidae	Animalia	Chordata	Reptilia	Testudines	Testudinoidea	Testudinidae	NA	NA	NA	Chelonoidis	Chelonoidis	NA	NA	hoodensis	NA	NA	SPECIES	NA	NA	NA	SYNONYM	NA	NA	cece4fc2-1fec-4bb5-a335-7252548e3f0b	US	2026-09-07 00:06:40	NA	NA	NA	NA	NA	COORDINATE_ROUNDED;CONTINENT_DERIVED_FROM_COORDINATES	NA	COORDINATE_ROUNDED;CONTINENT_DERIVED_FROM_COORDINATES	StillImage	TRUE	FALSE	TVLD	C6Q43	N	CH2	RP	477	87BWY	626NZ	NA	NA	NA	3MPP	NA	5Y2Z9	Chelonoidis niger	Chelonoidis niger hoodensis (Van Denburgh, 1907)	Chelonoidis hoodensis	NA	EML	2026-09-07 00:06:40	2026-09-07 00:01:45	NA	TRUE	NA	NA	FALSE	LATIN_AMERICA	NORTH_AMERICA	ECU	Ecuador	ECU.9_1	Galápagos	ECU.9.2_1	San Cristóbal	ECU.9.2.2_1	Isla Santa Mara (Floreana) (Cab.	NA
543672511	NA	NA	NA	CC0_1_0	2024-01-04 14:21:00	California Academy of Sciences	NA	NA	NA	http://grbio.org/institution/california-academy-sciences	http://grscicoll.org/institutional-collection/herpetology-0	NA	CAS	HERP	NA	NA	PRESERVED_SPECIMEN	NA	NA	NA	urn:catalog:CAS:HERP:8220	8220	4458	J.R. Slevin	NA	NA	NA	NA	Male	Adult	NA	NA	NA	NA	NA	NA	NA	NA	PRESENT	Dry	NA	NA	NA	NA	NA	NA	Bought of Native Collector.  Miscellaneous postcrania in skeletal collection.	NA	NA	NA	NA	NA	NA	NA	NA	NA	NA	NA	NA	NA	NA	1906-09-29	NA	272	272	1906	9	29	29 Sep 1906	NA	NA	NA	NA	NA	NA	NA	NA	NA	South Pacific Ocean; Ecuador; Galapagos Prov.; Galapagos Ids.; Isabela Id.	SOUTH_AMERICA	South Pacific Ocean	Galapagos Ids.	Isabela Id.	EC	Galapagos Prov.	NA	NA	Villamil Mtn	Vilamil Mt., Albemarle Isl., Galapagos Arch.	NA	NA	NA	NA	NA	NA	NA	-0.911944	-91.123611	9656.08	NA	NA	NA	NA	NA	NA	NA	NA	NA	NA	Google Earth, 2013.	NA	NA	NA	NA	NA	NA	NA	NA	NA	NA	NA	NA	NA	NA	NA	NA	NA	NA	NA	NA	NA	NA	NA	NA	NA	NA	NA	NA	NA	NA	NA	C6Q42	NA	NA	NA	NA	NA	Chelonoidis guntheri (Baur, 1889)	NA	NA	NA	NA	NA	NA	Animalia; Chordata; Reptilia; Testudines; Testudinidae	Animalia	Chordata	Reptilia	Testudines	Testudinoidea	Testudinidae	NA	NA	NA	Chelonoidis	Chelonoidis	NA	NA	guntheri	NA	NA	SPECIES	NA	NA	NA	SYNONYM	NA	NA	cece4fc2-1fec-4bb5-a335-7252548e3f0b	US	2026-09-07 00:06:40	NA	NA	NA	NA	NA	COORDINATE_ROUNDED;CONTINENT_DERIVED_FROM_COORDINATES	NA	COORDINATE_ROUNDED;CONTINENT_DERIVED_FROM_COORDINATES	StillImage	TRUE	FALSE	8GPG2	C6Q42	N	CH2	RP	477	87BWY	626NZ	NA	NA	NA	3MPP	NA	5Y2Z9	Chelonoidis niger	Chelonoidis niger guntheri (Baur, 1889)	Chelonoidis guntheri	NA	EML	2026-09-07 00:06:40	2026-09-07 00:01:45	NA	TRUE	NA	NA	FALSE	LATIN_AMERICA	NORTH_AMERICA	ECU	Ecuador	ECU.9_1	Galápagos	ECU.9.1_1	Isabela	ECU.9.1.2_1	Tomas De Berlanga (Santo Tomas)	NA
543673265	NA	NA	NA	CC0_1_0	2024-01-04 14:21:00	California Academy of Sciences	NA	NA	NA	http://grbio.org/institution/california-academy-sciences	http://grscicoll.org/institutional-collection/herpetology-0	NA	CAS	HERP	NA	NA	PRESERVED_SPECIMEN	NA	NA	NA	urn:catalog:CAS:HERP:8288	8288	3747	R.H. Beck	NA	NA	NA	NA	Male	NA	NA	NA	NA	NA	NA	NA	NA	NA	PRESENT	Dry	NA	NA	NA	NA	NA	NA	Mounted specimen.  Miscellaneous scutes.	NA	NA	NA	NA	NA	NA	NA	NA	NA	NA	NA	NA	NA	NA	1906-07-12	NA	193	193	1906	7	12	12 Jul 1906	NA	NA	NA	NA	NA	NA	NA	NA	NA	South Pacific Ocean; Ecuador; Galapagos Prov.; Galapagos Ids.; Santa Cruz Id.	SOUTH_AMERICA	South Pacific Ocean	Galapagos Ids.	Santa Cruz Id.	EC	Galapagos Prov.	NA	NA	vicinity of Academy Bay	Indefatigable Isl., Galapagos Arch.  Vic. Adacemy Bay.	NA	NA	NA	NA	NA	NA	NA	-0.726389	-90.327639	NA	NA	NA	NA	NA	NA	NA	NA	NA	NA	NA	Google Earth, 2013.	NA	NA	NA	NA	NA	NA	NA	NA	NA	NA	NA	NA	NA	NA	NA	NA	NA	NA	NA	NA	NA	NA	NA	NA	NA	NA	NA	NA	NA	NA	NA	C6Q47	NA	NA	NA	NA	NA	Chelonoidis porteri (Rothschild, 1903)	NA	NA	NA	NA	NA	NA	Animalia; Chordata; Reptilia; Testudines; Testudinidae	Animalia	Chordata	Reptilia	Testudines	Testudinoidea	Testudinidae	NA	NA	NA	Chelonoidis	Chelonoidis	NA	NA	porteri	NA	NA	SPECIES	NA	NA	NA	SYNONYM	NA	NA	cece4fc2-1fec-4bb5-a335-7252548e3f0b	US	2026-09-07 00:06:40	NA	NA	NA	NA	NA	COORDINATE_ROUNDED;CONTINENT_DERIVED_FROM_COORDINATES	NA	COORDINATE_ROUNDED;CONTINENT_DERIVED_FROM_COORDINATES	StillImage	TRUE	FALSE	TVLK	C6Q47	N	CH2	RP	477	87BWY	626NZ	NA	NA	NA	3MPP	NA	5Y2Z9	Chelonoidis niger	Chelonoidis niger porteri (Rothschild, 1903)	Chelonoidis porteri	NA	EML	2026-09-07 00:06:40	2026-09-07 00:01:45	NA	TRUE	NA	NA	FALSE	LATIN_AMERICA	NORTH_AMERICA	ECU	Ecuador	ECU.9_1	Galápagos	ECU.9.3_1	Santa Cruz	ECU.9.3.1_1	Bellavista	NA
543671344	NA	NA	NA	CC0_1_0	2024-01-04 14:21:00	California Academy of Sciences	NA	NA	NA	http://grbio.org/institution/california-academy-sciences	http://grscicoll.org/institutional-collection/herpetology-0	NA	CAS	HERP	NA	NA	PRESERVED_SPECIMEN	NA	NA	NA	urn:catalog:CAS:HERP:8115	8115	3022	R.H. Beck	NA	NA	NA	NA	Male	Adult	NA	NA	NA	NA	NA	NA	NA	NA	PRESENT	Dry	NA	NA	NA	NA	NA	NA	NA	NA	NA	NA	NA	NA	NA	NA	NA	NA	NA	NA	NA	NA	NA	1906-04-11	NA	101	101	1906	4	11	11 Apr 1906	NA	NA	NA	NA	NA	NA	NA	NA	NA	South Pacific Ocean; Ecuador; Galapagos Prov.; Galapagos Ids.; Isabela Id.	SOUTH_AMERICA	South Pacific Ocean	Galapagos Ids.	Isabela Id.	EC	Galapagos Prov.	NA	NA	Banks Bay	Banks Bay, Albemarle Isl. Galapagos Archipelago	NA	NA	NA	NA	NA	NA	NA	-0.035833	-91.376111	NA	NA	NA	NA	NA	NA	NA	NA	NA	NA	NA	Google Earth, 2013.	NA	NA	NA	NA	NA	NA	NA	NA	NA	NA	NA	NA	NA	NA	NA	NA	NA	NA	NA	NA	NA	NA	NA	NA	NA	NA	NA	NA	NA	NA	NA	C6Q3V	NA	NA	NA	NA	NA	Chelonoidis becki (Rothschild, 1901)	NA	NA	NA	NA	NA	NA	Animalia; Chordata; Reptilia; Testudines; Testudinidae	Animalia	Chordata	Reptilia	Testudines	Testudinoidea	Testudinidae	NA	NA	NA	Chelonoidis	Chelonoidis	NA	NA	becki	NA	NA	SPECIES	NA	NA	NA	SYNONYM	NA	NA	cece4fc2-1fec-4bb5-a335-7252548e3f0b	US	2026-09-07 00:06:41	NA	NA	NA	NA	NA	COORDINATE_ROUNDED;CONTINENT_DERIVED_FROM_COORDINATES	NA	COORDINATE_ROUNDED;CONTINENT_DERIVED_FROM_COORDINATES	StillImage	TRUE	FALSE	TVL2	C6Q3V	N	CH2	RP	477	87BWY	626NZ	NA	NA	NA	3MPP	NA	5Y2Z9	Chelonoidis niger	Chelonoidis niger becki (Rothschild, 1901)	Chelonoidis becki	NA	EML	2026-09-07 00:06:41	2026-09-07 00:01:45	NA	TRUE	NA	NA	FALSE	LATIN_AMERICA	NORTH_AMERICA	ECU	Ecuador	ECU.9_1	Galápagos	ECU.9.1_1	Isabela	ECU.9.1.2_1	Tomas De Berlanga (Santo Tomas)	NA
543672243	NA	NA	NA	CC0_1_0	2024-01-04 14:21:00	California Academy of Sciences	NA	NA	NA	http://grbio.org/institution/california-academy-sciences	http://grscicoll.org/institutional-collection/herpetology-0	NA	CAS	HERP	NA	NA	PRESERVED_SPECIMEN	NA	NA	NA	urn:catalog:CAS:HERP:8196	8196	3995	J.R. Slevin	NA	NA	NA	NA	Male	Adult	NA	NA	NA	NA	NA	NA	NA	NA	PRESENT	Dry	NA	NA	NA	NA	NA	NA	Bought of Native Collector.  Miscellaneous postcrania in skeletal collection.	NA	NA	NA	NA	NA	NA	NA	NA	NA	NA	NA	NA	NA	NA	1906-08-31	NA	243	243	1906	8	31	31 Aug 1906	NA	NA	NA	NA	NA	NA	NA	NA	NA	South Pacific Ocean; Ecuador; Galapagos Prov.; Galapagos Ids.; Isabela Id.	SOUTH_AMERICA	South Pacific Ocean	Galapagos Ids.	Isabela Id.	EC	Galapagos Prov.	NA	NA	vicinty of Villamil Mtn	Vic. Vilamil Mt., Albemarle Isl., Galapagos Arch.	NA	NA	NA	NA	NA	NA	NA	-0.911944	-91.123611	9656.08	NA	NA	NA	NA	NA	NA	NA	NA	NA	NA	Google Earth, 2013.	NA	NA	NA	NA	NA	NA	NA	NA	NA	NA	NA	NA	NA	NA	NA	NA	NA	NA	NA	NA	NA	NA	NA	NA	NA	NA	NA	NA	NA	NA	NA	C6Q49	NA	NA	NA	NA	NA	Chelonoidis vicina (Günther, 1875)	NA	NA	NA	NA	NA	NA	Animalia; Chordata; Reptilia; Testudines; Testudinidae	Animalia	Chordata	Reptilia	Testudines	Testudinoidea	Testudinidae	NA	NA	NA	Chelonoidis	Chelonoidis	NA	NA	vicina	NA	NA	SPECIES	NA	NA	NA	SYNONYM	NA	NA	cece4fc2-1fec-4bb5-a335-7252548e3f0b	US	2026-09-07 00:06:41	NA	NA	NA	NA	NA	COORDINATE_ROUNDED;CONTINENT_DERIVED_FROM_COORDINATES	NA	COORDINATE_ROUNDED;CONTINENT_DERIVED_FROM_COORDINATES	StillImage	TRUE	FALSE	TVLL	C6Q49	N	CH2	RP	477	87BWY	626NZ	NA	NA	NA	3MPP	NA	5Y2Z9	Chelonoidis niger	Chelonoidis niger vicina (Günther, 1874)	Chelonoidis vicina	NA	EML	2026-09-07 00:06:41	2026-09-07 00:01:45	NA	TRUE	NA	NA	FALSE	LATIN_AMERICA	NORTH_AMERICA	ECU	Ecuador	ECU.9_1	Galápagos	ECU.9.1_1	Isabela	ECU.9.1.2_1	Tomas De Berlanga (Santo Tomas)	NA
543672644	NA	NA	NA	CC0_1_0	2024-01-04 14:21:00	California Academy of Sciences	NA	NA	NA	http://grbio.org/institution/california-academy-sciences	http://grscicoll.org/institutional-collection/herpetology-0	NA	CAS	HERP	NA	NA	PRESERVED_SPECIMEN	NA	NA	NA	urn:catalog:CAS:HERP:8232	8232	4471	J.R. Slevin	NA	NA	NA	NA	Female	Adult	NA	NA	NA	NA	NA	NA	NA	NA	PRESENT	Dry	NA	NA	NA	NA	NA	NA	Bought of Native Collector.	NA	NA	NA	NA	NA	NA	NA	NA	NA	NA	NA	NA	NA	NA	1906-10-03	NA	276	276	1906	10	3	3 Oct 1906	NA	NA	NA	NA	NA	NA	NA	NA	NA	South Pacific Ocean; Ecuador; Galapagos Prov.; Galapagos Ids.; Isabela Id.	SOUTH_AMERICA	South Pacific Ocean	Galapagos Ids.	Isabela Id.	EC	Galapagos Prov.	NA	NA	Villamil Mtn	Vilamil Mt., Albemarle Isl., Galapagos Arch.	NA	NA	NA	NA	NA	NA	NA	-0.911944	-91.123611	9656.08	NA	NA	NA	NA	NA	NA	NA	NA	NA	NA	Google Earth, 2013.	NA	NA	NA	NA	NA	NA	NA	NA	NA	NA	NA	NA	NA	NA	NA	NA	NA	NA	NA	NA	NA	NA	NA	NA	NA	NA	NA	NA	NA	NA	NA	C6Q42	NA	NA	NA	NA	NA	Chelonoidis guntheri (Baur, 1889)	NA	NA	NA	NA	NA	NA	Animalia; Chordata; Reptilia; Testudines; Testudinidae	Animalia	Chordata	Reptilia	Testudines	Testudinoidea	Testudinidae	NA	NA	NA	Chelonoidis	Chelonoidis	NA	NA	guntheri	NA	NA	SPECIES	NA	NA	NA	SYNONYM	NA	NA	cece4fc2-1fec-4bb5-a335-7252548e3f0b	US	2026-09-07 00:06:41	NA	NA	NA	NA	NA	COORDINATE_ROUNDED;CONTINENT_DERIVED_FROM_COORDINATES	NA	COORDINATE_ROUNDED;CONTINENT_DERIVED_FROM_COORDINATES	StillImage	TRUE	FALSE	8GPG2	C6Q42	N	CH2	RP	477	87BWY	626NZ	NA	NA	NA	3MPP	NA	5Y2Z9	Chelonoidis niger	Chelonoidis niger guntheri (Baur, 1889)	Chelonoidis guntheri	NA	EML	2026-09-07 00:06:41	2026-09-07 00:01:45	NA	TRUE	NA	NA	FALSE	LATIN_AMERICA	NORTH_AMERICA	ECU	Ecuador	ECU.9_1	Galápagos	ECU.9.1_1	Isabela	ECU.9.1.2_1	Tomas De Berlanga (Santo Tomas)	NA
543673010	NA	NA	NA	CC0_1_0	2024-01-04 14:21:00	California Academy of Sciences	NA	NA	NA	http://grbio.org/institution/california-academy-sciences	http://grscicoll.org/institutional-collection/herpetology-0	NA	CAS	HERP	NA	NA	PRESERVED_SPECIMEN	NA	NA	NA	urn:catalog:CAS:HERP:8265	8265	NA	J.R. Slevin	NA	NA	NA	NA	Female	Adult	NA	NA	NA	NA	NA	NA	NA	NA	PRESENT	Dry	NA	NA	NA	NA	NA	NA	Single large scute.  Original number 'R.O.'  Died in San Francisco Jan 1907.  Skull (unlabeled).	NA	NA	NA	NA	NA	NA	NA	NA	NA	NA	NA	NA	NA	NA	1906-08-01	NA	213	213	1906	8	1	1 Aug-4 Sep 1906	NA	NA	NA	NA	NA	NA	NA	NA	NA	South Pacific Ocean; Ecuador; Galapagos Prov.; Galapagos Ids.; Isabela Id.	SOUTH_AMERICA	South Pacific Ocean	Galapagos Ids.	Isabela Id.	EC	Galapagos Prov.	NA	NA	vicinty of Villamil Mtn	Vic. Vilamil Mt., Albemarle Isl., Galapagos Arch.	NA	NA	NA	NA	NA	NA	NA	-0.911944	-91.123611	9656.08	NA	NA	NA	NA	NA	NA	NA	NA	NA	NA	Google Earth, 2013.	NA	NA	NA	NA	NA	NA	NA	NA	NA	NA	NA	NA	NA	NA	NA	NA	NA	NA	NA	NA	NA	NA	NA	NA	NA	NA	NA	NA	NA	NA	NA	C6Q42	NA	NA	NA	NA	NA	Chelonoidis guntheri (Baur, 1889)	NA	NA	NA	NA	NA	NA	Animalia; Chordata; Reptilia; Testudines; Testudinidae	Animalia	Chordata	Reptilia	Testudines	Testudinoidea	Testudinidae	NA	NA	NA	Chelonoidis	Chelonoidis	NA	NA	guntheri	NA	NA	SPECIES	NA	NA	NA	SYNONYM	NA	NA	cece4fc2-1fec-4bb5-a335-7252548e3f0b	US	2026-09-07 00:06:41	NA	NA	NA	NA	NA	COORDINATE_ROUNDED;CONTINENT_DERIVED_FROM_COORDINATES	NA	COORDINATE_ROUNDED;CONTINENT_DERIVED_FROM_COORDINATES	StillImage	TRUE	FALSE	8GPG2	C6Q42	N	CH2	RP	477	87BWY	626NZ	NA	NA	NA	3MPP	NA	5Y2Z9	Chelonoidis niger	Chelonoidis niger guntheri (Baur, 1889)	Chelonoidis guntheri	NA	EML	2026-09-07 00:06:41	2026-09-07 00:01:45	NA	TRUE	NA	NA	FALSE	LATIN_AMERICA	NORTH_AMERICA	ECU	Ecuador	ECU.9_1	Galápagos	ECU.9.1_1	Isabela	ECU.9.1.2_1	Tomas De Berlanga (Santo Tomas)	NA
543672165	NA	NA	NA	CC0_1_0	2024-01-04 14:21:00	California Academy of Sciences	NA	NA	NA	http://grbio.org/institution/california-academy-sciences	http://grscicoll.org/institutional-collection/herpetology-0	NA	CAS	HERP	NA	NA	PRESERVED_SPECIMEN	NA	NA	NA	urn:catalog:CAS:HERP:8189	8189	3984	J.R. Slevin	NA	NA	NA	NA	Female	Adult	NA	NA	NA	NA	NA	NA	NA	NA	PRESENT	Dry	NA	NA	NA	NA	NA	NA	Bought of Native Collector.	NA	NA	NA	NA	NA	NA	NA	NA	NA	NA	NA	NA	NA	NA	1906-08-24	NA	236	236	1906	8	24	24 Aug 1906	NA	NA	NA	NA	NA	NA	NA	NA	NA	South Pacific Ocean; Ecuador; Galapagos Prov.; Galapagos Ids.; Isabela Id.	SOUTH_AMERICA	South Pacific Ocean	Galapagos Ids.	Isabela Id.	EC	Galapagos Prov.	NA	NA	SW side of Villamil Mtn	Vilamil Mt., Albemarle Isl. Galapagos Arch.  South-west side.	NA	NA	NA	NA	NA	NA	NA	-0.841667	-91.163333	NA	NA	NA	NA	NA	NA	NA	NA	NA	NA	NA	Google Earth, 2013.	NA	NA	NA	NA	NA	NA	NA	NA	NA	NA	NA	NA	NA	NA	NA	NA	NA	NA	NA	NA	NA	NA	NA	NA	NA	NA	NA	NA	NA	NA	NA	C6Q42	NA	NA	NA	NA	NA	Chelonoidis guntheri (Baur, 1889)	NA	NA	NA	NA	NA	NA	Animalia; Chordata; Reptilia; Testudines; Testudinidae	Animalia	Chordata	Reptilia	Testudines	Testudinoidea	Testudinidae	NA	NA	NA	Chelonoidis	Chelonoidis	NA	NA	guntheri	NA	NA	SPECIES	NA	NA	NA	SYNONYM	NA	NA	cece4fc2-1fec-4bb5-a335-7252548e3f0b	US	2026-09-07 00:06:38	NA	NA	NA	NA	NA	COORDINATE_ROUNDED;CONTINENT_DERIVED_FROM_COORDINATES	NA	COORDINATE_ROUNDED;CONTINENT_DERIVED_FROM_COORDINATES	StillImage	TRUE	FALSE	8GPG2	C6Q42	N	CH2	RP	477	87BWY	626NZ	NA	NA	NA	3MPP	NA	5Y2Z9	Chelonoidis niger	Chelonoidis niger guntheri (Baur, 1889)	Chelonoidis guntheri	NA	EML	2026-09-07 00:06:38	2026-09-07 00:01:45	NA	TRUE	NA	NA	FALSE	LATIN_AMERICA	NORTH_AMERICA	ECU	Ecuador	ECU.9_1	Galápagos	ECU.9.1_1	Isabela	ECU.9.1.2_1	Tomas De Berlanga (Santo Tomas)	NA
543674588	NA	NA	NA	CC0_1_0	2024-01-04 14:21:00	California Academy of Sciences	NA	NA	NA	http://grbio.org/institution/california-academy-sciences	http://grscicoll.org/institutional-collection/herpetology-0	NA	CAS	HERP	NA	NA	PRESERVED_SPECIMEN	NA	NA	NA	urn:catalog:CAS:HERP:8407	8407	NA	J.R. Slevin and R.H. Beck	NA	NA	NA	NA	NA	Adult	NA	NA	NA	NA	NA	NA	NA	NA	PRESENT	Dry	NA	NA	NA	NA	NA	NA	Skull.	NA	NA	NA	NA	NA	NA	NA	NA	NA	NA	NA	NA	NA	NA	1906-08-24	NA	236	236	1906	8	24	24 Aug 1906	NA	NA	NA	NA	NA	NA	NA	NA	NA	South Pacific Ocean; Ecuador; Galapagos Prov.; Galapagos Ids.; Isabela Id.	SOUTH_AMERICA	South Pacific Ocean	Galapagos Ids.	Isabela Id.	EC	Galapagos Prov.	NA	NA	Villamil Mtn	Vilamil Mt. Albemarle Isl. Galapagos Arch.	NA	NA	NA	NA	NA	NA	NA	-0.841667	-91.163333	NA	NA	NA	NA	NA	NA	NA	NA	NA	NA	NA	Google Earth, 2013.	NA	NA	NA	NA	NA	NA	NA	NA	NA	NA	NA	NA	NA	NA	NA	NA	NA	NA	NA	NA	NA	NA	NA	NA	NA	NA	NA	NA	NA	NA	NA	3MPP	NA	NA	NA	NA	NA	Chelonoidis Fitzinger, 1835	NA	NA	NA	NA	NA	NA	Animalia; Chordata; Reptilia; Testudines; Testudinidae	Animalia	Chordata	Reptilia	Testudines	Testudinoidea	Testudinidae	NA	NA	NA	Chelonoidis	NA	NA	NA	NA	NA	NA	GENUS	NA	NA	NA	ACCEPTED	NA	NA	cece4fc2-1fec-4bb5-a335-7252548e3f0b	US	2026-09-07 00:06:38	NA	NA	NA	NA	NA	COORDINATE_ROUNDED;CONTINENT_DERIVED_FROM_COORDINATES	NA	COORDINATE_ROUNDED;CONTINENT_DERIVED_FROM_COORDINATES	StillImage	TRUE	FALSE	3MPP	3MPP	N	CH2	RP	477	87BWY	626NZ	NA	NA	NA	3MPP	NA	NA	NA	Chelonoidis Fitzinger, 1835	Chelonoidis	NA	EML	2026-09-07 00:06:38	2026-09-07 00:01:45	NA	TRUE	NA	NA	FALSE	LATIN_AMERICA	NORTH_AMERICA	ECU	Ecuador	ECU.9_1	Galápagos	ECU.9.1_1	Isabela	ECU.9.1.2_1	Tomas De Berlanga (Santo Tomas)	NA
543675788	NA	NA	NA	CC0_1_0	2024-01-04 14:21:00	California Academy of Sciences	NA	NA	NA	http://grbio.org/institution/california-academy-sciences	http://grscicoll.org/institutional-collection/herpetology-0	NA	CAS	HERP	NA	NA	PRESERVED_SPECIMEN	NA	NA	NA	urn:catalog:CAS:HERP:8515	8515	NA	R.H. Beck	NA	NA	NA	NA	NA	Adult	NA	NA	NA	NA	NA	NA	NA	NA	PRESENT	Dry	NA	NA	NA	NA	NA	NA	NA	NA	NA	NA	NA	NA	NA	NA	NA	NA	NA	NA	NA	NA	NA	1906-07-16	NA	197	197	1906	7	16	16 Jul 1906	NA	NA	NA	NA	NA	NA	NA	NA	NA	South Pacific Ocean; Ecuador; Galapagos Prov.; Galapagos Ids.; Santa Cruz Id.	SOUTH_AMERICA	South Pacific Ocean	Galapagos Ids.	Santa Cruz Id.	EC	Galapagos Prov.	NA	NA	NA	Indefatigable Isl. Galapagos Arch.	NA	NA	NA	NA	NA	NA	NA	-0.747222	-90.308889	NA	NA	NA	NA	NA	NA	NA	NA	NA	NA	NA	Google Earth, 2013.	NA	NA	NA	NA	NA	NA	NA	NA	NA	NA	NA	NA	NA	NA	NA	NA	NA	NA	NA	NA	NA	NA	NA	NA	NA	NA	NA	NA	NA	NA	NA	TVGD	NA	NA	NA	NA	NA	Chelonia mydas (Linnaeus, 1758)	NA	NA	NA	NA	NA	NA	Animalia; Chordata; Reptilia; Testudines; Cheloniidae	Animalia	Chordata	Reptilia	Testudines	Chelonioidea	Cheloniidae	NA	NA	NA	Chelonia	Chelonia	NA	NA	mydas	NA	NA	SPECIES	NA	NA	NA	ACCEPTED	NA	NA	cece4fc2-1fec-4bb5-a335-7252548e3f0b	US	2026-09-07 00:06:38	NA	NA	NA	NA	NA	COORDINATE_ROUNDED;CONTINENT_DERIVED_FROM_COORDINATES	NA	COORDINATE_ROUNDED;CONTINENT_DERIVED_FROM_COORDINATES	StillImage	TRUE	FALSE	TVGD	TVGD	N	CH2	RP	477	87BWH	83J	NA	NA	NA	3MPC	NA	TVGD	Chelonia mydas	Chelonia mydas (Linnaeus, 1758)	Chelonia mydas	NA	EML	2026-09-07 00:06:38	2026-09-07 00:01:45	NA	TRUE	NA	NA	FALSE	LATIN_AMERICA	NORTH_AMERICA	NA	NA	NA	NA	NA	NA	NA	NA	LC
543671810	NA	NA	NA	CC0_1_0	2024-01-04 14:21:00	California Academy of Sciences	NA	NA	NA	http://grbio.org/institution/california-academy-sciences	http://grscicoll.org/institutional-collection/herpetology-0	NA	CAS	HERP	NA	NA	PRESERVED_SPECIMEN	NA	NA	NA	urn:catalog:CAS:HERP:8157	8157	2928	R.H. Beck	NA	NA	NA	NA	NA	NA	NA	NA	NA	NA	NA	NA	NA	NA	PRESENT	Dry	NA	NA	NA	NA	NA	NA	NA	NA	NA	NA	NA	NA	NA	NA	NA	NA	NA	NA	NA	NA	NA	1906-03-23	NA	82	82	1906	3	23	23 Mar 1906	NA	NA	NA	NA	NA	NA	NA	NA	NA	South Pacific Ocean; Ecuador; Galapagos Prov.; Galapagos Ids.; Isabela Id.	SOUTH_AMERICA	South Pacific Ocean	Galapagos Ids.	Isabela Id.	EC	Galapagos Prov.	NA	NA	Tagus Cove	Tagus Cove, Albemarle Isl. Galapagos Arch.	NA	NA	NA	NA	NA	NA	NA	-0.268889	-91.359167	NA	NA	NA	NA	NA	NA	NA	NA	NA	NA	NA	Google Earth, 2013.	NA	NA	NA	NA	NA	NA	NA	NA	NA	NA	NA	NA	NA	NA	NA	NA	NA	NA	NA	NA	NA	NA	NA	NA	NA	NA	NA	NA	NA	NA	NA	C6Q44	NA	NA	NA	NA	NA	Chelonoidis microphyes (Günther, 1875)	NA	NA	NA	NA	NA	NA	Animalia; Chordata; Reptilia; Testudines; Testudinidae	Animalia	Chordata	Reptilia	Testudines	Testudinoidea	Testudinidae	NA	NA	NA	Chelonoidis	Chelonoidis	NA	NA	microphyes	NA	NA	SPECIES	NA	NA	NA	SYNONYM	NA	NA	cece4fc2-1fec-4bb5-a335-7252548e3f0b	US	2026-09-07 00:06:38	NA	NA	NA	NA	NA	COORDINATE_ROUNDED;CONTINENT_DERIVED_FROM_COORDINATES	NA	COORDINATE_ROUNDED;CONTINENT_DERIVED_FROM_COORDINATES	StillImage	TRUE	FALSE	8GPG3	C6Q44	N	CH2	RP	477	87BWY	626NZ	NA	NA	NA	3MPP	NA	5Y2Z9	Chelonoidis niger	Chelonoidis niger microphyes (Günther, 1875)	Chelonoidis microphyes	NA	EML	2026-09-07 00:06:38	2026-09-07 00:01:45	NA	TRUE	NA	NA	FALSE	LATIN_AMERICA	NORTH_AMERICA	ECU	Ecuador	ECU.9_1	Galápagos	ECU.9.1_1	Isabela	ECU.9.1.2_1	Tomas De Berlanga (Santo Tomas)	NA
543673232	NA	NA	NA	CC0_1_0	2024-01-04 14:21:00	California Academy of Sciences	NA	NA	NA	http://grbio.org/institution/california-academy-sciences	http://grscicoll.org/institutional-collection/herpetology-0	NA	CAS	HERP	NA	NA	PRESERVED_SPECIMEN	NA	NA	NA	urn:catalog:CAS:HERP:8285	8285	2427	R.H. Beck	NA	NA	NA	NA	Male	Adult	NA	NA	NA	NA	NA	NA	NA	NA	PRESENT	Dry	NA	NA	NA	NA	NA	NA	NA	NA	NA	NA	NA	NA	NA	NA	NA	NA	NA	NA	NA	NA	NA	1906-01-18	NA	18	18	1906	1	18	18 Jan 1906	NA	NA	NA	NA	NA	NA	NA	NA	NA	South Pacific Ocean; Ecuador; Galapagos Prov.; Galapagos Ids.; Santa Cruz Id.	SOUTH_AMERICA	South Pacific Ocean	Galapagos Ids.	Santa Cruz Id.	EC	Galapagos Prov.	NA	NA	vicinity of Academy Bay	Indefatigable Isl., Galapagos Arch.  Vic. Academy Bay.	NA	NA	NA	NA	NA	NA	NA	-0.726389	-90.327639	NA	NA	NA	NA	NA	NA	NA	NA	NA	NA	NA	Google Earth, 2013.	NA	NA	NA	NA	NA	NA	NA	NA	NA	NA	NA	NA	NA	NA	NA	NA	NA	NA	NA	NA	NA	NA	NA	NA	NA	NA	NA	NA	NA	NA	NA	C6Q47	NA	NA	NA	NA	NA	Chelonoidis porteri (Rothschild, 1903)	NA	NA	NA	NA	NA	NA	Animalia; Chordata; Reptilia; Testudines; Testudinidae	Animalia	Chordata	Reptilia	Testudines	Testudinoidea	Testudinidae	NA	NA	NA	Chelonoidis	Chelonoidis	NA	NA	porteri	NA	NA	SPECIES	NA	NA	NA	SYNONYM	NA	NA	cece4fc2-1fec-4bb5-a335-7252548e3f0b	US	2026-09-07 00:06:38	NA	NA	NA	NA	NA	COORDINATE_ROUNDED;CONTINENT_DERIVED_FROM_COORDINATES	NA	COORDINATE_ROUNDED;CONTINENT_DERIVED_FROM_COORDINATES	StillImage	TRUE	FALSE	TVLK	C6Q47	N	CH2	RP	477	87BWY	626NZ	NA	NA	NA	3MPP	NA	5Y2Z9	Chelonoidis niger	Chelonoidis niger porteri (Rothschild, 1903)	Chelonoidis porteri	NA	EML	2026-09-07 00:06:38	2026-09-07 00:01:45	NA	TRUE	NA	NA	FALSE	LATIN_AMERICA	NORTH_AMERICA	ECU	Ecuador	ECU.9_1	Galápagos	ECU.9.3_1	Santa Cruz	ECU.9.3.1_1	Bellavista	NA
543621227	NA	NA	NA	CC0_1_0	2024-01-04 14:21:00	California Academy of Sciences	NA	NA	NA	http://grbio.org/institution/california-academy-sciences	http://grscicoll.org/institutional-collection/herpetology-0	NA	CAS	HERP	NA	NA	PRESERVED_SPECIMEN	NA	NA	NA	urn:catalog:CAS:HERP:36044	36044	NA	J.R. Slevin	NA	NA	NA	NA	NA	NA	NA	NA	NA	NA	NA	NA	NA	NA	PRESENT	NA	NA	NA	NA	NA	NA	NA	Bones.	NA	NA	NA	NA	NA	NA	NA	NA	NA	NA	NA	NA	NA	NA	1906-08-11	NA	223	223	1906	8	11	11 Aug 1906	NA	NA	NA	NA	NA	NA	NA	NA	NA	South Pacific Ocean; Ecuador; Galapagos Prov.; Galapagos Ids.; Isabela Id.	SOUTH_AMERICA	South Pacific Ocean	Galapagos Ids.	Isabela Id.	EC	Galapagos Prov.	NA	NA	Cowley Mt.	Albemarle Island, Galapagos Arch., Cowley Mt.	NA	NA	NA	NA	NA	NA	NA	-0.456944	-91.050833	NA	NA	NA	NA	NA	NA	NA	NA	NA	NA	NA	Google Earth, 2013.	NA	NA	NA	NA	NA	NA	NA	NA	NA	NA	NA	NA	NA	NA	NA	NA	NA	NA	NA	NA	NA	NA	NA	NA	NA	NA	NA	NA	NA	NA	NA	3MPP	NA	NA	NA	NA	NA	Chelonoidis Fitzinger, 1835	NA	NA	NA	NA	NA	NA	Animalia; Chordata; Reptilia; Testudines; Testudinidae	Animalia	Chordata	Reptilia	Testudines	Testudinoidea	Testudinidae	NA	NA	NA	Chelonoidis	NA	NA	NA	NA	NA	NA	GENUS	NA	NA	NA	ACCEPTED	NA	NA	cece4fc2-1fec-4bb5-a335-7252548e3f0b	US	2026-09-07 00:06:31	NA	NA	NA	NA	NA	COORDINATE_ROUNDED;CONTINENT_DERIVED_FROM_COORDINATES	NA	COORDINATE_ROUNDED;CONTINENT_DERIVED_FROM_COORDINATES	StillImage	TRUE	FALSE	3MPP	3MPP	N	CH2	RP	477	87BWY	626NZ	NA	NA	NA	3MPP	NA	NA	NA	Chelonoidis Fitzinger, 1835	Chelonoidis	NA	EML	2026-09-07 00:06:31	2026-09-07 00:01:45	NA	TRUE	NA	NA	FALSE	LATIN_AMERICA	NORTH_AMERICA	ECU	Ecuador	ECU.9_1	Galápagos	ECU.9.1_1	Isabela	ECU.9.1.2_1	Tomas De Berlanga (Santo Tomas)	NA
543672289	NA	NA	NA	CC0_1_0	2024-01-04 14:21:00	California Academy of Sciences	NA	NA	NA	http://grbio.org/institution/california-academy-sciences	http://grscicoll.org/institutional-collection/herpetology-0	NA	CAS	HERP	NA	NA	PRESERVED_SPECIMEN	NA	NA	NA	urn:catalog:CAS:HERP:8200	8200	3999	J.R. Slevin	NA	NA	NA	NA	Female	Adult	NA	NA	NA	NA	NA	NA	NA	NA	PRESENT	Dry	NA	NA	NA	NA	NA	NA	Bought of Native Collector.  Miscellaneous postcrania in skeletal collection.	NA	NA	NA	NA	NA	NA	NA	NA	NA	NA	NA	NA	NA	NA	1906-09-03	NA	246	246	1906	9	3	3 Sep 1906	NA	NA	NA	NA	NA	NA	NA	NA	NA	South Pacific Ocean; Ecuador; Galapagos Prov.; Galapagos Ids.; Isabela Id.	SOUTH_AMERICA	South Pacific Ocean	Galapagos Ids.	Isabela Id.	EC	Galapagos Prov.	NA	NA	vicinty of Villamil Mtn	Vic. Vilamil Mt., Albemarle Isl., Galapagos Arch.	NA	NA	NA	NA	NA	NA	NA	-0.911944	-91.123611	9656.08	NA	NA	NA	NA	NA	NA	NA	NA	NA	NA	Google Earth, 2013.	NA	NA	NA	NA	NA	NA	NA	NA	NA	NA	NA	NA	NA	NA	NA	NA	NA	NA	NA	NA	NA	NA	NA	NA	NA	NA	NA	NA	NA	NA	NA	C6Q49	NA	NA	NA	NA	NA	Chelonoidis vicina (Günther, 1875)	NA	NA	NA	NA	NA	NA	Animalia; Chordata; Reptilia; Testudines; Testudinidae	Animalia	Chordata	Reptilia	Testudines	Testudinoidea	Testudinidae	NA	NA	NA	Chelonoidis	Chelonoidis	NA	NA	vicina	NA	NA	SPECIES	NA	NA	NA	SYNONYM	NA	NA	cece4fc2-1fec-4bb5-a335-7252548e3f0b	US	2026-09-07 00:06:33	NA	NA	NA	NA	NA	COORDINATE_ROUNDED;CONTINENT_DERIVED_FROM_COORDINATES	NA	COORDINATE_ROUNDED;CONTINENT_DERIVED_FROM_COORDINATES	StillImage	TRUE	FALSE	TVLL	C6Q49	N	CH2	RP	477	87BWY	626NZ	NA	NA	NA	3MPP	NA	5Y2Z9	Chelonoidis niger	Chelonoidis niger vicina (Günther, 1874)	Chelonoidis vicina	NA	EML	2026-09-07 00:06:33	2026-09-07 00:01:45	NA	TRUE	NA	NA	FALSE	LATIN_AMERICA	NORTH_AMERICA	ECU	Ecuador	ECU.9_1	Galápagos	ECU.9.1_1	Isabela	ECU.9.1.2_1	Tomas De Berlanga (Santo Tomas)	NA
543675766	NA	NA	NA	CC0_1_0	2024-01-04 14:21:00	California Academy of Sciences	NA	NA	NA	http://grbio.org/institution/california-academy-sciences	http://grscicoll.org/institutional-collection/herpetology-0	NA	CAS	HERP	NA	NA	PRESERVED_SPECIMEN	NA	NA	NA	urn:catalog:CAS:HERP:8513	8513	NA	R.H. Beck	NA	NA	NA	NA	NA	Adult	NA	NA	NA	NA	NA	NA	NA	NA	PRESENT	Dry	NA	NA	NA	NA	NA	NA	NA	NA	NA	NA	NA	NA	NA	NA	NA	NA	NA	NA	NA	NA	NA	1906-07-16	NA	197	197	1906	7	16	16 Jul 1906	NA	NA	NA	NA	NA	NA	NA	NA	NA	South Pacific Ocean; Ecuador; Galapagos Prov.; Galapagos Ids.; Santa Cruz Id.	SOUTH_AMERICA	South Pacific Ocean	Galapagos Ids.	Santa Cruz Id.	EC	Galapagos Prov.	NA	NA	NA	Indefatigable Isl. Galapagos Arch.	NA	NA	NA	NA	NA	NA	NA	-0.747222	-90.308889	NA	NA	NA	NA	NA	NA	NA	NA	NA	NA	NA	Google Earth, 2013.	NA	NA	NA	NA	NA	NA	NA	NA	NA	NA	NA	NA	NA	NA	NA	NA	NA	NA	NA	NA	NA	NA	NA	NA	NA	NA	NA	NA	NA	NA	NA	TVGD	NA	NA	NA	NA	NA	Chelonia mydas (Linnaeus, 1758)	NA	NA	NA	NA	NA	NA	Animalia; Chordata; Reptilia; Testudines; Cheloniidae	Animalia	Chordata	Reptilia	Testudines	Chelonioidea	Cheloniidae	NA	NA	NA	Chelonia	Chelonia	NA	NA	mydas	NA	NA	SPECIES	NA	NA	NA	ACCEPTED	NA	NA	cece4fc2-1fec-4bb5-a335-7252548e3f0b	US	2026-09-07 00:06:33	NA	NA	NA	NA	NA	COORDINATE_ROUNDED;CONTINENT_DERIVED_FROM_COORDINATES	NA	COORDINATE_ROUNDED;CONTINENT_DERIVED_FROM_COORDINATES	StillImage	TRUE	FALSE	TVGD	TVGD	N	CH2	RP	477	87BWH	83J	NA	NA	NA	3MPC	NA	TVGD	Chelonia mydas	Chelonia mydas (Linnaeus, 1758)	Chelonia mydas	NA	EML	2026-09-07 00:06:33	2026-09-07 00:01:45	NA	TRUE	NA	NA	FALSE	LATIN_AMERICA	NORTH_AMERICA	NA	NA	NA	NA	NA	NA	NA	NA	LC
543671677	NA	NA	NA	CC0_1_0	2024-01-04 14:21:00	California Academy of Sciences	NA	NA	NA	http://grbio.org/institution/california-academy-sciences	http://grscicoll.org/institutional-collection/herpetology-0	NA	CAS	HERP	NA	NA	PRESERVED_SPECIMEN	NA	NA	NA	urn:catalog:CAS:HERP:8145	8145	ee	R.H. Beck	NA	NA	NA	NA	NA	NA	NA	NA	NA	NA	NA	NA	NA	NA	PRESENT	Dry	NA	NA	NA	JN637230;JN637237	NA	NA	Miscellaneous postcrania in skeletal collection.	NA	NA	NA	NA	NA	NA	NA	NA	NA	NA	NA	NA	NA	NA	1906-07-10	NA	191	191	1906	7	10	10 Jul 1906	NA	NA	NA	NA	NA	NA	NA	NA	NA	South Pacific Ocean; Ecuador; Galapagos Prov.; Galapagos Ids.; Santa Fe Id.	SOUTH_AMERICA	South Pacific Ocean	Galapagos Ids.	Santa Fe Id.	EC	Galapagos Prov.	NA	NA	NA	Barrington Isl. Galapagos Archipelago	NA	NA	NA	NA	NA	NA	NA	-0.806667	-90.076111	NA	NA	NA	NA	NA	NA	NA	NA	NA	NA	NA	Google Earth, 2013.	NA	NA	NA	NA	NA	NA	NA	NA	NA	NA	NA	NA	NA	NA	NA	NA	NA	NA	NA	NA	NA	NA	NA	NA	NA	NA	NA	NA	NA	NA	NA	3MPP	NA	NA	NA	NA	NA	Chelonoidis Fitzinger, 1835	NA	NA	NA	NA	NA	NA	Animalia; Chordata; Reptilia; Testudines; Testudinidae	Animalia	Chordata	Reptilia	Testudines	Testudinoidea	Testudinidae	NA	NA	NA	Chelonoidis	NA	NA	NA	NA	NA	NA	GENUS	NA	NA	NA	ACCEPTED	NA	NA	cece4fc2-1fec-4bb5-a335-7252548e3f0b	US	2026-09-07 00:06:38	NA	NA	NA	NA	NA	COORDINATE_ROUNDED;CONTINENT_DERIVED_FROM_COORDINATES	NA	COORDINATE_ROUNDED;CONTINENT_DERIVED_FROM_COORDINATES	StillImage	TRUE	FALSE	3MPP	3MPP	N	CH2	RP	477	87BWY	626NZ	NA	NA	NA	3MPP	NA	NA	NA	Chelonoidis Fitzinger, 1835	Chelonoidis	NA	EML	2026-09-07 00:06:38	2026-09-07 00:01:45	NA	TRUE	NA	NA	TRUE	LATIN_AMERICA	NORTH_AMERICA	ECU	Ecuador	ECU.9_1	Galápagos	ECU.9.2_1	San Cristóbal	ECU.9.2.2_1	Isla Santa Mara (Floreana) (Cab.	NA
543671844	NA	NA	NA	CC0_1_0	2024-01-04 14:21:00	California Academy of Sciences	NA	NA	NA	http://grbio.org/institution/california-academy-sciences	http://grscicoll.org/institutional-collection/herpetology-0	NA	CAS	HERP	NA	NA	PRESERVED_SPECIMEN	NA	NA	NA	urn:catalog:CAS:HERP:8160	8160	2934	R.H. Beck	NA	NA	NA	NA	Male	Adult	NA	NA	NA	NA	NA	NA	NA	NA	PRESENT	Dry	NA	NA	NA	NA	NA	NA	NA	NA	NA	NA	NA	NA	NA	NA	NA	NA	NA	NA	NA	NA	NA	1906-03-26	NA	85	85	1906	3	26	26 Mar 1906	NA	NA	NA	NA	NA	NA	NA	NA	NA	South Pacific Ocean; Ecuador; Galapagos Prov.; Galapagos Ids.; Isabela Id.	SOUTH_AMERICA	South Pacific Ocean	Galapagos Ids.	Isabela Id.	EC	Galapagos Prov.	NA	NA	Tagus Cove	Tagus Cove, Albemarle Isl. Galapagos Arch.	NA	NA	NA	NA	NA	NA	NA	-0.251389	-91.331944	NA	NA	NA	NA	NA	NA	NA	NA	NA	NA	NA	Google Earth, 2013.	NA	NA	NA	NA	NA	NA	NA	NA	NA	NA	NA	NA	NA	NA	NA	NA	NA	NA	NA	NA	NA	NA	NA	NA	NA	NA	NA	NA	NA	NA	NA	C6Q44	NA	NA	NA	NA	NA	Chelonoidis microphyes (Günther, 1875)	NA	NA	NA	NA	NA	NA	Animalia; Chordata; Reptilia; Testudines; Testudinidae	Animalia	Chordata	Reptilia	Testudines	Testudinoidea	Testudinidae	NA	NA	NA	Chelonoidis	Chelonoidis	NA	NA	microphyes	NA	NA	SPECIES	NA	NA	NA	SYNONYM	NA	NA	cece4fc2-1fec-4bb5-a335-7252548e3f0b	US	2026-09-07 00:06:38	NA	NA	NA	NA	NA	COORDINATE_ROUNDED;CONTINENT_DERIVED_FROM_COORDINATES	NA	COORDINATE_ROUNDED;CONTINENT_DERIVED_FROM_COORDINATES	StillImage	TRUE	FALSE	8GPG3	C6Q44	N	CH2	RP	477	87BWY	626NZ	NA	NA	NA	3MPP	NA	5Y2Z9	Chelonoidis niger	Chelonoidis niger microphyes (Günther, 1875)	Chelonoidis microphyes	NA	EML	2026-09-07 00:06:38	2026-09-07 00:01:45	NA	TRUE	NA	NA	FALSE	LATIN_AMERICA	NORTH_AMERICA	ECU	Ecuador	ECU.9_1	Galápagos	ECU.9.1_1	Isabela	ECU.9.1.2_1	Tomas De Berlanga (Santo Tomas)	NA
543671888	NA	NA	NA	CC0_1_0	2024-01-04 14:21:00	California Academy of Sciences	NA	NA	NA	http://grbio.org/institution/california-academy-sciences	http://grscicoll.org/institutional-collection/herpetology-0	NA	CAS	HERP	NA	NA	PRESERVED_SPECIMEN	NA	NA	NA	urn:catalog:CAS:HERP:8164	8164	2939	R.H. Beck	NA	NA	NA	NA	Male	Adult	NA	NA	NA	NA	NA	NA	NA	NA	PRESENT	Dry	NA	NA	NA	NA	NA	NA	NA	NA	NA	NA	NA	NA	NA	NA	NA	NA	NA	NA	NA	NA	NA	1906-03-30	NA	89	89	1906	3	30	30 Mar 1906	NA	NA	NA	NA	NA	NA	NA	NA	NA	South Pacific Ocean; Ecuador; Galapagos Prov.; Galapagos Ids.; Isabela Id.	SOUTH_AMERICA	South Pacific Ocean	Galapagos Ids.	Isabela Id.	EC	Galapagos Prov.	NA	NA	Tagus Cove	Tagus Cove, Albemarle Isl. Galapagos Arch.	NA	NA	NA	NA	NA	NA	NA	-0.256389	-91.337778	NA	NA	NA	NA	NA	NA	NA	NA	NA	NA	NA	Google Earth, 2013.	NA	NA	NA	NA	NA	NA	NA	NA	NA	NA	NA	NA	NA	NA	NA	NA	NA	NA	NA	NA	NA	NA	NA	NA	NA	NA	NA	NA	NA	NA	NA	C6Q44	NA	NA	NA	NA	NA	Chelonoidis microphyes (Günther, 1875)	NA	NA	NA	NA	NA	NA	Animalia; Chordata; Reptilia; Testudines; Testudinidae	Animalia	Chordata	Reptilia	Testudines	Testudinoidea	Testudinidae	NA	NA	NA	Chelonoidis	Chelonoidis	NA	NA	microphyes	NA	NA	SPECIES	NA	NA	NA	SYNONYM	NA	NA	cece4fc2-1fec-4bb5-a335-7252548e3f0b	US	2026-09-07 00:06:38	NA	NA	NA	NA	NA	COORDINATE_ROUNDED;CONTINENT_DERIVED_FROM_COORDINATES	NA	COORDINATE_ROUNDED;CONTINENT_DERIVED_FROM_COORDINATES	StillImage	TRUE	FALSE	8GPG3	C6Q44	N	CH2	RP	477	87BWY	626NZ	NA	NA	NA	3MPP	NA	5Y2Z9	Chelonoidis niger	Chelonoidis niger microphyes (Günther, 1875)	Chelonoidis microphyes	NA	EML	2026-09-07 00:06:38	2026-09-07 00:01:45	NA	TRUE	NA	NA	FALSE	LATIN_AMERICA	NORTH_AMERICA	ECU	Ecuador	ECU.9_1	Galápagos	ECU.9.1_1	Isabela	ECU.9.1.2_1	Tomas De Berlanga (Santo Tomas)	NA
543672477	NA	NA	NA	CC0_1_0	2024-01-04 14:21:00	California Academy of Sciences	NA	NA	NA	http://grbio.org/institution/california-academy-sciences	http://grscicoll.org/institutional-collection/herpetology-0	NA	CAS	HERP	NA	NA	PRESERVED_SPECIMEN	NA	NA	NA	urn:catalog:CAS:HERP:8217	8217	4455	J.R. Slevin	NA	NA	NA	NA	Male	Adult	NA	NA	NA	NA	NA	NA	NA	NA	PRESENT	Dry	NA	NA	NA	NA	NA	NA	Bought of Native Collector.	NA	NA	NA	NA	NA	NA	NA	NA	NA	NA	NA	NA	NA	NA	1906-09-28	NA	271	271	1906	9	28	28 Sep 1906	NA	NA	NA	NA	NA	NA	NA	NA	NA	South Pacific Ocean; Ecuador; Galapagos Prov.; Galapagos Ids.; Isabela Id.	SOUTH_AMERICA	South Pacific Ocean	Galapagos Ids.	Isabela Id.	EC	Galapagos Prov.	NA	NA	Villamil Mtn	Vilamil Mt., Albemarle Isl., Galapagos Arch.	NA	NA	NA	NA	NA	NA	NA	-0.911944	-91.123611	9656.08	NA	NA	NA	NA	NA	NA	NA	NA	NA	NA	Google Earth, 2013.	NA	NA	NA	NA	NA	NA	NA	NA	NA	NA	NA	NA	NA	NA	NA	NA	NA	NA	NA	NA	NA	NA	NA	NA	NA	NA	NA	NA	NA	NA	NA	C6Q42	NA	NA	NA	NA	NA	Chelonoidis guntheri (Baur, 1889)	NA	NA	NA	NA	NA	NA	Animalia; Chordata; Reptilia; Testudines; Testudinidae	Animalia	Chordata	Reptilia	Testudines	Testudinoidea	Testudinidae	NA	NA	NA	Chelonoidis	Chelonoidis	NA	NA	guntheri	NA	NA	SPECIES	NA	NA	NA	SYNONYM	NA	NA	cece4fc2-1fec-4bb5-a335-7252548e3f0b	US	2026-09-07 00:06:38	NA	NA	NA	NA	NA	COORDINATE_ROUNDED;CONTINENT_DERIVED_FROM_COORDINATES	NA	COORDINATE_ROUNDED;CONTINENT_DERIVED_FROM_COORDINATES	StillImage	TRUE	FALSE	8GPG2	C6Q42	N	CH2	RP	477	87BWY	626NZ	NA	NA	NA	3MPP	NA	5Y2Z9	Chelonoidis niger	Chelonoidis niger guntheri (Baur, 1889)	Chelonoidis guntheri	NA	EML	2026-09-07 00:06:38	2026-09-07 00:01:45	NA	TRUE	NA	NA	FALSE	LATIN_AMERICA	NORTH_AMERICA	ECU	Ecuador	ECU.9_1	Galápagos	ECU.9.1_1	Isabela	ECU.9.1.2_1	Tomas De Berlanga (Santo Tomas)	NA
543672499	NA	NA	NA	CC0_1_0	2024-01-04 14:21:00	California Academy of Sciences	NA	NA	NA	http://grbio.org/institution/california-academy-sciences	http://grscicoll.org/institutional-collection/herpetology-0	NA	CAS	HERP	NA	NA	PRESERVED_SPECIMEN	NA	NA	NA	urn:catalog:CAS:HERP:8219	8219	4457	J.R. Slevin	NA	NA	NA	NA	Female	Adult	NA	NA	NA	NA	NA	NA	NA	NA	PRESENT	Dry	NA	NA	NA	NA	NA	NA	Bought of Native Collector.  Miscellaneous postcrania.	NA	NA	NA	NA	NA	NA	NA	NA	NA	NA	NA	NA	NA	NA	1906-09-29	NA	272	272	1906	9	29	29 Sep 1906	NA	NA	NA	NA	NA	NA	NA	NA	NA	South Pacific Ocean; Ecuador; Galapagos Prov.; Galapagos Ids.; Isabela Id.	SOUTH_AMERICA	South Pacific Ocean	Galapagos Ids.	Isabela Id.	EC	Galapagos Prov.	NA	NA	Villamil Mtn	Vilamil Mt., Albemarle Isl., Galapagos Arch.	NA	NA	NA	NA	NA	NA	NA	-0.911944	-91.123611	9656.08	NA	NA	NA	NA	NA	NA	NA	NA	NA	NA	Google Earth, 2013.	NA	NA	NA	NA	NA	NA	NA	NA	NA	NA	NA	NA	NA	NA	NA	NA	NA	NA	NA	NA	NA	NA	NA	NA	NA	NA	NA	NA	NA	NA	NA	C6Q49	NA	NA	NA	NA	NA	Chelonoidis vicina (Günther, 1875)	NA	NA	NA	NA	NA	NA	Animalia; Chordata; Reptilia; Testudines; Testudinidae	Animalia	Chordata	Reptilia	Testudines	Testudinoidea	Testudinidae	NA	NA	NA	Chelonoidis	Chelonoidis	NA	NA	vicina	NA	NA	SPECIES	NA	NA	NA	SYNONYM	NA	NA	cece4fc2-1fec-4bb5-a335-7252548e3f0b	US	2026-09-07 00:06:38	NA	NA	NA	NA	NA	COORDINATE_ROUNDED;CONTINENT_DERIVED_FROM_COORDINATES	NA	COORDINATE_ROUNDED;CONTINENT_DERIVED_FROM_COORDINATES	StillImage	TRUE	FALSE	TVLL	C6Q49	N	CH2	RP	477	87BWY	626NZ	NA	NA	NA	3MPP	NA	5Y2Z9	Chelonoidis niger	Chelonoidis niger vicina (Günther, 1874)	Chelonoidis vicina	NA	EML	2026-09-07 00:06:38	2026-09-07 00:01:45	NA	TRUE	NA	NA	FALSE	LATIN_AMERICA	NORTH_AMERICA	ECU	Ecuador	ECU.9_1	Galápagos	ECU.9.1_1	Isabela	ECU.9.1.2_1	Tomas De Berlanga (Santo Tomas)	NA
543673054	NA	NA	NA	CC0_1_0	2024-01-04 14:21:00	California Academy of Sciences	NA	NA	NA	http://grbio.org/institution/california-academy-sciences	http://grscicoll.org/institutional-collection/herpetology-0	NA	CAS	HERP	NA	NA	PRESERVED_SPECIMEN	NA	NA	NA	urn:catalog:CAS:HERP:8269	8269	R.W.	J.R. Slevin	NA	NA	NA	NA	Female	Adult	NA	NA	NA	NA	NA	NA	NA	NA	PRESENT	Dry	NA	NA	NA	NA	NA	NA	Died in San Francisco Jan 1907.  Bought of Native Collector.	NA	NA	NA	NA	NA	NA	NA	NA	NA	NA	NA	NA	NA	NA	1906-08-01	NA	213	213	1906	8	1	1 Aug-4 Sep 1906	NA	NA	NA	NA	NA	NA	NA	NA	NA	South Pacific Ocean; Ecuador; Galapagos Prov.; Galapagos Ids.; Isabela Id.	SOUTH_AMERICA	South Pacific Ocean	Galapagos Ids.	Isabela Id.	EC	Galapagos Prov.	NA	NA	vicinty of Villamil Mtn	Vic. Vilamil Mt., Albemarle Isl., Galapagos Arch.	NA	NA	NA	NA	NA	NA	NA	-0.911944	-91.123611	9656.08	NA	NA	NA	NA	NA	NA	NA	NA	NA	NA	Google Earth, 2013.	NA	NA	NA	NA	NA	NA	NA	NA	NA	NA	NA	NA	NA	NA	NA	NA	NA	NA	NA	NA	NA	NA	NA	NA	NA	NA	NA	NA	NA	NA	NA	C6Q42	NA	NA	NA	NA	NA	Chelonoidis guntheri (Baur, 1889)	NA	NA	NA	NA	NA	NA	Animalia; Chordata; Reptilia; Testudines; Testudinidae	Animalia	Chordata	Reptilia	Testudines	Testudinoidea	Testudinidae	NA	NA	NA	Chelonoidis	Chelonoidis	NA	NA	guntheri	NA	NA	SPECIES	NA	NA	NA	SYNONYM	NA	NA	cece4fc2-1fec-4bb5-a335-7252548e3f0b	US	2026-09-07 00:06:38	NA	NA	NA	NA	NA	COORDINATE_ROUNDED;CONTINENT_DERIVED_FROM_COORDINATES	NA	COORDINATE_ROUNDED;CONTINENT_DERIVED_FROM_COORDINATES	StillImage	TRUE	FALSE	8GPG2	C6Q42	N	CH2	RP	477	87BWY	626NZ	NA	NA	NA	3MPP	NA	5Y2Z9	Chelonoidis niger	Chelonoidis niger guntheri (Baur, 1889)	Chelonoidis guntheri	NA	EML	2026-09-07 00:06:38	2026-09-07 00:01:45	NA	TRUE	NA	NA	FALSE	LATIN_AMERICA	NORTH_AMERICA	ECU	Ecuador	ECU.9_1	Galápagos	ECU.9.1_1	Isabela	ECU.9.1.2_1	Tomas De Berlanga (Santo Tomas)	NA
543675622	NA	NA	NA	CC0_1_0	2024-01-04 14:21:00	California Academy of Sciences	NA	NA	NA	http://grbio.org/institution/california-academy-sciences	http://grscicoll.org/institutional-collection/herpetology-0	NA	CAS	HERP	NA	NA	PRESERVED_SPECIMEN	NA	NA	NA	urn:catalog:CAS:HERP:8500	8500	3181	W.H. Ochsner	NA	NA	NA	NA	Female	Juvenile	NA	NA	NA	NA	NA	NA	NA	NA	PRESENT	Dry	NA	NA	NA	NA	NA	NA	Killed 20 Apr 1906.  Miscellaneous postcrania in skeletal collection.	NA	NA	NA	NA	NA	NA	NA	NA	NA	NA	NA	NA	NA	NA	1906-04-12	NA	102	102	1906	4	12	12 Apr 1906	NA	NA	NA	NA	NA	NA	NA	NA	NA	South Pacific Ocean; Ecuador; Galapagos Prov.; Galapagos Ids.; Isabela Id.	SOUTH_AMERICA	South Pacific Ocean	Galapagos Ids.	Isabela Id.	EC	Galapagos Prov.	NA	NA	Banks Bay	Banks Bay, Albemarle Isl. Galapagos Arch.	NA	NA	NA	NA	NA	NA	NA	-0.0575	-91.409167	NA	NA	NA	NA	NA	NA	NA	NA	NA	NA	NA	Google Earth, 2013.	NA	NA	NA	NA	NA	NA	NA	NA	NA	NA	NA	NA	NA	NA	NA	NA	NA	NA	NA	NA	NA	NA	NA	NA	NA	NA	NA	NA	NA	NA	NA	TVGD	NA	NA	NA	NA	NA	Chelonia mydas (Linnaeus, 1758)	NA	NA	NA	NA	NA	NA	Animalia; Chordata; Reptilia; Testudines; Cheloniidae	Animalia	Chordata	Reptilia	Testudines	Chelonioidea	Cheloniidae	NA	NA	NA	Chelonia	Chelonia	NA	NA	mydas	NA	NA	SPECIES	NA	NA	NA	ACCEPTED	NA	NA	cece4fc2-1fec-4bb5-a335-7252548e3f0b	US	2026-09-07 00:06:38	NA	NA	NA	NA	NA	COORDINATE_ROUNDED;CONTINENT_DERIVED_FROM_COORDINATES	NA	COORDINATE_ROUNDED;CONTINENT_DERIVED_FROM_COORDINATES	StillImage	TRUE	FALSE	TVGD	TVGD	N	CH2	RP	477	87BWH	83J	NA	NA	NA	3MPC	NA	TVGD	Chelonia mydas	Chelonia mydas (Linnaeus, 1758)	Chelonia mydas	NA	EML	2026-09-07 00:06:38	2026-09-07 00:01:45	NA	TRUE	NA	NA	FALSE	LATIN_AMERICA	NORTH_AMERICA	NA	NA	NA	NA	NA	NA	NA	NA	LC
543671244	NA	NA	NA	CC0_1_0	2024-01-04 14:21:00	California Academy of Sciences	NA	NA	NA	http://grbio.org/institution/california-academy-sciences	http://grscicoll.org/institutional-collection/herpetology-0	NA	CAS	HERP	NA	NA	PRESERVED_SPECIMEN	NA	NA	NA	urn:catalog:CAS:HERP:8106	8106	3976	R.H. Beck	NA	NA	NA	NA	Female	Adult	NA	NA	NA	NA	NA	NA	NA	NA	PRESENT	Dry	NA	NA	NA	NA	NA	NA	Mounted specimen.  Slevin's notes give locality as 'James Island about 5 miles NW of Sullivan Bay and 5 miles inland; elevation by barmeter 650 ft.'	NA	NA	NA	NA	NA	NA	NA	NA	NA	NA	NA	NA	NA	NA	1906-08-03	NA	215	215	1906	8	3	3 Aug 1906	NA	NA	NA	NA	NA	NA	NA	NA	NA	South Pacific Ocean; Ecuador; Galapagos Prov.; Galapagos Ids.; San Salvador Id.	SOUTH_AMERICA	South Pacific Ocean	Galapagos Ids.	San Salvador Id.	EC	Galapagos Prov.	NA	NA	ca 5 mi NW of Sullivan Bay and 5 mi inland	James Isl. Galapagos Archipelago	650 ft	NA	NA	NA	NA	NA	NA	-0.257931	-90.662006	NA	NA	NA	NA	NA	NA	NA	NA	NA	NA	NA	Google Earth, 2013.	NA	NA	NA	NA	NA	NA	NA	NA	NA	NA	NA	NA	NA	NA	NA	NA	NA	NA	NA	NA	NA	NA	NA	NA	NA	NA	NA	NA	NA	NA	NA	C6Q3X	NA	NA	NA	NA	NA	Chelonoidis darwini (Van Denburgh, 1907)	NA	NA	NA	NA	NA	NA	Animalia; Chordata; Reptilia; Testudines; Testudinidae	Animalia	Chordata	Reptilia	Testudines	Testudinoidea	Testudinidae	NA	NA	NA	Chelonoidis	Chelonoidis	NA	NA	darwini	NA	NA	SPECIES	NA	NA	NA	SYNONYM	NA	NA	cece4fc2-1fec-4bb5-a335-7252548e3f0b	US	2026-09-07 00:06:33	198.12	NA	NA	NA	NA	COORDINATE_ROUNDED;CONTINENT_DERIVED_FROM_COORDINATES	NA	COORDINATE_ROUNDED;CONTINENT_DERIVED_FROM_COORDINATES	StillImage	TRUE	FALSE	TVL7	C6Q3X	N	CH2	RP	477	87BWY	626NZ	NA	NA	NA	3MPP	NA	5Y2Z9	Chelonoidis niger	Chelonoidis niger darwini (Van Denburgh, 1907)	Chelonoidis darwini	NA	EML	2026-09-07 00:06:33	2026-09-07 00:01:45	NA	TRUE	NA	NA	FALSE	LATIN_AMERICA	NORTH_AMERICA	ECU	Ecuador	ECU.9_1	Galápagos	ECU.9.3_1	Santa Cruz	ECU.9.3.1_1	Bellavista	NA
543671522	NA	NA	NA	CC0_1_0	2024-01-04 14:21:00	California Academy of Sciences	NA	NA	NA	http://grbio.org/institution/california-academy-sciences	http://grscicoll.org/institutional-collection/herpetology-0	NA	CAS	HERP	NA	NA	PRESERVED_SPECIMEN	NA	NA	NA	urn:catalog:CAS:HERP:8131	8131	NA	J.R. Slevin and R.H. Beck	NA	NA	NA	NA	NA	NA	NA	NA	NA	NA	NA	NA	NA	NA	PRESENT	Dry	NA	NA	NA	NA	NA	NA	Skull only.	NA	NA	NA	NA	NA	NA	NA	NA	NA	NA	NA	NA	NA	NA	1906-02-12	NA	43	43	1906	2	12	12-14 Feb 1906	NA	NA	NA	NA	NA	NA	NA	NA	NA	South Pacific Ocean; Ecuador; Galapagos Prov.; Galapagos Ids.; San Cristobal Id.	SOUTH_AMERICA	South Pacific Ocean	Galapagos Ids.	San Cristobal Id.	EC	Galapagos Prov.	NA	NA	NA	Chatham Island Galapagos Archipelago	NA	NA	NA	NA	NA	NA	NA	-0.808056	-89.454806	NA	NA	NA	NA	NA	NA	NA	NA	NA	NA	NA	Google Earth, 2013.	NA	NA	NA	NA	NA	NA	NA	NA	NA	NA	NA	NA	NA	NA	NA	NA	NA	NA	NA	NA	NA	NA	NA	NA	NA	NA	NA	NA	NA	NA	NA	C6Q3W	NA	NA	NA	NA	NA	Chelonoidis chathamensis (Van Denburgh, 1907)	NA	NA	NA	NA	NA	NA	Animalia; Chordata; Reptilia; Testudines; Testudinidae	Animalia	Chordata	Reptilia	Testudines	Testudinoidea	Testudinidae	NA	NA	NA	Chelonoidis	Chelonoidis	NA	NA	chathamensis	NA	NA	SPECIES	NA	NA	NA	SYNONYM	NA	NA	cece4fc2-1fec-4bb5-a335-7252548e3f0b	US	2026-09-07 00:06:33	NA	NA	NA	NA	NA	COORDINATE_ROUNDED;CONTINENT_DERIVED_FROM_COORDINATES	NA	COORDINATE_ROUNDED;CONTINENT_DERIVED_FROM_COORDINATES	StillImage	TRUE	FALSE	TVL5	C6Q3W	N	CH2	RP	477	87BWY	626NZ	NA	NA	NA	3MPP	NA	5Y2Z9	Chelonoidis niger	Chelonoidis niger chathamensis (Van Denburgh, 1907)	Chelonoidis chathamensis	NA	EML	2026-09-07 00:06:33	2026-09-07 00:01:45	NA	TRUE	NA	NA	FALSE	LATIN_AMERICA	NORTH_AMERICA	ECU	Ecuador	ECU.9_1	Galápagos	ECU.9.2_1	San Cristóbal	ECU.9.2.1_1	El Progreso	NA
543671977	NA	NA	NA	CC0_1_0	2024-01-04 14:21:00	California Academy of Sciences	NA	NA	NA	http://grbio.org/institution/california-academy-sciences	http://grscicoll.org/institutional-collection/herpetology-0	NA	CAS	HERP	NA	NA	PRESERVED_SPECIMEN	NA	NA	NA	urn:catalog:CAS:HERP:8172	8172	2895	R.H. Beck	NA	NA	NA	NA	Male	Adult	NA	NA	NA	NA	NA	NA	NA	NA	PRESENT	Dry	NA	NA	NA	NA	NA	NA	On board 16 March 1906.  Miscellaneous postcrania in skeletal collection.	NA	NA	NA	NA	NA	NA	NA	NA	NA	NA	NA	NA	NA	NA	1906-03-15	NA	74	74	1906	3	15	15 Mar 1906	NA	NA	NA	NA	NA	NA	NA	NA	NA	South Pacific Ocean; Ecuador; Galapagos Prov.; Galapagos Ids.; Isabela Id.	SOUTH_AMERICA	South Pacific Ocean	Galapagos Ids.	Isabela Id.	EC	Galapagos Prov.	NA	NA	vicinity of Cape Rose	Vic. Cape Rose Albemarle Isl. Galapagos Arch.	NA	NA	NA	NA	NA	NA	NA	-1.030833	-91.22	NA	NA	NA	NA	NA	NA	NA	NA	NA	NA	NA	Google Earth, 2013.	NA	NA	NA	NA	NA	NA	NA	NA	NA	NA	NA	NA	NA	NA	NA	NA	NA	NA	NA	NA	NA	NA	NA	NA	NA	NA	NA	NA	NA	NA	NA	C6Q44	NA	NA	NA	NA	NA	Chelonoidis microphyes (Günther, 1875)	NA	NA	NA	NA	NA	NA	Animalia; Chordata; Reptilia; Testudines; Testudinidae	Animalia	Chordata	Reptilia	Testudines	Testudinoidea	Testudinidae	NA	NA	NA	Chelonoidis	Chelonoidis	NA	NA	microphyes	NA	NA	SPECIES	NA	NA	NA	SYNONYM	NA	NA	cece4fc2-1fec-4bb5-a335-7252548e3f0b	US	2026-09-07 00:06:33	NA	NA	NA	NA	NA	COORDINATE_ROUNDED;CONTINENT_DERIVED_FROM_COORDINATES	NA	COORDINATE_ROUNDED;CONTINENT_DERIVED_FROM_COORDINATES	StillImage	TRUE	FALSE	8GPG3	C6Q44	N	CH2	RP	477	87BWY	626NZ	NA	NA	NA	3MPP	NA	5Y2Z9	Chelonoidis niger	Chelonoidis niger microphyes (Günther, 1875)	Chelonoidis microphyes	NA	EML	2026-09-07 00:06:33	2026-09-07 00:01:45	NA	TRUE	NA	NA	FALSE	LATIN_AMERICA	NORTH_AMERICA	ECU	Ecuador	ECU.9_1	Galápagos	ECU.9.1_1	Isabela	ECU.9.1.2_1	Tomas De Berlanga (Santo Tomas)	NA
543671599	NA	NA	NA	CC0_1_0	2024-01-04 14:21:00	California Academy of Sciences	NA	NA	NA	http://grbio.org/institution/california-academy-sciences	http://grscicoll.org/institutional-collection/herpetology-0	NA	CAS	HERP	NA	NA	PRESERVED_SPECIMEN	NA	NA	NA	urn:catalog:CAS:HERP:8138	8138	NA	R.H. Beck	NA	NA	NA	NA	NA	NA	NA	NA	NA	NA	NA	NA	NA	NA	PRESENT	Dry	NA	NA	NA	NA	NA	NA	Original number 'e.'  Miscellaneous postcrania in skeletal collection.	NA	NA	NA	NA	NA	NA	NA	NA	NA	NA	NA	NA	NA	NA	1906-06-27	NA	178	178	1906	6	27	27 Jun 1906	NA	NA	NA	NA	NA	NA	NA	NA	NA	South Pacific Ocean; Ecuador; Galapagos Prov.; Galapagos Ids.; Espanola Id.	SOUTH_AMERICA	South Pacific Ocean	Galapagos Ids.	Espanola Id.	EC	Galapagos Prov.	NA	NA	NA	Hood Isl. Galapagos Archipelago	NA	NA	NA	NA	NA	NA	NA	-1.361944	-89.723333	NA	NA	NA	NA	NA	NA	NA	NA	NA	NA	NA	Google Earth, 2013.	NA	NA	NA	NA	NA	NA	NA	NA	NA	NA	NA	NA	NA	NA	NA	NA	NA	NA	NA	NA	NA	NA	NA	NA	NA	NA	NA	NA	NA	NA	NA	C6Q43	NA	NA	NA	NA	NA	Chelonoidis hoodensis (Van Denburgh, 1907)	NA	NA	NA	NA	NA	NA	Animalia; Chordata; Reptilia; Testudines; Testudinidae	Animalia	Chordata	Reptilia	Testudines	Testudinoidea	Testudinidae	NA	NA	NA	Chelonoidis	Chelonoidis	NA	NA	hoodensis	NA	NA	SPECIES	NA	NA	NA	SYNONYM	NA	NA	cece4fc2-1fec-4bb5-a335-7252548e3f0b	US	2026-09-07 00:06:33	NA	NA	NA	NA	NA	COORDINATE_ROUNDED;CONTINENT_DERIVED_FROM_COORDINATES	NA	COORDINATE_ROUNDED;CONTINENT_DERIVED_FROM_COORDINATES	StillImage	TRUE	FALSE	TVLD	C6Q43	N	CH2	RP	477	87BWY	626NZ	NA	NA	NA	3MPP	NA	5Y2Z9	Chelonoidis niger	Chelonoidis niger hoodensis (Van Denburgh, 1907)	Chelonoidis hoodensis	NA	EML	2026-09-07 00:06:33	2026-09-07 00:01:45	NA	TRUE	NA	NA	FALSE	LATIN_AMERICA	NORTH_AMERICA	ECU	Ecuador	ECU.9_1	Galápagos	ECU.9.2_1	San Cristóbal	ECU.9.2.2_1	Isla Santa Mara (Floreana) (Cab.	NA
543671666	NA	NA	NA	CC0_1_0	2024-01-04 14:21:00	California Academy of Sciences	NA	NA	NA	http://grbio.org/institution/california-academy-sciences	http://grscicoll.org/institutional-collection/herpetology-0	NA	CAS	HERP	NA	NA	PRESERVED_SPECIMEN	NA	NA	NA	urn:catalog:CAS:HERP:8144	8144	NA	R.H. Beck	NA	NA	NA	NA	NA	NA	NA	NA	NA	NA	NA	NA	NA	NA	PRESENT	Dry	NA	NA	NA	NA	NA	NA	Original number 'by.'  Miscellaneous postcrania in skeletal collection.	NA	NA	NA	NA	NA	NA	NA	NA	NA	NA	NA	NA	NA	NA	1906-07-10	NA	191	191	1906	7	10	10 Jul 1906	NA	NA	NA	NA	NA	NA	NA	NA	NA	South Pacific Ocean; Ecuador; Galapagos Prov.; Galapagos Ids.; Santa Fe Id.	SOUTH_AMERICA	South Pacific Ocean	Galapagos Ids.	Santa Fe Id.	EC	Galapagos Prov.	NA	NA	NA	Barrington Isl. Galapagos Archipelago	NA	NA	NA	NA	NA	NA	NA	-0.806667	-90.076111	NA	NA	NA	NA	NA	NA	NA	NA	NA	NA	NA	Google Earth, 2013.	NA	NA	NA	NA	NA	NA	NA	NA	NA	NA	NA	NA	NA	NA	NA	NA	NA	NA	NA	NA	NA	NA	NA	NA	NA	NA	NA	NA	NA	NA	NA	3MPP	NA	NA	NA	NA	NA	Chelonoidis Fitzinger, 1835	NA	NA	NA	NA	NA	NA	Animalia; Chordata; Reptilia; Testudines; Testudinidae	Animalia	Chordata	Reptilia	Testudines	Testudinoidea	Testudinidae	NA	NA	NA	Chelonoidis	NA	NA	NA	NA	NA	NA	GENUS	NA	NA	NA	ACCEPTED	NA	NA	cece4fc2-1fec-4bb5-a335-7252548e3f0b	US	2026-09-07 00:06:33	NA	NA	NA	NA	NA	COORDINATE_ROUNDED;CONTINENT_DERIVED_FROM_COORDINATES	NA	COORDINATE_ROUNDED;CONTINENT_DERIVED_FROM_COORDINATES	StillImage	TRUE	FALSE	3MPP	3MPP	N	CH2	RP	477	87BWY	626NZ	NA	NA	NA	3MPP	NA	NA	NA	Chelonoidis Fitzinger, 1835	Chelonoidis	NA	EML	2026-09-07 00:06:33	2026-09-07 00:01:45	NA	TRUE	NA	NA	FALSE	LATIN_AMERICA	NORTH_AMERICA	ECU	Ecuador	ECU.9_1	Galápagos	ECU.9.2_1	San Cristóbal	ECU.9.2.2_1	Isla Santa Mara (Floreana) (Cab.	NA
543672766	NA	NA	NA	CC0_1_0	2024-01-04 14:21:00	California Academy of Sciences	NA	NA	NA	http://grbio.org/institution/california-academy-sciences	http://grscicoll.org/institutional-collection/herpetology-0	NA	CAS	HERP	NA	NA	PRESERVED_SPECIMEN	NA	NA	NA	urn:catalog:CAS:HERP:8243	8243	4483	J.R. Slevin	NA	NA	NA	NA	Female	Adult	NA	NA	NA	NA	NA	NA	NA	NA	PRESENT	Dry	NA	NA	NA	NA	NA	NA	Bought of Native Collector.	NA	NA	NA	NA	NA	NA	NA	NA	NA	NA	NA	NA	NA	NA	1906-10-05	NA	278	278	1906	10	5	5 Oct 1906	NA	NA	NA	NA	NA	NA	NA	NA	NA	South Pacific Ocean; Ecuador; Galapagos Prov.; Galapagos Ids.; Isabela Id.	SOUTH_AMERICA	South Pacific Ocean	Galapagos Ids.	Isabela Id.	EC	Galapagos Prov.	NA	NA	Villamil Mtn	Vilamil Mt., Albemarle Isl., Galapagos Arch.	NA	NA	NA	NA	NA	NA	NA	-0.911944	-91.123611	9656.08	NA	NA	NA	NA	NA	NA	NA	NA	NA	NA	Google Earth, 2013.	NA	NA	NA	NA	NA	NA	NA	NA	NA	NA	NA	NA	NA	NA	NA	NA	NA	NA	NA	NA	NA	NA	NA	NA	NA	NA	NA	NA	NA	NA	NA	C6Q49	NA	NA	NA	NA	NA	Chelonoidis vicina (Günther, 1875)	NA	NA	NA	NA	NA	NA	Animalia; Chordata; Reptilia; Testudines; Testudinidae	Animalia	Chordata	Reptilia	Testudines	Testudinoidea	Testudinidae	NA	NA	NA	Chelonoidis	Chelonoidis	NA	NA	vicina	NA	NA	SPECIES	NA	NA	NA	SYNONYM	NA	NA	cece4fc2-1fec-4bb5-a335-7252548e3f0b	US	2026-09-07 00:06:33	NA	NA	NA	NA	NA	COORDINATE_ROUNDED;CONTINENT_DERIVED_FROM_COORDINATES	NA	COORDINATE_ROUNDED;CONTINENT_DERIVED_FROM_COORDINATES	StillImage	TRUE	FALSE	TVLL	C6Q49	N	CH2	RP	477	87BWY	626NZ	NA	NA	NA	3MPP	NA	5Y2Z9	Chelonoidis niger	Chelonoidis niger vicina (Günther, 1874)	Chelonoidis vicina	NA	EML	2026-09-07 00:06:33	2026-09-07 00:01:45	NA	TRUE	NA	NA	FALSE	LATIN_AMERICA	NORTH_AMERICA	ECU	Ecuador	ECU.9_1	Galápagos	ECU.9.1_1	Isabela	ECU.9.1.2_1	Tomas De Berlanga (Santo Tomas)	NA
543671355	NA	NA	NA	CC0_1_0	2024-01-04 14:21:00	California Academy of Sciences	NA	NA	NA	http://grbio.org/institution/california-academy-sciences	http://grscicoll.org/institutional-collection/herpetology-0	NA	CAS	HERP	NA	NA	PRESERVED_SPECIMEN	NA	NA	NA	urn:catalog:CAS:HERP:8116	8116	3023	R.H. Beck	NA	NA	NA	NA	Male	Adult	NA	NA	NA	NA	NA	NA	NA	NA	PRESENT	Dry	NA	NA	NA	NA	NA	NA	Miscellaneous postcrania in skeletal collection.	NA	NA	NA	NA	NA	NA	NA	NA	NA	NA	NA	NA	NA	NA	1906-04-12	NA	102	102	1906	4	12	12 Apr 1906	NA	NA	NA	NA	NA	NA	NA	NA	NA	South Pacific Ocean; Ecuador; Galapagos Prov.; Galapagos Ids.; Isabela Id.	SOUTH_AMERICA	South Pacific Ocean	Galapagos Ids.	Isabela Id.	EC	Galapagos Prov.	NA	NA	Banks Bay	Banks Bay, Albemarle Isl. Galapagos Archipelago	NA	NA	NA	NA	NA	NA	NA	0.034722	-91.394722	NA	NA	NA	NA	NA	NA	NA	NA	NA	NA	NA	Google Earth, 2013.	NA	NA	NA	NA	NA	NA	NA	NA	NA	NA	NA	NA	NA	NA	NA	NA	NA	NA	NA	NA	NA	NA	NA	NA	NA	NA	NA	NA	NA	NA	NA	C6Q3V	NA	NA	NA	NA	NA	Chelonoidis becki (Rothschild, 1901)	NA	NA	NA	NA	NA	NA	Animalia; Chordata; Reptilia; Testudines; Testudinidae	Animalia	Chordata	Reptilia	Testudines	Testudinoidea	Testudinidae	NA	NA	NA	Chelonoidis	Chelonoidis	NA	NA	becki	NA	NA	SPECIES	NA	NA	NA	SYNONYM	NA	NA	cece4fc2-1fec-4bb5-a335-7252548e3f0b	US	2026-09-07 00:06:33	NA	NA	NA	NA	NA	COORDINATE_ROUNDED;CONTINENT_DERIVED_FROM_COORDINATES	NA	COORDINATE_ROUNDED;CONTINENT_DERIVED_FROM_COORDINATES	StillImage	TRUE	FALSE	TVL2	C6Q3V	N	CH2	RP	477	87BWY	626NZ	NA	NA	NA	3MPP	NA	5Y2Z9	Chelonoidis niger	Chelonoidis niger becki (Rothschild, 1901)	Chelonoidis becki	NA	EML	2026-09-07 00:06:33	2026-09-07 00:01:45	NA	TRUE	NA	NA	FALSE	LATIN_AMERICA	NORTH_AMERICA	ECU	Ecuador	ECU.9_1	Galápagos	ECU.9.1_1	Isabela	ECU.9.1.2_1	Tomas De Berlanga (Santo Tomas)	NA
543672733	NA	NA	NA	CC0_1_0	2024-01-04 14:21:00	California Academy of Sciences	NA	NA	NA	http://grbio.org/institution/california-academy-sciences	http://grscicoll.org/institutional-collection/herpetology-0	NA	CAS	HERP	NA	NA	PRESERVED_SPECIMEN	NA	NA	NA	urn:catalog:CAS:HERP:8240	8240	4480	J.R. Slevin	NA	NA	NA	NA	Female	Adult	NA	NA	NA	NA	NA	NA	NA	NA	PRESENT	Dry	NA	NA	NA	NA	NA	NA	Bought of Native Collector.	NA	NA	NA	NA	NA	NA	NA	NA	NA	NA	NA	NA	NA	NA	1906-10-05	NA	278	278	1906	10	5	5 Oct 1906	NA	NA	NA	NA	NA	NA	NA	NA	NA	South Pacific Ocean; Ecuador; Galapagos Prov.; Galapagos Ids.; Isabela Id.	SOUTH_AMERICA	South Pacific Ocean	Galapagos Ids.	Isabela Id.	EC	Galapagos Prov.	NA	NA	Villamil Mtn	Vilamil Mt., Albemarle Isl., Galapagos Arch.	NA	NA	NA	NA	NA	NA	NA	-0.911944	-91.123611	9656.08	NA	NA	NA	NA	NA	NA	NA	NA	NA	NA	Google Earth, 2013.	NA	NA	NA	NA	NA	NA	NA	NA	NA	NA	NA	NA	NA	NA	NA	NA	NA	NA	NA	NA	NA	NA	NA	NA	NA	NA	NA	NA	NA	NA	NA	C6Q42	NA	NA	NA	NA	NA	Chelonoidis guntheri (Baur, 1889)	NA	NA	NA	NA	NA	NA	Animalia; Chordata; Reptilia; Testudines; Testudinidae	Animalia	Chordata	Reptilia	Testudines	Testudinoidea	Testudinidae	NA	NA	NA	Chelonoidis	Chelonoidis	NA	NA	guntheri	NA	NA	SPECIES	NA	NA	NA	SYNONYM	NA	NA	cece4fc2-1fec-4bb5-a335-7252548e3f0b	US	2026-09-07 00:06:33	NA	NA	NA	NA	NA	COORDINATE_ROUNDED;CONTINENT_DERIVED_FROM_COORDINATES	NA	COORDINATE_ROUNDED;CONTINENT_DERIVED_FROM_COORDINATES	StillImage	TRUE	FALSE	8GPG2	C6Q42	N	CH2	RP	477	87BWY	626NZ	NA	NA	NA	3MPP	NA	5Y2Z9	Chelonoidis niger	Chelonoidis niger guntheri (Baur, 1889)	Chelonoidis guntheri	NA	EML	2026-09-07 00:06:33	2026-09-07 00:01:45	NA	TRUE	NA	NA	FALSE	LATIN_AMERICA	NORTH_AMERICA	ECU	Ecuador	ECU.9_1	Galápagos	ECU.9.1_1	Isabela	ECU.9.1.2_1	Tomas De Berlanga (Santo Tomas)	NA
543671777	NA	NA	NA	CC0_1_0	2024-01-04 14:21:00	California Academy of Sciences	NA	NA	NA	http://grbio.org/institution/california-academy-sciences	http://grscicoll.org/institutional-collection/herpetology-0	NA	CAS	HERP	NA	NA	PRESERVED_SPECIMEN	NA	NA	NA	urn:catalog:CAS:HERP:8154	8154	NA	R.H. Beck	NA	NA	NA	NA	NA	NA	NA	NA	NA	NA	NA	NA	NA	NA	PRESENT	Dry	NA	NA	NA	NA	NA	NA	Miscellaneous postcrania in skeletal collection.	NA	NA	NA	NA	NA	NA	NA	NA	NA	NA	NA	NA	NA	NA	1906-07-10	NA	191	191	1906	7	10	10 Jul 1906	NA	NA	NA	NA	NA	NA	NA	NA	NA	South Pacific Ocean; Ecuador; Galapagos Prov.; Galapagos Ids.; Santa Fe Id.	SOUTH_AMERICA	South Pacific Ocean	Galapagos Ids.	Santa Fe Id.	EC	Galapagos Prov.	NA	NA	NA	Barrington Isl. Galapagos Archipelago	NA	NA	NA	NA	NA	NA	NA	-0.806667	-90.076111	NA	NA	NA	NA	NA	NA	NA	NA	NA	NA	NA	Google Earth, 2013.	NA	NA	NA	NA	NA	NA	NA	NA	NA	NA	NA	NA	NA	NA	NA	NA	NA	NA	NA	NA	NA	NA	NA	NA	NA	NA	NA	NA	NA	NA	NA	3MPP	NA	NA	NA	NA	NA	Chelonoidis Fitzinger, 1835	NA	NA	NA	NA	NA	NA	Animalia; Chordata; Reptilia; Testudines; Testudinidae	Animalia	Chordata	Reptilia	Testudines	Testudinoidea	Testudinidae	NA	NA	NA	Chelonoidis	NA	NA	NA	NA	NA	NA	GENUS	NA	NA	NA	ACCEPTED	NA	NA	cece4fc2-1fec-4bb5-a335-7252548e3f0b	US	2026-09-07 00:06:33	NA	NA	NA	NA	NA	COORDINATE_ROUNDED;CONTINENT_DERIVED_FROM_COORDINATES	NA	COORDINATE_ROUNDED;CONTINENT_DERIVED_FROM_COORDINATES	StillImage	TRUE	FALSE	3MPP	3MPP	N	CH2	RP	477	87BWY	626NZ	NA	NA	NA	3MPP	NA	NA	NA	Chelonoidis Fitzinger, 1835	Chelonoidis	NA	EML	2026-09-07 00:06:33	2026-09-07 00:01:45	NA	TRUE	NA	NA	FALSE	LATIN_AMERICA	NORTH_AMERICA	ECU	Ecuador	ECU.9_1	Galápagos	ECU.9.2_1	San Cristóbal	ECU.9.2.2_1	Isla Santa Mara (Floreana) (Cab.	NA
543675332	NA	NA	NA	CC0_1_0	2024-01-04 14:21:00	California Academy of Sciences	NA	NA	NA	http://grbio.org/institution/california-academy-sciences	http://grscicoll.org/institutional-collection/herpetology-0	NA	CAS	HERP	NA	NA	PRESERVED_SPECIMEN	NA	NA	NA	urn:catalog:CAS:HERP:8474	8474	2410	R.H. Beck	NA	NA	NA	NA	Female	Adult	NA	NA	NA	NA	NA	NA	NA	NA	PRESENT	Dry	NA	NA	NA	NA	NA	NA	Killed 4 Jan 1906.  Miscellaneous postcrania in skeletal collection.	NA	NA	NA	NA	NA	NA	NA	NA	NA	NA	NA	NA	NA	NA	1906-01-03	NA	3	3	1906	1	3	3 Jan 1906	NA	NA	NA	NA	NA	NA	NA	NA	NA	South Pacific Ocean; Ecuador; Galapagos Prov.; Galapagos Ids.; San Salvador Id.	SOUTH_AMERICA	South Pacific Ocean	Galapagos Ids.	San Salvador Id.	EC	Galapagos Prov.	NA	NA	James Bay	James Bay, James Isl. Galapagos Arch.	NA	NA	NA	NA	NA	NA	NA	-0.203611	-90.829722	NA	NA	NA	NA	NA	NA	NA	NA	NA	NA	NA	Google Earth, 2013.	NA	NA	NA	NA	NA	NA	NA	NA	NA	NA	NA	NA	NA	NA	NA	NA	NA	NA	NA	NA	NA	NA	NA	NA	NA	NA	NA	NA	NA	NA	NA	TVGD	NA	NA	NA	NA	NA	Chelonia mydas (Linnaeus, 1758)	NA	NA	NA	NA	NA	NA	Animalia; Chordata; Reptilia; Testudines; Cheloniidae	Animalia	Chordata	Reptilia	Testudines	Chelonioidea	Cheloniidae	NA	NA	NA	Chelonia	Chelonia	NA	NA	mydas	NA	NA	SPECIES	NA	NA	NA	ACCEPTED	NA	NA	cece4fc2-1fec-4bb5-a335-7252548e3f0b	US	2026-09-07 00:06:33	NA	NA	NA	NA	NA	COORDINATE_ROUNDED;CONTINENT_DERIVED_FROM_COORDINATES	NA	COORDINATE_ROUNDED;CONTINENT_DERIVED_FROM_COORDINATES	StillImage	TRUE	FALSE	TVGD	TVGD	N	CH2	RP	477	87BWH	83J	NA	NA	NA	3MPC	NA	TVGD	Chelonia mydas	Chelonia mydas (Linnaeus, 1758)	Chelonia mydas	NA	EML	2026-09-07 00:06:33	2026-09-07 00:01:45	NA	TRUE	NA	NA	FALSE	LATIN_AMERICA	NORTH_AMERICA	NA	NA	NA	NA	NA	NA	NA	NA	LC
543675832	NA	NA	NA	CC0_1_0	2024-01-04 14:21:00	California Academy of Sciences	NA	NA	NA	http://grbio.org/institution/california-academy-sciences	http://grscicoll.org/institutional-collection/herpetology-0	NA	CAS	HERP	NA	NA	PRESERVED_SPECIMEN	NA	NA	NA	urn:catalog:CAS:HERP:8519	8519	NA	R.H. Beck	NA	NA	NA	NA	NA	Adult	NA	NA	NA	NA	NA	NA	NA	NA	PRESENT	Dry	NA	NA	NA	NA	NA	NA	NA	NA	NA	NA	NA	NA	NA	NA	NA	NA	NA	NA	NA	NA	NA	1906-07-16	NA	197	197	1906	7	16	16 Jul 1906	NA	NA	NA	NA	NA	NA	NA	NA	NA	South Pacific Ocean; Ecuador; Galapagos Prov.; Galapagos Ids.; Santa Cruz Id.	SOUTH_AMERICA	South Pacific Ocean	Galapagos Ids.	Santa Cruz Id.	EC	Galapagos Prov.	NA	NA	NA	Indefatigable Isl. Galapagos Arch.	NA	NA	NA	NA	NA	NA	NA	-0.747222	-90.308889	NA	NA	NA	NA	NA	NA	NA	NA	NA	NA	NA	Google Earth, 2013.	NA	NA	NA	NA	NA	NA	NA	NA	NA	NA	NA	NA	NA	NA	NA	NA	NA	NA	NA	NA	NA	NA	NA	NA	NA	NA	NA	NA	NA	NA	NA	TVGD	NA	NA	NA	NA	NA	Chelonia mydas (Linnaeus, 1758)	NA	NA	NA	NA	NA	NA	Animalia; Chordata; Reptilia; Testudines; Cheloniidae	Animalia	Chordata	Reptilia	Testudines	Chelonioidea	Cheloniidae	NA	NA	NA	Chelonia	Chelonia	NA	NA	mydas	NA	NA	SPECIES	NA	NA	NA	ACCEPTED	NA	NA	cece4fc2-1fec-4bb5-a335-7252548e3f0b	US	2026-09-07 00:06:33	NA	NA	NA	NA	NA	COORDINATE_ROUNDED;CONTINENT_DERIVED_FROM_COORDINATES	NA	COORDINATE_ROUNDED;CONTINENT_DERIVED_FROM_COORDINATES	StillImage	TRUE	FALSE	TVGD	TVGD	N	CH2	RP	477	87BWH	83J	NA	NA	NA	3MPC	NA	TVGD	Chelonia mydas	Chelonia mydas (Linnaeus, 1758)	Chelonia mydas	NA	EML	2026-09-07 00:06:33	2026-09-07 00:01:45	NA	TRUE	NA	NA	FALSE	LATIN_AMERICA	NORTH_AMERICA	NA	NA	NA	NA	NA	NA	NA	NA	LC
543674566	NA	NA	NA	CC0_1_0	2024-01-04 14:21:00	California Academy of Sciences	NA	NA	NA	http://grbio.org/institution/california-academy-sciences	http://grscicoll.org/institutional-collection/herpetology-0	NA	CAS	HERP	NA	NA	PRESERVED_SPECIMEN	NA	NA	NA	urn:catalog:CAS:HERP:8405	8405	NA	J.R. Slevin and R.H. Beck	NA	NA	NA	NA	NA	Adult	NA	NA	NA	NA	NA	NA	NA	NA	PRESENT	Dry	NA	NA	NA	NA	NA	NA	Skull.	NA	NA	NA	NA	NA	NA	NA	NA	NA	NA	NA	NA	NA	NA	1906-08-24	NA	236	236	1906	8	24	24 Aug 1906	NA	NA	NA	NA	NA	NA	NA	NA	NA	South Pacific Ocean; Ecuador; Galapagos Prov.; Galapagos Ids.; Isabela Id.	SOUTH_AMERICA	South Pacific Ocean	Galapagos Ids.	Isabela Id.	EC	Galapagos Prov.	NA	NA	Villamil Mtn	Vilamil Mt. Albemarle Isl. Galapagos Arch.	NA	NA	NA	NA	NA	NA	NA	-0.841667	-91.163333	NA	NA	NA	NA	NA	NA	NA	NA	NA	NA	NA	Google Earth, 2013.	NA	NA	NA	NA	NA	NA	NA	NA	NA	NA	NA	NA	NA	NA	NA	NA	NA	NA	NA	NA	NA	NA	NA	NA	NA	NA	NA	NA	NA	NA	NA	C6Q42	NA	NA	NA	NA	NA	Chelonoidis guntheri (Baur, 1889)	NA	NA	NA	NA	NA	NA	Animalia; Chordata; Reptilia; Testudines; Testudinidae	Animalia	Chordata	Reptilia	Testudines	Testudinoidea	Testudinidae	NA	NA	NA	Chelonoidis	Chelonoidis	NA	NA	guntheri	NA	NA	SPECIES	NA	NA	NA	SYNONYM	NA	NA	cece4fc2-1fec-4bb5-a335-7252548e3f0b	US	2026-09-07 00:06:33	NA	NA	NA	NA	NA	COORDINATE_ROUNDED;CONTINENT_DERIVED_FROM_COORDINATES	NA	COORDINATE_ROUNDED;CONTINENT_DERIVED_FROM_COORDINATES	StillImage	TRUE	FALSE	8GPG2	C6Q42	N	CH2	RP	477	87BWY	626NZ	NA	NA	NA	3MPP	NA	5Y2Z9	Chelonoidis niger	Chelonoidis niger guntheri (Baur, 1889)	Chelonoidis guntheri	NA	EML	2026-09-07 00:06:33	2026-09-07 00:01:45	NA	TRUE	NA	NA	FALSE	LATIN_AMERICA	NORTH_AMERICA	ECU	Ecuador	ECU.9_1	Galápagos	ECU.9.1_1	Isabela	ECU.9.1.2_1	Tomas De Berlanga (Santo Tomas)	NA
543674387	NA	NA	NA	CC0_1_0	2024-01-04 14:21:00	California Academy of Sciences	NA	NA	NA	http://grbio.org/institution/california-academy-sciences	http://grscicoll.org/institutional-collection/herpetology-0	NA	CAS	HERP	NA	NA	PRESERVED_SPECIMEN	NA	NA	NA	urn:catalog:CAS:HERP:8389	8389	2420?	R.H. Beck	NA	NA	NA	NA	Female	Adult	NA	NA	NA	NA	NA	NA	NA	NA	PRESENT	Dry	NA	NA	NA	NA	NA	NA	Date of collection in error the schooner Academy was anchored in Academy Bay, Santa Cruz Island on 13 Jan 1906 - JVV, 24 Jun 2013.	NA	NA	NA	NA	NA	NA	NA	NA	NA	NA	NA	NA	NA	NA	1906-01-13	NA	13	13	1906	1	13	13 Jan 1906	NA	NA	NA	NA	NA	NA	NA	NA	NA	South Pacific Ocean; Ecuador; Galapagos Prov.; Galapagos Ids.; Isabela Id.	SOUTH_AMERICA	South Pacific Ocean	Galapagos Ids.	Isabela Id.	EC	Galapagos Prov.	NA	NA	8 mi W of Villamil	Albemarle Island, Galapagos Arch.  8 m. W. of Vilamil	NA	NA	NA	NA	NA	NA	NA	-1.000833	-91.072778	NA	NA	NA	NA	NA	NA	NA	NA	NA	NA	NA	Google Earth, 2013.	NA	NA	NA	NA	NA	NA	NA	NA	NA	NA	NA	NA	NA	NA	NA	NA	NA	NA	NA	NA	NA	NA	NA	NA	NA	NA	NA	NA	NA	NA	NA	C6Q49	NA	NA	NA	NA	NA	Chelonoidis vicina (Günther, 1875)	NA	NA	NA	NA	NA	NA	Animalia; Chordata; Reptilia; Testudines; Testudinidae	Animalia	Chordata	Reptilia	Testudines	Testudinoidea	Testudinidae	NA	NA	NA	Chelonoidis	Chelonoidis	NA	NA	vicina	NA	NA	SPECIES	NA	NA	NA	SYNONYM	NA	NA	cece4fc2-1fec-4bb5-a335-7252548e3f0b	US	2026-09-07 00:06:40	NA	NA	NA	NA	NA	COORDINATE_ROUNDED;CONTINENT_DERIVED_FROM_COORDINATES	NA	COORDINATE_ROUNDED;CONTINENT_DERIVED_FROM_COORDINATES	StillImage	TRUE	FALSE	TVLL	C6Q49	N	CH2	RP	477	87BWY	626NZ	NA	NA	NA	3MPP	NA	5Y2Z9	Chelonoidis niger	Chelonoidis niger vicina (Günther, 1874)	Chelonoidis vicina	NA	EML	2026-09-07 00:06:40	2026-09-07 00:01:45	NA	TRUE	NA	NA	FALSE	LATIN_AMERICA	NORTH_AMERICA	ECU	Ecuador	ECU.9_1	Galápagos	ECU.9.1_1	Isabela	ECU.9.1.2_1	Tomas De Berlanga (Santo Tomas)	NA
543674544	NA	NA	NA	CC0_1_0	2024-01-04 14:21:00	California Academy of Sciences	NA	NA	NA	http://grbio.org/institution/california-academy-sciences	http://grscicoll.org/institutional-collection/herpetology-0	NA	CAS	HERP	NA	NA	PRESERVED_SPECIMEN	NA	NA	NA	urn:catalog:CAS:HERP:8403	8403	NA	J.R. Slevin and R.H. Beck	NA	NA	NA	NA	NA	Adult	NA	NA	NA	NA	NA	NA	NA	NA	PRESENT	Dry	NA	NA	NA	NA	NA	NA	Skull.	NA	NA	NA	NA	NA	NA	NA	NA	NA	NA	NA	NA	NA	NA	1906-08-24	NA	236	236	1906	8	24	24 Aug 1906	NA	NA	NA	NA	NA	NA	NA	NA	NA	South Pacific Ocean; Ecuador; Galapagos Prov.; Galapagos Ids.; Isabela Id.	SOUTH_AMERICA	South Pacific Ocean	Galapagos Ids.	Isabela Id.	EC	Galapagos Prov.	NA	NA	Villamil Mtn	Vilamil Mt. Albemarle Isl. Galapagos Arch.	NA	NA	NA	NA	NA	NA	NA	-0.841667	-91.163333	NA	NA	NA	NA	NA	NA	NA	NA	NA	NA	NA	Google Earth, 2013.	NA	NA	NA	NA	NA	NA	NA	NA	NA	NA	NA	NA	NA	NA	NA	NA	NA	NA	NA	NA	NA	NA	NA	NA	NA	NA	NA	NA	NA	NA	NA	3MPP	NA	NA	NA	NA	NA	Chelonoidis Fitzinger, 1835	NA	NA	NA	NA	NA	NA	Animalia; Chordata; Reptilia; Testudines; Testudinidae	Animalia	Chordata	Reptilia	Testudines	Testudinoidea	Testudinidae	NA	NA	NA	Chelonoidis	NA	NA	NA	NA	NA	NA	GENUS	NA	NA	NA	ACCEPTED	NA	NA	cece4fc2-1fec-4bb5-a335-7252548e3f0b	US	2026-09-07 00:06:40	NA	NA	NA	NA	NA	COORDINATE_ROUNDED;CONTINENT_DERIVED_FROM_COORDINATES	NA	COORDINATE_ROUNDED;CONTINENT_DERIVED_FROM_COORDINATES	StillImage	TRUE	FALSE	3MPP	3MPP	N	CH2	RP	477	87BWY	626NZ	NA	NA	NA	3MPP	NA	NA	NA	Chelonoidis Fitzinger, 1835	Chelonoidis	NA	EML	2026-09-07 00:06:40	2026-09-07 00:01:45	NA	TRUE	NA	NA	FALSE	LATIN_AMERICA	NORTH_AMERICA	ECU	Ecuador	ECU.9_1	Galápagos	ECU.9.1_1	Isabela	ECU.9.1.2_1	Tomas De Berlanga (Santo Tomas)	NA
543621229	NA	NA	NA	CC0_1_0	2024-01-04 14:21:00	California Academy of Sciences	NA	NA	NA	http://grbio.org/institution/california-academy-sciences	http://grscicoll.org/institutional-collection/herpetology-0	NA	CAS	HERP	NA	NA	PRESERVED_SPECIMEN	NA	NA	NA	urn:catalog:CAS:HERP:36046	36046	NA	J.R. Slevin	NA	NA	NA	NA	NA	NA	NA	NA	NA	NA	NA	NA	NA	NA	PRESENT	Dry	NA	NA	NA	NA	NA	NA	Miscellaneous weathered postcrania.	NA	NA	NA	NA	NA	NA	NA	NA	NA	NA	NA	NA	NA	NA	1906-08-11	NA	223	223	1906	8	11	11 Aug 1906	NA	NA	NA	NA	NA	NA	NA	NA	NA	South Pacific Ocean; Ecuador; Galapagos Prov.; Galapagos Ids.; Isabela Id.	SOUTH_AMERICA	South Pacific Ocean	Galapagos Ids.	Isabela Id.	EC	Galapagos Prov.	NA	NA	Cowley Mt.	Albemarle Island, Galapagos Arch., Cowley Mt.	NA	NA	NA	NA	NA	NA	NA	-0.456944	-91.050833	NA	NA	NA	NA	NA	NA	NA	NA	NA	NA	NA	Google Earth, 2013.	NA	NA	NA	NA	NA	NA	NA	NA	NA	NA	NA	NA	NA	NA	NA	NA	NA	NA	NA	NA	NA	NA	NA	NA	NA	NA	NA	NA	NA	NA	NA	3MPP	NA	NA	NA	NA	NA	Chelonoidis Fitzinger, 1835	NA	NA	NA	NA	NA	NA	Animalia; Chordata; Reptilia; Testudines; Testudinidae	Animalia	Chordata	Reptilia	Testudines	Testudinoidea	Testudinidae	NA	NA	NA	Chelonoidis	NA	NA	NA	NA	NA	NA	GENUS	NA	NA	NA	ACCEPTED	NA	NA	cece4fc2-1fec-4bb5-a335-7252548e3f0b	US	2026-09-07 00:06:39	NA	NA	NA	NA	NA	COORDINATE_ROUNDED;CONTINENT_DERIVED_FROM_COORDINATES	NA	COORDINATE_ROUNDED;CONTINENT_DERIVED_FROM_COORDINATES	StillImage	TRUE	FALSE	3MPP	3MPP	N	CH2	RP	477	87BWY	626NZ	NA	NA	NA	3MPP	NA	NA	NA	Chelonoidis Fitzinger, 1835	Chelonoidis	NA	EML	2026-09-07 00:06:39	2026-09-07 00:01:45	NA	TRUE	NA	NA	FALSE	LATIN_AMERICA	NORTH_AMERICA	ECU	Ecuador	ECU.9_1	Galápagos	ECU.9.1_1	Isabela	ECU.9.1.2_1	Tomas De Berlanga (Santo Tomas)	NA
543673021	NA	NA	NA	CC0_1_0	2024-01-04 14:21:00	California Academy of Sciences	NA	NA	NA	http://grbio.org/institution/california-academy-sciences	http://grscicoll.org/institutional-collection/herpetology-0	NA	CAS	HERP	NA	NA	PRESERVED_SPECIMEN	NA	NA	NA	urn:catalog:CAS:HERP:8266	8266	R.S.	J.R. Slevin	NA	NA	NA	NA	Female	Adult	NA	NA	NA	NA	NA	NA	NA	NA	PRESENT	Dry	NA	NA	NA	NA	NA	NA	Died in San Francisco Jan 1907.  Bought of Native Collector.  Not in Paper?  Scutes.	NA	NA	NA	NA	NA	NA	NA	NA	NA	NA	NA	NA	NA	NA	1906-08-01	NA	213	213	1906	8	1	1 Aug-4 Sep 1906	NA	NA	NA	NA	NA	NA	NA	NA	NA	South Pacific Ocean; Ecuador; Galapagos Prov.; Galapagos Ids.; Isabela Id.	SOUTH_AMERICA	South Pacific Ocean	Galapagos Ids.	Isabela Id.	EC	Galapagos Prov.	NA	NA	vicinty of Villamil Mtn	Vic. Vilamil Mt., Albemarle Isl., Galapagos Arch.	NA	NA	NA	NA	NA	NA	NA	-0.911944	-91.123611	9656.08	NA	NA	NA	NA	NA	NA	NA	NA	NA	NA	Google Earth, 2013.	NA	NA	NA	NA	NA	NA	NA	NA	NA	NA	NA	NA	NA	NA	NA	NA	NA	NA	NA	NA	NA	NA	NA	NA	NA	NA	NA	NA	NA	NA	NA	3MPP	NA	NA	NA	NA	NA	Chelonoidis Fitzinger, 1835	NA	NA	NA	NA	NA	NA	Animalia; Chordata; Reptilia; Testudines; Testudinidae	Animalia	Chordata	Reptilia	Testudines	Testudinoidea	Testudinidae	NA	NA	NA	Chelonoidis	NA	NA	NA	NA	NA	NA	GENUS	NA	NA	NA	ACCEPTED	NA	NA	cece4fc2-1fec-4bb5-a335-7252548e3f0b	US	2026-09-07 00:06:40	NA	NA	NA	NA	NA	COORDINATE_ROUNDED;CONTINENT_DERIVED_FROM_COORDINATES	NA	COORDINATE_ROUNDED;CONTINENT_DERIVED_FROM_COORDINATES	StillImage	TRUE	FALSE	3MPP	3MPP	N	CH2	RP	477	87BWY	626NZ	NA	NA	NA	3MPP	NA	NA	NA	Chelonoidis Fitzinger, 1835	Chelonoidis	NA	EML	2026-09-07 00:06:40	2026-09-07 00:01:45	NA	TRUE	NA	NA	FALSE	LATIN_AMERICA	NORTH_AMERICA	ECU	Ecuador	ECU.9_1	Galápagos	ECU.9.1_1	Isabela	ECU.9.1.2_1	Tomas De Berlanga (Santo Tomas)	NA
543671733	NA	NA	NA	CC0_1_0	2024-01-04 14:21:00	California Academy of Sciences	NA	NA	NA	http://grbio.org/institution/california-academy-sciences	http://grscicoll.org/institutional-collection/herpetology-0	NA	CAS	HERP	NA	NA	PRESERVED_SPECIMEN	NA	NA	NA	urn:catalog:CAS:HERP:8150	8150	hi	R.H. Beck	NA	NA	NA	NA	NA	NA	NA	NA	NA	NA	NA	NA	NA	NA	PRESENT	Dry	NA	NA	NA	NA	NA	NA	Miscellaneous postcrania in skeletal collection.	NA	NA	NA	NA	NA	NA	NA	NA	NA	NA	NA	NA	NA	NA	1906-07-10	NA	191	191	1906	7	10	10 Jul 1906	NA	NA	NA	NA	NA	NA	NA	NA	NA	South Pacific Ocean; Ecuador; Galapagos Prov.; Galapagos Ids.; Santa Fe Id.	SOUTH_AMERICA	South Pacific Ocean	Galapagos Ids.	Santa Fe Id.	EC	Galapagos Prov.	NA	NA	NA	Barrington Isl. Galapagos Archipelago	NA	NA	NA	NA	NA	NA	NA	-0.806667	-90.076111	NA	NA	NA	NA	NA	NA	NA	NA	NA	NA	NA	Google Earth, 2013.	NA	NA	NA	NA	NA	NA	NA	NA	NA	NA	NA	NA	NA	NA	NA	NA	NA	NA	NA	NA	NA	NA	NA	NA	NA	NA	NA	NA	NA	NA	NA	3MPP	NA	NA	NA	NA	NA	Chelonoidis Fitzinger, 1835	NA	NA	NA	NA	NA	NA	Animalia; Chordata; Reptilia; Testudines; Testudinidae	Animalia	Chordata	Reptilia	Testudines	Testudinoidea	Testudinidae	NA	NA	NA	Chelonoidis	NA	NA	NA	NA	NA	NA	GENUS	NA	NA	NA	ACCEPTED	NA	NA	cece4fc2-1fec-4bb5-a335-7252548e3f0b	US	2026-09-07 00:06:33	NA	NA	NA	NA	NA	COORDINATE_ROUNDED;CONTINENT_DERIVED_FROM_COORDINATES	NA	COORDINATE_ROUNDED;CONTINENT_DERIVED_FROM_COORDINATES	StillImage	TRUE	FALSE	3MPP	3MPP	N	CH2	RP	477	87BWY	626NZ	NA	NA	NA	3MPP	NA	NA	NA	Chelonoidis Fitzinger, 1835	Chelonoidis	NA	EML	2026-09-07 00:06:33	2026-09-07 00:01:45	NA	TRUE	NA	NA	FALSE	LATIN_AMERICA	NORTH_AMERICA	ECU	Ecuador	ECU.9_1	Galápagos	ECU.9.2_1	San Cristóbal	ECU.9.2.2_1	Isla Santa Mara (Floreana) (Cab.	NA
543672333	NA	NA	NA	CC0_1_0	2024-01-04 14:21:00	California Academy of Sciences	NA	NA	NA	http://grbio.org/institution/california-academy-sciences	http://grscicoll.org/institutional-collection/herpetology-0	NA	CAS	HERP	NA	NA	PRESERVED_SPECIMEN	NA	NA	NA	urn:catalog:CAS:HERP:8204	8204	4009	J.R. Slevin	NA	NA	NA	NA	Female	Adult	NA	NA	NA	NA	NA	NA	NA	NA	PRESENT	Dry	NA	NA	NA	NA	NA	NA	Bought of Native Collector.  Killed on board. Miscellaneous postcrania.	NA	NA	NA	NA	NA	NA	NA	NA	NA	NA	NA	NA	NA	NA	1906-09-08	NA	251	251	1906	9	8	8 Sep 1906	NA	NA	NA	NA	NA	NA	NA	NA	NA	South Pacific Ocean; Ecuador; Galapagos Prov.; Galapagos Ids.; Isabela Id.	SOUTH_AMERICA	South Pacific Ocean	Galapagos Ids.	Isabela Id.	EC	Galapagos Prov.	NA	NA	vicinty of Villamil Mtn	Vic. Vilamil Mt., Albemarle Isl., Galapagos Arch.	NA	NA	NA	NA	NA	NA	NA	-0.911944	-91.123611	9656.08	NA	NA	NA	NA	NA	NA	NA	NA	NA	NA	Google Earth, 2013.	NA	NA	NA	NA	NA	NA	NA	NA	NA	NA	NA	NA	NA	NA	NA	NA	NA	NA	NA	NA	NA	NA	NA	NA	NA	NA	NA	NA	NA	NA	NA	C6Q49	NA	NA	NA	NA	NA	Chelonoidis vicina (Günther, 1875)	NA	NA	NA	NA	NA	NA	Animalia; Chordata; Reptilia; Testudines; Testudinidae	Animalia	Chordata	Reptilia	Testudines	Testudinoidea	Testudinidae	NA	NA	NA	Chelonoidis	Chelonoidis	NA	NA	vicina	NA	NA	SPECIES	NA	NA	NA	SYNONYM	NA	NA	cece4fc2-1fec-4bb5-a335-7252548e3f0b	US	2026-09-07 00:06:33	NA	NA	NA	NA	NA	COORDINATE_ROUNDED;CONTINENT_DERIVED_FROM_COORDINATES	NA	COORDINATE_ROUNDED;CONTINENT_DERIVED_FROM_COORDINATES	StillImage	TRUE	FALSE	TVLL	C6Q49	N	CH2	RP	477	87BWY	626NZ	NA	NA	NA	3MPP	NA	5Y2Z9	Chelonoidis niger	Chelonoidis niger vicina (Günther, 1874)	Chelonoidis vicina	NA	EML	2026-09-07 00:06:33	2026-09-07 00:01:45	NA	TRUE	NA	NA	FALSE	LATIN_AMERICA	NORTH_AMERICA	ECU	Ecuador	ECU.9_1	Galápagos	ECU.9.1_1	Isabela	ECU.9.1.2_1	Tomas De Berlanga (Santo Tomas)	NA
543674677	NA	NA	NA	CC0_1_0	2024-01-04 14:21:00	California Academy of Sciences	NA	NA	NA	http://grbio.org/institution/california-academy-sciences	http://grscicoll.org/institutional-collection/herpetology-0	NA	CAS	HERP	NA	NA	PRESERVED_SPECIMEN	NA	NA	NA	urn:catalog:CAS:HERP:8415	8415	NA	J.R. Slevin and R.H. Beck	NA	NA	NA	NA	NA	Adult	NA	NA	NA	NA	NA	NA	NA	NA	PRESENT	Dry	NA	NA	NA	NA	NA	NA	Skull.	NA	NA	NA	NA	NA	NA	NA	NA	NA	NA	NA	NA	NA	NA	1906-08-24	NA	236	236	1906	8	24	24 Aug 1906	NA	NA	NA	NA	NA	NA	NA	NA	NA	South Pacific Ocean; Ecuador; Galapagos Prov.; Galapagos Ids.; Isabela Id.	SOUTH_AMERICA	South Pacific Ocean	Galapagos Ids.	Isabela Id.	EC	Galapagos Prov.	NA	NA	Villamil Mtn	Vilamil Mt. Albemarle Isl. Galapagos Arch.	NA	NA	NA	NA	NA	NA	NA	-0.841667	-91.163333	NA	NA	NA	NA	NA	NA	NA	NA	NA	NA	NA	Google Earth, 2013.	NA	NA	NA	NA	NA	NA	NA	NA	NA	NA	NA	NA	NA	NA	NA	NA	NA	NA	NA	NA	NA	NA	NA	NA	NA	NA	NA	NA	NA	NA	NA	3MPP	NA	NA	NA	NA	NA	Chelonoidis Fitzinger, 1835	NA	NA	NA	NA	NA	NA	Animalia; Chordata; Reptilia; Testudines; Testudinidae	Animalia	Chordata	Reptilia	Testudines	Testudinoidea	Testudinidae	NA	NA	NA	Chelonoidis	NA	NA	NA	NA	NA	NA	GENUS	NA	NA	NA	ACCEPTED	NA	NA	cece4fc2-1fec-4bb5-a335-7252548e3f0b	US	2026-09-07 00:06:33	NA	NA	NA	NA	NA	COORDINATE_ROUNDED;CONTINENT_DERIVED_FROM_COORDINATES	NA	COORDINATE_ROUNDED;CONTINENT_DERIVED_FROM_COORDINATES	StillImage	TRUE	FALSE	3MPP	3MPP	N	CH2	RP	477	87BWY	626NZ	NA	NA	NA	3MPP	NA	NA	NA	Chelonoidis Fitzinger, 1835	Chelonoidis	NA	EML	2026-09-07 00:06:33	2026-09-07 00:01:45	NA	TRUE	NA	NA	FALSE	LATIN_AMERICA	NORTH_AMERICA	ECU	Ecuador	ECU.9_1	Galápagos	ECU.9.1_1	Isabela	ECU.9.1.2_1	Tomas De Berlanga (Santo Tomas)	NA
543674777	NA	NA	NA	CC0_1_0	2024-01-04 14:21:00	California Academy of Sciences	NA	NA	NA	http://grbio.org/institution/california-academy-sciences	http://grscicoll.org/institutional-collection/herpetology-0	NA	CAS	HERP	NA	NA	PRESERVED_SPECIMEN	NA	NA	NA	urn:catalog:CAS:HERP:8424	8424	NA	F.T. Nelson	NA	NA	NA	NA	NA	Egg	NA	NA	NA	NA	NA	NA	NA	NA	PRESENT	Dry	NA	NA	NA	NA	NA	NA	Two eggs.	NA	NA	NA	NA	NA	NA	NA	NA	NA	NA	NA	NA	NA	NA	1906-07-09	NA	190	190	1906	7	9	9 Jul 1906	NA	NA	NA	NA	NA	NA	NA	NA	NA	South Pacific Ocean; Ecuador; Galapagos Prov.; Galapagos Ids.; Santa Fe Id.	SOUTH_AMERICA	South Pacific Ocean	Galapagos Ids.	Santa Fe Id.	EC	Galapagos Prov.	NA	NA	NA	Barrington Island Galapagos Arch.	NA	NA	NA	NA	NA	NA	NA	-0.806667	-90.076111	NA	NA	NA	NA	NA	NA	NA	NA	NA	NA	NA	Google Earth, 2013.	NA	NA	NA	NA	NA	NA	NA	NA	NA	NA	NA	NA	NA	NA	NA	NA	NA	NA	NA	NA	NA	NA	NA	NA	NA	NA	NA	NA	NA	NA	NA	3MPP	NA	NA	NA	NA	NA	Chelonoidis Fitzinger, 1835	NA	NA	NA	NA	NA	NA	Animalia; Chordata; Reptilia; Testudines; Testudinidae	Animalia	Chordata	Reptilia	Testudines	Testudinoidea	Testudinidae	NA	NA	NA	Chelonoidis	NA	NA	NA	NA	NA	NA	GENUS	NA	NA	NA	ACCEPTED	NA	NA	cece4fc2-1fec-4bb5-a335-7252548e3f0b	US	2026-09-07 00:06:33	NA	NA	NA	NA	NA	COORDINATE_ROUNDED;CONTINENT_DERIVED_FROM_COORDINATES	NA	COORDINATE_ROUNDED;CONTINENT_DERIVED_FROM_COORDINATES	StillImage	TRUE	FALSE	3MPP	3MPP	N	CH2	RP	477	87BWY	626NZ	NA	NA	NA	3MPP	NA	NA	NA	Chelonoidis Fitzinger, 1835	Chelonoidis	NA	EML	2026-09-07 00:06:33	2026-09-07 00:01:45	NA	TRUE	NA	NA	FALSE	LATIN_AMERICA	NORTH_AMERICA	ECU	Ecuador	ECU.9_1	Galápagos	ECU.9.2_1	San Cristóbal	ECU.9.2.2_1	Isla Santa Mara (Floreana) (Cab.	NA
543671832	NA	NA	NA	CC0_1_0	2024-01-04 14:21:00	California Academy of Sciences	NA	NA	NA	http://grbio.org/institution/california-academy-sciences	http://grscicoll.org/institutional-collection/herpetology-0	NA	CAS	HERP	NA	NA	PRESERVED_SPECIMEN	NA	NA	NA	urn:catalog:CAS:HERP:8159	8159	2930	R.H. Beck	NA	NA	NA	NA	Male	Adult	NA	NA	NA	NA	NA	NA	NA	NA	PRESENT	Dry	NA	NA	NA	NA	NA	NA	Miscellaneous postcrania.	NA	NA	NA	NA	NA	NA	NA	NA	NA	NA	NA	NA	NA	NA	1906-03-25	NA	84	84	1906	3	25	25 Mar 1906	NA	NA	NA	NA	NA	NA	NA	NA	NA	South Pacific Ocean; Ecuador; Galapagos Prov.; Galapagos Ids.; Isabela Id.	SOUTH_AMERICA	South Pacific Ocean	Galapagos Ids.	Isabela Id.	EC	Galapagos Prov.	NA	NA	Tagus Cove	Tagus Cove, Albemarle Isl. Galapagos Arch.	NA	NA	NA	NA	NA	NA	NA	-0.256389	-91.337778	NA	NA	NA	NA	NA	NA	NA	NA	NA	NA	NA	Google Earth, 2013.	NA	NA	NA	NA	NA	NA	NA	NA	NA	NA	NA	NA	NA	NA	NA	NA	NA	NA	NA	NA	NA	NA	NA	NA	NA	NA	NA	NA	NA	NA	NA	C6Q44	NA	NA	NA	NA	NA	Chelonoidis microphyes (Günther, 1875)	NA	NA	NA	NA	NA	NA	Animalia; Chordata; Reptilia; Testudines; Testudinidae	Animalia	Chordata	Reptilia	Testudines	Testudinoidea	Testudinidae	NA	NA	NA	Chelonoidis	Chelonoidis	NA	NA	microphyes	NA	NA	SPECIES	NA	NA	NA	SYNONYM	NA	NA	cece4fc2-1fec-4bb5-a335-7252548e3f0b	US	2026-09-07 00:06:33	NA	NA	NA	NA	NA	COORDINATE_ROUNDED;CONTINENT_DERIVED_FROM_COORDINATES	NA	COORDINATE_ROUNDED;CONTINENT_DERIVED_FROM_COORDINATES	StillImage	TRUE	FALSE	8GPG3	C6Q44	N	CH2	RP	477	87BWY	626NZ	NA	NA	NA	3MPP	NA	5Y2Z9	Chelonoidis niger	Chelonoidis niger microphyes (Günther, 1875)	Chelonoidis microphyes	NA	EML	2026-09-07 00:06:33	2026-09-07 00:01:45	NA	TRUE	NA	NA	FALSE	LATIN_AMERICA	NORTH_AMERICA	ECU	Ecuador	ECU.9_1	Galápagos	ECU.9.1_1	Isabela	ECU.9.1.2_1	Tomas De Berlanga (Santo Tomas)	NA
543672066	NA	NA	NA	CC0_1_0	2024-01-04 14:21:00	California Academy of Sciences	NA	NA	NA	http://grbio.org/institution/california-academy-sciences	http://grscicoll.org/institutional-collection/herpetology-0	NA	CAS	HERP	NA	NA	PRESERVED_SPECIMEN	NA	NA	NA	urn:catalog:CAS:HERP:8180	8180	2900	R.H. Beck	NA	NA	NA	NA	Male	Adult	NA	NA	NA	NA	NA	NA	NA	NA	PRESENT	Dry	NA	NA	NA	NA	NA	NA	Died on board 19 March 1906.	NA	NA	NA	NA	NA	NA	NA	NA	NA	NA	NA	NA	NA	NA	1906-03-17	NA	76	76	1906	3	17	17 Mar 1906	NA	NA	NA	NA	NA	NA	NA	NA	NA	South Pacific Ocean; Ecuador; Galapagos Prov.; Galapagos Ids.; Isabela Id.	SOUTH_AMERICA	South Pacific Ocean	Galapagos Ids.	Isabela Id.	EC	Galapagos Prov.	NA	NA	Iguana Cove	Iguana Cove Albemarle Isl. Galapagos Arch.	NA	NA	NA	NA	NA	NA	NA	-0.986667	-91.445556	NA	NA	NA	NA	NA	NA	NA	NA	NA	NA	NA	Google Earth, 2013.	NA	NA	NA	NA	NA	NA	NA	NA	NA	NA	NA	NA	NA	NA	NA	NA	NA	NA	NA	NA	NA	NA	NA	NA	NA	NA	NA	NA	NA	NA	NA	C6Q49	NA	NA	NA	NA	NA	Chelonoidis vicina (Günther, 1875)	NA	NA	NA	NA	NA	NA	Animalia; Chordata; Reptilia; Testudines; Testudinidae	Animalia	Chordata	Reptilia	Testudines	Testudinoidea	Testudinidae	NA	NA	NA	Chelonoidis	Chelonoidis	NA	NA	vicina	NA	NA	SPECIES	NA	NA	NA	SYNONYM	NA	NA	cece4fc2-1fec-4bb5-a335-7252548e3f0b	US	2026-09-07 00:06:33	NA	NA	NA	NA	NA	COORDINATE_ROUNDED;CONTINENT_DERIVED_FROM_COORDINATES	NA	COORDINATE_ROUNDED;CONTINENT_DERIVED_FROM_COORDINATES	StillImage	TRUE	FALSE	TVLL	C6Q49	N	CH2	RP	477	87BWY	626NZ	NA	NA	NA	3MPP	NA	5Y2Z9	Chelonoidis niger	Chelonoidis niger vicina (Günther, 1874)	Chelonoidis vicina	NA	EML	2026-09-07 00:06:33	2026-09-07 00:01:45	NA	TRUE	NA	NA	FALSE	LATIN_AMERICA	NORTH_AMERICA	ECU	Ecuador	ECU.9_1	Galápagos	ECU.9.1_1	Isabela	ECU.9.1.2_1	Tomas De Berlanga (Santo Tomas)	NA
543672855	NA	NA	NA	CC0_1_0	2024-01-04 14:21:00	California Academy of Sciences	NA	NA	NA	http://grbio.org/institution/california-academy-sciences	http://grscicoll.org/institutional-collection/herpetology-0	NA	CAS	HERP	NA	NA	PRESERVED_SPECIMEN	NA	NA	NA	urn:catalog:CAS:HERP:8251	8251	4492	J.R. Slevin	NA	NA	NA	NA	Female	Adult	NA	NA	NA	NA	NA	NA	NA	NA	PRESENT	Dry	NA	NA	NA	NA	NA	NA	Bought of Native Collector.  Miscellaneous postcrania in skeletal collection.	NA	NA	NA	NA	NA	NA	NA	NA	NA	NA	NA	NA	NA	NA	1906-10-09	NA	282	282	1906	10	9	9 Oct 1906	NA	NA	NA	NA	NA	NA	NA	NA	NA	South Pacific Ocean; Ecuador; Galapagos Prov.; Galapagos Ids.; Isabela Id.	SOUTH_AMERICA	South Pacific Ocean	Galapagos Ids.	Isabela Id.	EC	Galapagos Prov.	NA	NA	Villamil Mtn	Vilamil Mt., Albemarle Isl., Galapagos Arch.	NA	NA	NA	NA	NA	NA	NA	-0.911944	-91.123611	9656.08	NA	NA	NA	NA	NA	NA	NA	NA	NA	NA	Google Earth, 2013.	NA	NA	NA	NA	NA	NA	NA	NA	NA	NA	NA	NA	NA	NA	NA	NA	NA	NA	NA	NA	NA	NA	NA	NA	NA	NA	NA	NA	NA	NA	NA	C6Q42	NA	NA	NA	NA	NA	Chelonoidis guntheri (Baur, 1889)	NA	NA	NA	NA	NA	NA	Animalia; Chordata; Reptilia; Testudines; Testudinidae	Animalia	Chordata	Reptilia	Testudines	Testudinoidea	Testudinidae	NA	NA	NA	Chelonoidis	Chelonoidis	NA	NA	guntheri	NA	NA	SPECIES	NA	NA	NA	SYNONYM	NA	NA	cece4fc2-1fec-4bb5-a335-7252548e3f0b	US	2026-09-07 00:06:33	NA	NA	NA	NA	NA	COORDINATE_ROUNDED;CONTINENT_DERIVED_FROM_COORDINATES	NA	COORDINATE_ROUNDED;CONTINENT_DERIVED_FROM_COORDINATES	StillImage	TRUE	FALSE	8GPG2	C6Q42	N	CH2	RP	477	87BWY	626NZ	NA	NA	NA	3MPP	NA	5Y2Z9	Chelonoidis niger	Chelonoidis niger guntheri (Baur, 1889)	Chelonoidis guntheri	NA	EML	2026-09-07 00:06:33	2026-09-07 00:01:45	NA	TRUE	NA	NA	FALSE	LATIN_AMERICA	NORTH_AMERICA	ECU	Ecuador	ECU.9_1	Galápagos	ECU.9.1_1	Isabela	ECU.9.1.2_1	Tomas De Berlanga (Santo Tomas)	NA
543673199	NA	NA	NA	CC0_1_0	2024-01-04 14:21:00	California Academy of Sciences	NA	NA	NA	http://grbio.org/institution/california-academy-sciences	http://grscicoll.org/institutional-collection/herpetology-0	NA	CAS	HERP	NA	NA	PRESERVED_SPECIMEN	NA	NA	NA	urn:catalog:CAS:HERP:8282	8282	2422	R.H. Beck	NA	NA	NA	NA	Male	Adult	NA	NA	NA	NA	NA	NA	NA	NA	PRESENT	Dry	NA	NA	NA	NA	NA	NA	Miscellaneous postcrania in skeletal collection.	NA	NA	NA	NA	NA	NA	NA	NA	NA	NA	NA	NA	NA	NA	1906-01-13	NA	13	13	1906	1	13	13 Jan 1906	NA	NA	NA	NA	NA	NA	NA	NA	NA	South Pacific Ocean; Ecuador; Galapagos Prov.; Galapagos Ids.; Santa Cruz Id.	SOUTH_AMERICA	South Pacific Ocean	Galapagos Ids.	Santa Cruz Id.	EC	Galapagos Prov.	NA	NA	vicinity of Academy Bay	Indefatigable Isl., Galapagos Arch.  Vic. Adacemy Bay.	NA	NA	NA	NA	NA	NA	NA	-0.726389	-90.327639	NA	NA	NA	NA	NA	NA	NA	NA	NA	NA	NA	Google Earth, 2013.	NA	NA	NA	NA	NA	NA	NA	NA	NA	NA	NA	NA	NA	NA	NA	NA	NA	NA	NA	NA	NA	NA	NA	NA	NA	NA	NA	NA	NA	NA	NA	C6Q47	NA	NA	NA	NA	NA	Chelonoidis porteri (Rothschild, 1903)	NA	NA	NA	NA	NA	NA	Animalia; Chordata; Reptilia; Testudines; Testudinidae	Animalia	Chordata	Reptilia	Testudines	Testudinoidea	Testudinidae	NA	NA	NA	Chelonoidis	Chelonoidis	NA	NA	porteri	NA	NA	SPECIES	NA	NA	NA	SYNONYM	NA	NA	cece4fc2-1fec-4bb5-a335-7252548e3f0b	US	2026-09-07 00:06:33	NA	NA	NA	NA	NA	COORDINATE_ROUNDED;CONTINENT_DERIVED_FROM_COORDINATES	NA	COORDINATE_ROUNDED;CONTINENT_DERIVED_FROM_COORDINATES	StillImage	TRUE	FALSE	TVLK	C6Q47	N	CH2	RP	477	87BWY	626NZ	NA	NA	NA	3MPP	NA	5Y2Z9	Chelonoidis niger	Chelonoidis niger porteri (Rothschild, 1903)	Chelonoidis porteri	NA	EML	2026-09-07 00:06:33	2026-09-07 00:01:45	NA	TRUE	NA	NA	FALSE	LATIN_AMERICA	NORTH_AMERICA	ECU	Ecuador	ECU.9_1	Galápagos	ECU.9.3_1	Santa Cruz	ECU.9.3.1_1	Bellavista	NA
543673221	NA	NA	NA	CC0_1_0	2024-01-04 14:21:00	California Academy of Sciences	NA	NA	NA	http://grbio.org/institution/california-academy-sciences	http://grscicoll.org/institutional-collection/herpetology-0	NA	CAS	HERP	NA	NA	PRESERVED_SPECIMEN	NA	NA	NA	urn:catalog:CAS:HERP:8284	8284	2431	E.S. King	NA	NA	NA	NA	Male	Adult	NA	NA	NA	NA	NA	NA	NA	NA	PRESENT	Dry	NA	NA	NA	NA	NA	NA	Plastron and carapace and miscellaneous postcrania.	NA	NA	NA	NA	NA	NA	NA	NA	NA	NA	NA	NA	NA	NA	1906-01-17	NA	17	17	1906	1	17	17 Jan 1906	NA	NA	NA	NA	NA	NA	NA	NA	NA	South Pacific Ocean; Ecuador; Galapagos Prov.; Galapagos Ids.; Santa Cruz Id.	SOUTH_AMERICA	South Pacific Ocean	Galapagos Ids.	Santa Cruz Id.	EC	Galapagos Prov.	NA	NA	vicinity of Academy Bay	Indefatigable Isl., Galapagos Arch.  Vic. Adacemy Bay.	NA	NA	NA	NA	NA	NA	NA	-0.726389	-90.327639	NA	NA	NA	NA	NA	NA	NA	NA	NA	NA	NA	Google Earth, 2013.	NA	NA	NA	NA	NA	NA	NA	NA	NA	NA	NA	NA	NA	NA	NA	NA	NA	NA	NA	NA	NA	NA	NA	NA	NA	NA	NA	NA	NA	NA	NA	C6Q47	NA	NA	NA	NA	NA	Chelonoidis porteri (Rothschild, 1903)	NA	NA	NA	NA	NA	NA	Animalia; Chordata; Reptilia; Testudines; Testudinidae	Animalia	Chordata	Reptilia	Testudines	Testudinoidea	Testudinidae	NA	NA	NA	Chelonoidis	Chelonoidis	NA	NA	porteri	NA	NA	SPECIES	NA	NA	NA	SYNONYM	NA	NA	cece4fc2-1fec-4bb5-a335-7252548e3f0b	US	2026-09-07 00:06:33	NA	NA	NA	NA	NA	COORDINATE_ROUNDED;CONTINENT_DERIVED_FROM_COORDINATES	NA	COORDINATE_ROUNDED;CONTINENT_DERIVED_FROM_COORDINATES	StillImage	TRUE	FALSE	TVLK	C6Q47	N	CH2	RP	477	87BWY	626NZ	NA	NA	NA	3MPP	NA	5Y2Z9	Chelonoidis niger	Chelonoidis niger porteri (Rothschild, 1903)	Chelonoidis porteri	NA	EML	2026-09-07 00:06:33	2026-09-07 00:01:45	NA	TRUE	NA	NA	FALSE	LATIN_AMERICA	NORTH_AMERICA	ECU	Ecuador	ECU.9_1	Galápagos	ECU.9.3_1	Santa Cruz	ECU.9.3.1_1	Bellavista	NA
543675510	NA	NA	NA	CC0_1_0	2024-01-04 14:21:00	California Academy of Sciences	NA	NA	NA	http://grbio.org/institution/california-academy-sciences	http://grscicoll.org/institutional-collection/herpetology-0	NA	CAS	HERP	NA	NA	PRESERVED_SPECIMEN	NA	NA	NA	urn:catalog:CAS:HERP:8490	8490	3756	F.T. Nelson	NA	NA	NA	NA	Male	Adult	NA	NA	NA	NA	NA	NA	NA	NA	PRESENT	Dry	NA	NA	NA	NA	NA	NA	Killed 18 Jul 1906.	NA	NA	NA	NA	NA	NA	NA	NA	NA	NA	NA	NA	NA	NA	1906-07-16	NA	197	197	1906	7	16	16 Jul 1906	NA	NA	NA	NA	NA	NA	NA	NA	NA	South Pacific Ocean; Ecuador; Galapagos Prov.; Galapagos Ids.; Santa Cruz Id.	SOUTH_AMERICA	South Pacific Ocean	Galapagos Ids.	Santa Cruz Id.	EC	Galapagos Prov.	NA	NA	Puerta de la Aguada	Indefatigable Isl. Galapagos Arch. Puerta de la Aguada	NA	NA	NA	NA	NA	NA	NA	-0.747222	-90.308889	NA	NA	NA	NA	NA	NA	NA	NA	NA	NA	NA	Google Earth, 2013.	NA	NA	NA	NA	NA	NA	NA	NA	NA	NA	NA	NA	NA	NA	NA	NA	NA	NA	NA	NA	NA	NA	NA	NA	NA	NA	NA	NA	NA	NA	NA	TVGD	NA	NA	NA	NA	NA	Chelonia mydas (Linnaeus, 1758)	NA	NA	NA	NA	NA	NA	Animalia; Chordata; Reptilia; Testudines; Cheloniidae	Animalia	Chordata	Reptilia	Testudines	Chelonioidea	Cheloniidae	NA	NA	NA	Chelonia	Chelonia	NA	NA	mydas	NA	NA	SPECIES	NA	NA	NA	ACCEPTED	NA	NA	cece4fc2-1fec-4bb5-a335-7252548e3f0b	US	2026-09-07 00:06:33	NA	NA	NA	NA	NA	COORDINATE_ROUNDED;CONTINENT_DERIVED_FROM_COORDINATES	NA	COORDINATE_ROUNDED;CONTINENT_DERIVED_FROM_COORDINATES	StillImage	TRUE	FALSE	TVGD	TVGD	N	CH2	RP	477	87BWH	83J	NA	NA	NA	3MPC	NA	TVGD	Chelonia mydas	Chelonia mydas (Linnaeus, 1758)	Chelonia mydas	NA	EML	2026-09-07 00:06:33	2026-09-07 00:01:45	NA	TRUE	NA	NA	FALSE	LATIN_AMERICA	NORTH_AMERICA	NA	NA	NA	NA	NA	NA	NA	NA	LC
543672988	NA	NA	NA	CC0_1_0	2024-01-04 14:21:00	California Academy of Sciences	NA	NA	NA	http://grbio.org/institution/california-academy-sciences	http://grscicoll.org/institutional-collection/herpetology-0	NA	CAS	HERP	NA	NA	PRESERVED_SPECIMEN	NA	NA	NA	urn:catalog:CAS:HERP:8263	8263	4505	J.R. Slevin	NA	NA	NA	NA	Female	Adult	NA	NA	NA	NA	NA	NA	NA	NA	PRESENT	Dry	NA	NA	NA	NA	NA	NA	Bought of Native Collector.  (Duplicated)  Miscellaneous postcrania.	NA	NA	NA	NA	NA	NA	NA	NA	NA	NA	NA	NA	NA	NA	1906-10-13	NA	286	286	1906	10	13	13 Oct 1906	NA	NA	NA	NA	NA	NA	NA	NA	NA	South Pacific Ocean; Ecuador; Galapagos Prov.; Galapagos Ids.; Isabela Id.	SOUTH_AMERICA	South Pacific Ocean	Galapagos Ids.	Isabela Id.	EC	Galapagos Prov.	NA	NA	Villamil Mtn	Vilamil Mt., Albemarle Isl., Galapagos Arch.	NA	NA	NA	NA	NA	NA	NA	-0.911944	-91.123611	9656.08	NA	NA	NA	NA	NA	NA	NA	NA	NA	NA	Google Earth, 2013.	NA	NA	NA	NA	NA	NA	NA	NA	NA	NA	NA	NA	NA	NA	NA	NA	NA	NA	NA	NA	NA	NA	NA	NA	NA	NA	NA	NA	NA	NA	NA	C6Q49	NA	NA	NA	NA	NA	Chelonoidis vicina (Günther, 1875)	NA	NA	NA	NA	NA	NA	Animalia; Chordata; Reptilia; Testudines; Testudinidae	Animalia	Chordata	Reptilia	Testudines	Testudinoidea	Testudinidae	NA	NA	NA	Chelonoidis	Chelonoidis	NA	NA	vicina	NA	NA	SPECIES	NA	NA	NA	SYNONYM	NA	NA	cece4fc2-1fec-4bb5-a335-7252548e3f0b	US	2026-09-07 00:06:40	NA	NA	NA	NA	NA	COORDINATE_ROUNDED;CONTINENT_DERIVED_FROM_COORDINATES	NA	COORDINATE_ROUNDED;CONTINENT_DERIVED_FROM_COORDINATES	StillImage	TRUE	FALSE	TVLL	C6Q49	N	CH2	RP	477	87BWY	626NZ	NA	NA	NA	3MPP	NA	5Y2Z9	Chelonoidis niger	Chelonoidis niger vicina (Günther, 1874)	Chelonoidis vicina	NA	EML	2026-09-07 00:06:40	2026-09-07 00:01:45	NA	TRUE	NA	NA	FALSE	LATIN_AMERICA	NORTH_AMERICA	ECU	Ecuador	ECU.9_1	Galápagos	ECU.9.1_1	Isabela	ECU.9.1.2_1	Tomas De Berlanga (Santo Tomas)	NA
543674622	NA	NA	NA	CC0_1_0	2024-01-04 14:21:00	California Academy of Sciences	NA	NA	NA	http://grbio.org/institution/california-academy-sciences	http://grscicoll.org/institutional-collection/herpetology-0	NA	CAS	HERP	NA	NA	PRESERVED_SPECIMEN	NA	NA	NA	urn:catalog:CAS:HERP:8410	8410	NA	J.R. Slevin and R.H. Beck	NA	NA	NA	NA	NA	Adult	NA	NA	NA	NA	NA	NA	NA	NA	PRESENT	Dry	NA	NA	NA	NA	NA	NA	Skull.	NA	NA	NA	NA	NA	NA	NA	NA	NA	NA	NA	NA	NA	NA	1906-08-24	NA	236	236	1906	8	24	24 Aug 1906	NA	NA	NA	NA	NA	NA	NA	NA	NA	South Pacific Ocean; Ecuador; Galapagos Prov.; Galapagos Ids.; Isabela Id.	SOUTH_AMERICA	South Pacific Ocean	Galapagos Ids.	Isabela Id.	EC	Galapagos Prov.	NA	NA	Villamil Mtn	Vilamil Mt. Albemarle Isl. Galapagos Arch.	NA	NA	NA	NA	NA	NA	NA	-0.841667	-91.163333	NA	NA	NA	NA	NA	NA	NA	NA	NA	NA	NA	Google Earth, 2013.	NA	NA	NA	NA	NA	NA	NA	NA	NA	NA	NA	NA	NA	NA	NA	NA	NA	NA	NA	NA	NA	NA	NA	NA	NA	NA	NA	NA	NA	NA	NA	3MPP	NA	NA	NA	NA	NA	Chelonoidis Fitzinger, 1835	NA	NA	NA	NA	NA	NA	Animalia; Chordata; Reptilia; Testudines; Testudinidae	Animalia	Chordata	Reptilia	Testudines	Testudinoidea	Testudinidae	NA	NA	NA	Chelonoidis	NA	NA	NA	NA	NA	NA	GENUS	NA	NA	NA	ACCEPTED	NA	NA	cece4fc2-1fec-4bb5-a335-7252548e3f0b	US	2026-09-07 00:06:40	NA	NA	NA	NA	NA	COORDINATE_ROUNDED;CONTINENT_DERIVED_FROM_COORDINATES	NA	COORDINATE_ROUNDED;CONTINENT_DERIVED_FROM_COORDINATES	StillImage	TRUE	FALSE	3MPP	3MPP	N	CH2	RP	477	87BWY	626NZ	NA	NA	NA	3MPP	NA	NA	NA	Chelonoidis Fitzinger, 1835	Chelonoidis	NA	EML	2026-09-07 00:06:40	2026-09-07 00:01:45	NA	TRUE	NA	NA	FALSE	LATIN_AMERICA	NORTH_AMERICA	ECU	Ecuador	ECU.9_1	Galápagos	ECU.9.1_1	Isabela	ECU.9.1.2_1	Tomas De Berlanga (Santo Tomas)	NA
543675598	NA	NA	NA	CC0_1_0	2024-01-04 14:21:00	California Academy of Sciences	NA	NA	NA	http://grbio.org/institution/california-academy-sciences	http://grscicoll.org/institutional-collection/herpetology-0	NA	CAS	HERP	NA	NA	PRESERVED_SPECIMEN	NA	NA	NA	urn:catalog:CAS:HERP:8498	8498	3981	F.T. Nelson	NA	NA	NA	NA	NA	Adult	NA	NA	NA	NA	NA	NA	NA	NA	PRESENT	Dry	NA	NA	NA	NA	NA	NA	NA	NA	NA	NA	NA	NA	NA	NA	NA	NA	NA	NA	NA	NA	NA	1906-07-16	NA	197	197	1906	7	16	16 Jul 1906	NA	NA	NA	NA	NA	NA	NA	NA	NA	South Pacific Ocean; Ecuador; Galapagos Prov.; Galapagos Ids.; Santa Cruz Id.	SOUTH_AMERICA	South Pacific Ocean	Galapagos Ids.	Santa Cruz Id.	EC	Galapagos Prov.	NA	NA	NA	Indefatigable Isl. Galapagos Arch.	NA	NA	NA	NA	NA	NA	NA	-0.747222	-90.308889	NA	NA	NA	NA	NA	NA	NA	NA	NA	NA	NA	Google Earth, 2013.	NA	NA	NA	NA	NA	NA	NA	NA	NA	NA	NA	NA	NA	NA	NA	NA	NA	NA	NA	NA	NA	NA	NA	NA	NA	NA	NA	NA	NA	NA	NA	TVGD	NA	NA	NA	NA	NA	Chelonia mydas (Linnaeus, 1758)	NA	NA	NA	NA	NA	NA	Animalia; Chordata; Reptilia; Testudines; Cheloniidae	Animalia	Chordata	Reptilia	Testudines	Chelonioidea	Cheloniidae	NA	NA	NA	Chelonia	Chelonia	NA	NA	mydas	NA	NA	SPECIES	NA	NA	NA	ACCEPTED	NA	NA	cece4fc2-1fec-4bb5-a335-7252548e3f0b	US	2026-09-07 00:06:40	NA	NA	NA	NA	NA	COORDINATE_ROUNDED;CONTINENT_DERIVED_FROM_COORDINATES	NA	COORDINATE_ROUNDED;CONTINENT_DERIVED_FROM_COORDINATES	StillImage	TRUE	FALSE	TVGD	TVGD	N	CH2	RP	477	87BWH	83J	NA	NA	NA	3MPC	NA	TVGD	Chelonia mydas	Chelonia mydas (Linnaeus, 1758)	Chelonia mydas	NA	EML	2026-09-07 00:06:40	2026-09-07 00:01:45	NA	TRUE	NA	NA	FALSE	LATIN_AMERICA	NORTH_AMERICA	NA	NA	NA	NA	NA	NA	NA	NA	LC
543671433	NA	NA	NA	CC0_1_0	2024-01-04 14:21:00	California Academy of Sciences	NA	NA	NA	http://grbio.org/institution/california-academy-sciences	http://grscicoll.org/institutional-collection/herpetology-0	NA	CAS	HERP	NA	NA	PRESERVED_SPECIMEN	NA	NA	NA	urn:catalog:CAS:HERP:8123	8123	NA	R.H. Beck	NA	NA	NA	NA	Female	NA	NA	NA	NA	NA	NA	NA	NA	NA	PRESENT	Dry	NA	NA	NA	NA	NA	NA	Paratype of Testudo hoodensis Van Denburgh, 1907.  Killed 21 July 1906.  Head preserved in alcohol.  Scutes and leg skin in skeletal collection.	NA	NA	NA	NA	NA	NA	NA	NA	NA	NA	NA	NA	NA	NA	1906-07-02	NA	183	183	1906	7	2	2 Jul 1906	NA	NA	NA	NA	NA	NA	NA	NA	NA	South Pacific Ocean; Ecuador; Galapagos Prov.; Galapagos Ids.; Espanola Id.	SOUTH_AMERICA	South Pacific Ocean	Galapagos Ids.	Espanola Id.	EC	Galapagos Prov.	NA	NA	4 mi inland from Gardner Bay	Hood Island Galapagos Archipelago.  Four miles inland from Gardner Bay.	NA	NA	NA	NA	NA	NA	NA	-1.361944	-89.723333	NA	NA	NA	NA	NA	NA	NA	NA	NA	NA	NA	Google Earth, 2013.	NA	NA	NA	NA	NA	NA	NA	NA	NA	NA	NA	NA	NA	NA	NA	NA	NA	NA	NA	NA	NA	NA	Paratype	J. Van Denburgh	NA	1907-12-20	NA	NA	NA	NA	NA	C6Q43	NA	NA	NA	NA	NA	Chelonoidis hoodensis (Van Denburgh, 1907)	NA	NA	NA	NA	NA	NA	Animalia; Chordata; Reptilia; Testudines; Testudinidae	Animalia	Chordata	Reptilia	Testudines	Testudinoidea	Testudinidae	NA	NA	NA	Chelonoidis	Chelonoidis	NA	NA	hoodensis	NA	NA	SPECIES	NA	NA	NA	SYNONYM	NA	NA	cece4fc2-1fec-4bb5-a335-7252548e3f0b	US	2026-09-07 00:06:41	NA	NA	NA	NA	NA	COORDINATE_ROUNDED;CONTINENT_DERIVED_FROM_COORDINATES	NA	COORDINATE_ROUNDED;CONTINENT_DERIVED_FROM_COORDINATES	StillImage	TRUE	FALSE	TVLD	C6Q43	N	CH2	RP	477	87BWY	626NZ	NA	NA	NA	3MPP	NA	5Y2Z9	Chelonoidis niger	Chelonoidis niger hoodensis (Van Denburgh, 1907)	Chelonoidis hoodensis	NA	EML	2026-09-07 00:06:41	2026-09-07 00:01:45	NA	TRUE	NA	NA	FALSE	LATIN_AMERICA	NORTH_AMERICA	ECU	Ecuador	ECU.9_1	Galápagos	ECU.9.2_1	San Cristóbal	ECU.9.2.2_1	Isla Santa Mara (Floreana) (Cab.	NA
543671699	NA	NA	NA	CC0_1_0	2024-01-04 14:21:00	California Academy of Sciences	NA	NA	NA	http://grbio.org/institution/california-academy-sciences	http://grscicoll.org/institutional-collection/herpetology-0	NA	CAS	HERP	NA	NA	PRESERVED_SPECIMEN	NA	NA	NA	urn:catalog:CAS:HERP:8147	8147	ff	R.H. Beck	NA	NA	NA	NA	NA	NA	NA	NA	NA	NA	NA	NA	NA	NA	PRESENT	Dry	NA	NA	NA	NA	NA	NA	Miscellaneous postcrania in skeletal collection.	NA	NA	NA	NA	NA	NA	NA	NA	NA	NA	NA	NA	NA	NA	1906-07-10	NA	191	191	1906	7	10	10 Jul 1906	NA	NA	NA	NA	NA	NA	NA	NA	NA	South Pacific Ocean; Ecuador; Galapagos Prov.; Galapagos Ids.; Santa Fe Id.	SOUTH_AMERICA	South Pacific Ocean	Galapagos Ids.	Santa Fe Id.	EC	Galapagos Prov.	NA	NA	NA	Barrington Isl. Galapagos Archipelago	NA	NA	NA	NA	NA	NA	NA	-0.806667	-90.076111	NA	NA	NA	NA	NA	NA	NA	NA	NA	NA	NA	Google Earth, 2013.	NA	NA	NA	NA	NA	NA	NA	NA	NA	NA	NA	NA	NA	NA	NA	NA	NA	NA	NA	NA	NA	NA	NA	NA	NA	NA	NA	NA	NA	NA	NA	3MPP	NA	NA	NA	NA	NA	Chelonoidis Fitzinger, 1835	NA	NA	NA	NA	NA	NA	Animalia; Chordata; Reptilia; Testudines; Testudinidae	Animalia	Chordata	Reptilia	Testudines	Testudinoidea	Testudinidae	NA	NA	NA	Chelonoidis	NA	NA	NA	NA	NA	NA	GENUS	NA	NA	NA	ACCEPTED	NA	NA	cece4fc2-1fec-4bb5-a335-7252548e3f0b	US	2026-09-07 00:06:41	NA	NA	NA	NA	NA	COORDINATE_ROUNDED;CONTINENT_DERIVED_FROM_COORDINATES	NA	COORDINATE_ROUNDED;CONTINENT_DERIVED_FROM_COORDINATES	StillImage	TRUE	FALSE	3MPP	3MPP	N	CH2	RP	477	87BWY	626NZ	NA	NA	NA	3MPP	NA	NA	NA	Chelonoidis Fitzinger, 1835	Chelonoidis	NA	EML	2026-09-07 00:06:41	2026-09-07 00:01:45	NA	TRUE	NA	NA	FALSE	LATIN_AMERICA	NORTH_AMERICA	ECU	Ecuador	ECU.9_1	Galápagos	ECU.9.2_1	San Cristóbal	ECU.9.2.2_1	Isla Santa Mara (Floreana) (Cab.	NA
543671688	NA	NA	NA	CC0_1_0	2024-01-04 14:21:00	California Academy of Sciences	NA	NA	NA	http://grbio.org/institution/california-academy-sciences	http://grscicoll.org/institutional-collection/herpetology-0	NA	CAS	HERP	NA	NA	PRESERVED_SPECIMEN	NA	NA	NA	urn:catalog:CAS:HERP:8146	8146	ee?	R.H. Beck	NA	NA	NA	NA	NA	NA	NA	NA	NA	NA	NA	NA	NA	NA	PRESENT	Dry	NA	NA	NA	JN637229;JN637235;JN637290	NA	NA	Miscellaneous postcrania in skeletal collection.	NA	NA	NA	NA	NA	NA	NA	NA	NA	NA	NA	NA	NA	NA	1906-07-10	NA	191	191	1906	7	10	10 Jul 1906	NA	NA	NA	NA	NA	NA	NA	NA	NA	South Pacific Ocean; Ecuador; Galapagos Prov.; Galapagos Ids.; Santa Fe Id.	SOUTH_AMERICA	South Pacific Ocean	Galapagos Ids.	Santa Fe Id.	EC	Galapagos Prov.	NA	NA	NA	Barrington Isl. Galapagos Archipelago	NA	NA	NA	NA	NA	NA	NA	-0.806667	-90.076111	NA	NA	NA	NA	NA	NA	NA	NA	NA	NA	NA	Google Earth, 2013.	NA	NA	NA	NA	NA	NA	NA	NA	NA	NA	NA	NA	NA	NA	NA	NA	NA	NA	NA	NA	NA	NA	NA	NA	NA	NA	NA	NA	NA	NA	NA	3MPP	NA	NA	NA	NA	NA	Chelonoidis Fitzinger, 1835	NA	NA	NA	NA	NA	NA	Animalia; Chordata; Reptilia; Testudines; Testudinidae	Animalia	Chordata	Reptilia	Testudines	Testudinoidea	Testudinidae	NA	NA	NA	Chelonoidis	NA	NA	NA	NA	NA	NA	GENUS	NA	NA	NA	ACCEPTED	NA	NA	cece4fc2-1fec-4bb5-a335-7252548e3f0b	US	2026-09-07 00:06:40	NA	NA	NA	NA	NA	COORDINATE_ROUNDED;CONTINENT_DERIVED_FROM_COORDINATES	NA	COORDINATE_ROUNDED;CONTINENT_DERIVED_FROM_COORDINATES	StillImage	TRUE	FALSE	3MPP	3MPP	N	CH2	RP	477	87BWY	626NZ	NA	NA	NA	3MPP	NA	NA	NA	Chelonoidis Fitzinger, 1835	Chelonoidis	NA	EML	2026-09-07 00:06:40	2026-09-07 00:01:45	NA	TRUE	NA	NA	TRUE	LATIN_AMERICA	NORTH_AMERICA	ECU	Ecuador	ECU.9_1	Galápagos	ECU.9.2_1	San Cristóbal	ECU.9.2.2_1	Isla Santa Mara (Floreana) (Cab.	NA
543671821	NA	NA	NA	CC0_1_0	2024-01-04 14:21:00	California Academy of Sciences	NA	NA	NA	http://grbio.org/institution/california-academy-sciences	http://grscicoll.org/institutional-collection/herpetology-0	NA	CAS	HERP	NA	NA	PRESERVED_SPECIMEN	NA	NA	NA	urn:catalog:CAS:HERP:8158	8158	2929	R.H. Beck	NA	NA	NA	NA	Male	Adult	NA	NA	NA	NA	NA	NA	NA	NA	PRESENT	Dry	NA	NA	NA	NA	NA	NA	Mounted specimen. Skull.	NA	NA	NA	NA	NA	NA	NA	NA	NA	NA	NA	NA	NA	NA	1906-03-24	NA	83	83	1906	3	24	24 Mar 1906	NA	NA	NA	NA	NA	NA	NA	NA	NA	South Pacific Ocean; Ecuador; Galapagos Prov.; Galapagos Ids.; Isabela Id.	SOUTH_AMERICA	South Pacific Ocean	Galapagos Ids.	Isabela Id.	EC	Galapagos Prov.	NA	NA	Tagus Cove	Tagus Cove, Albemarle Isl. Galapagos Arch.	NA	NA	NA	NA	NA	NA	NA	-0.2675	-91.353056	NA	NA	NA	NA	NA	NA	NA	NA	NA	NA	NA	Google Earth, 2013.	NA	NA	NA	NA	NA	NA	NA	NA	NA	NA	NA	NA	NA	NA	NA	NA	NA	NA	NA	NA	NA	NA	NA	NA	NA	NA	NA	NA	NA	NA	NA	C6Q44	NA	NA	NA	NA	NA	Chelonoidis microphyes (Günther, 1875)	NA	NA	NA	NA	NA	NA	Animalia; Chordata; Reptilia; Testudines; Testudinidae	Animalia	Chordata	Reptilia	Testudines	Testudinoidea	Testudinidae	NA	NA	NA	Chelonoidis	Chelonoidis	NA	NA	microphyes	NA	NA	SPECIES	NA	NA	NA	SYNONYM	NA	NA	cece4fc2-1fec-4bb5-a335-7252548e3f0b	US	2026-09-07 00:06:40	NA	NA	NA	NA	NA	COORDINATE_ROUNDED;CONTINENT_DERIVED_FROM_COORDINATES	NA	COORDINATE_ROUNDED;CONTINENT_DERIVED_FROM_COORDINATES	StillImage	TRUE	FALSE	8GPG3	C6Q44	N	CH2	RP	477	87BWY	626NZ	NA	NA	NA	3MPP	NA	5Y2Z9	Chelonoidis niger	Chelonoidis niger microphyes (Günther, 1875)	Chelonoidis microphyes	NA	EML	2026-09-07 00:06:40	2026-09-07 00:01:45	NA	TRUE	NA	NA	FALSE	LATIN_AMERICA	NORTH_AMERICA	ECU	Ecuador	ECU.9_1	Galápagos	ECU.9.1_1	Isabela	ECU.9.1.2_1	Tomas De Berlanga (Santo Tomas)	NA
543672121	NA	NA	NA	CC0_1_0	2024-01-04 14:21:00	California Academy of Sciences	NA	NA	NA	http://grbio.org/institution/california-academy-sciences	http://grscicoll.org/institutional-collection/herpetology-0	NA	CAS	HERP	NA	NA	PRESERVED_SPECIMEN	NA	NA	NA	urn:catalog:CAS:HERP:8185	8185	2890	E.S. King	NA	NA	NA	NA	Male	Adult	NA	NA	NA	NA	NA	NA	NA	NA	PRESENT	Dry	NA	NA	NA	NA	NA	NA	NA	NA	NA	NA	NA	NA	NA	NA	NA	NA	NA	NA	NA	NA	NA	1906-03-13	NA	72	72	1906	3	13	13 Mar 1906	NA	NA	NA	NA	NA	NA	NA	NA	NA	South Pacific Ocean; Ecuador; Galapagos Prov.; Galapagos Ids.; Isabela Id.	SOUTH_AMERICA	South Pacific Ocean	Galapagos Ids.	Isabela Id.	EC	Galapagos Prov.	NA	NA	Cobos Settlement, 'Bull beef' Anchorage	Cobos Settlement Albermarle Isl. Galapagos Arch.  'Bull beef' Anchorage.	NA	NA	NA	NA	NA	NA	NA	-1.004917	-91.093778	NA	NA	NA	NA	NA	NA	NA	NA	NA	NA	NA	Google Earth, 2013.	NA	NA	NA	NA	NA	NA	NA	NA	NA	NA	NA	NA	NA	NA	NA	NA	NA	NA	NA	NA	NA	NA	NA	NA	NA	NA	NA	NA	NA	NA	NA	C6Q49	NA	NA	NA	NA	NA	Chelonoidis vicina (Günther, 1875)	NA	NA	NA	NA	NA	NA	Animalia; Chordata; Reptilia; Testudines; Testudinidae	Animalia	Chordata	Reptilia	Testudines	Testudinoidea	Testudinidae	NA	NA	NA	Chelonoidis	Chelonoidis	NA	NA	vicina	NA	NA	SPECIES	NA	NA	NA	SYNONYM	NA	NA	cece4fc2-1fec-4bb5-a335-7252548e3f0b	US	2026-09-07 00:06:40	NA	NA	NA	NA	NA	COORDINATE_ROUNDED;CONTINENT_DERIVED_FROM_COORDINATES	NA	COORDINATE_ROUNDED;CONTINENT_DERIVED_FROM_COORDINATES	StillImage	TRUE	FALSE	TVLL	C6Q49	N	CH2	RP	477	87BWY	626NZ	NA	NA	NA	3MPP	NA	5Y2Z9	Chelonoidis niger	Chelonoidis niger vicina (Günther, 1874)	Chelonoidis vicina	NA	EML	2026-09-07 00:06:40	2026-09-07 00:01:45	NA	TRUE	NA	NA	FALSE	LATIN_AMERICA	NORTH_AMERICA	ECU	Ecuador	ECU.9_1	Galápagos	ECU.9.1_1	Isabela	ECU.9.1.2_1	Tomas De Berlanga (Santo Tomas)	NA
543674533	NA	NA	NA	CC0_1_0	2024-01-04 14:21:00	California Academy of Sciences	NA	NA	NA	http://grbio.org/institution/california-academy-sciences	http://grscicoll.org/institutional-collection/herpetology-0	NA	CAS	HERP	NA	NA	PRESERVED_SPECIMEN	NA	NA	NA	urn:catalog:CAS:HERP:8402	8402	NA	J.R. Slevin and R.H. Beck	NA	NA	NA	NA	NA	Adult	NA	NA	NA	NA	NA	NA	NA	NA	PRESENT	Dry	NA	NA	NA	NA	NA	NA	Skull.	NA	NA	NA	NA	NA	NA	NA	NA	NA	NA	NA	NA	NA	NA	1906-08-24	NA	236	236	1906	8	24	24 Aug 1906	NA	NA	NA	NA	NA	NA	NA	NA	NA	South Pacific Ocean; Ecuador; Galapagos Prov.; Galapagos Ids.; Isabela Id.	SOUTH_AMERICA	South Pacific Ocean	Galapagos Ids.	Isabela Id.	EC	Galapagos Prov.	NA	NA	Villamil Mtn	Vilamil Mt. Albemarle Isl. Galapagos Arch.	NA	NA	NA	NA	NA	NA	NA	-0.841667	-91.163333	NA	NA	NA	NA	NA	NA	NA	NA	NA	NA	NA	Google Earth, 2013.	NA	NA	NA	NA	NA	NA	NA	NA	NA	NA	NA	NA	NA	NA	NA	NA	NA	NA	NA	NA	NA	NA	NA	NA	NA	NA	NA	NA	NA	NA	NA	3MPP	NA	NA	NA	NA	NA	Chelonoidis Fitzinger, 1835	NA	NA	NA	NA	NA	NA	Animalia; Chordata; Reptilia; Testudines; Testudinidae	Animalia	Chordata	Reptilia	Testudines	Testudinoidea	Testudinidae	NA	NA	NA	Chelonoidis	NA	NA	NA	NA	NA	NA	GENUS	NA	NA	NA	ACCEPTED	NA	NA	cece4fc2-1fec-4bb5-a335-7252548e3f0b	US	2026-09-07 00:06:40	NA	NA	NA	NA	NA	COORDINATE_ROUNDED;CONTINENT_DERIVED_FROM_COORDINATES	NA	COORDINATE_ROUNDED;CONTINENT_DERIVED_FROM_COORDINATES	StillImage	TRUE	FALSE	3MPP	3MPP	N	CH2	RP	477	87BWY	626NZ	NA	NA	NA	3MPP	NA	NA	NA	Chelonoidis Fitzinger, 1835	Chelonoidis	NA	EML	2026-09-07 00:06:40	2026-09-07 00:01:45	NA	TRUE	NA	NA	FALSE	LATIN_AMERICA	NORTH_AMERICA	ECU	Ecuador	ECU.9_1	Galápagos	ECU.9.1_1	Isabela	ECU.9.1.2_1	Tomas De Berlanga (Santo Tomas)	NA
543675609	NA	NA	NA	CC0_1_0	2024-01-04 14:21:00	California Academy of Sciences	NA	NA	NA	http://grbio.org/institution/california-academy-sciences	http://grscicoll.org/institutional-collection/herpetology-0	NA	CAS	HERP	NA	NA	PRESERVED_SPECIMEN	NA	NA	NA	urn:catalog:CAS:HERP:8499	8499	4506	F.T. Nelson	NA	NA	NA	NA	NA	Adult	NA	NA	NA	NA	NA	NA	NA	NA	PRESENT	Dry	NA	NA	NA	NA	NA	NA	Skull only, in skeletal collection.  Date of collection in error, possibly 20 Nov 1905, however, Slevin's notes do not mention any sea turtles taken on 20 Nov 1905 from Santa Cruz Island - JVV, 15 Jul 2013.	NA	NA	NA	NA	NA	NA	NA	NA	NA	NA	NA	NA	NA	NA	1906-11-20	NA	324	324	1906	11	20	20 Nov 1906	NA	NA	NA	NA	NA	NA	NA	NA	NA	South Pacific Ocean; Ecuador; Galapagos Prov.; Galapagos Ids.; Santa Cruz Id.	SOUTH_AMERICA	South Pacific Ocean	Galapagos Ids.	Santa Cruz Id.	EC	Galapagos Prov.	NA	NA	NA	Indefatigable Isl. Galapagos Arch.	NA	NA	NA	NA	NA	NA	NA	-0.501667	-90.3275	NA	NA	NA	NA	NA	NA	NA	NA	NA	NA	NA	Google Earth, 2013.	NA	NA	NA	NA	NA	NA	NA	NA	NA	NA	NA	NA	NA	NA	NA	NA	NA	NA	NA	NA	NA	NA	NA	NA	NA	NA	NA	NA	NA	NA	NA	TVGD	NA	NA	NA	NA	NA	Chelonia mydas (Linnaeus, 1758)	NA	NA	NA	NA	NA	NA	Animalia; Chordata; Reptilia; Testudines; Cheloniidae	Animalia	Chordata	Reptilia	Testudines	Chelonioidea	Cheloniidae	NA	NA	NA	Chelonia	Chelonia	NA	NA	mydas	NA	NA	SPECIES	NA	NA	NA	ACCEPTED	NA	NA	cece4fc2-1fec-4bb5-a335-7252548e3f0b	US	2026-09-07 00:06:40	NA	NA	NA	NA	NA	COORDINATE_ROUNDED;CONTINENT_DERIVED_FROM_COORDINATES	NA	COORDINATE_ROUNDED;CONTINENT_DERIVED_FROM_COORDINATES	StillImage	TRUE	FALSE	TVGD	TVGD	N	CH2	RP	477	87BWH	83J	NA	NA	NA	3MPC	NA	TVGD	Chelonia mydas	Chelonia mydas (Linnaeus, 1758)	Chelonia mydas	NA	EML	2026-09-07 00:06:40	2026-09-07 00:01:45	NA	TRUE	NA	NA	FALSE	LATIN_AMERICA	NORTH_AMERICA	NA	NA	NA	NA	NA	NA	NA	NA	LC
543675855	NA	NA	NA	CC0_1_0	2024-01-04 14:21:00	California Academy of Sciences	NA	NA	NA	http://grbio.org/institution/california-academy-sciences	http://grscicoll.org/institutional-collection/herpetology-0	NA	CAS	HERP	NA	NA	PRESERVED_SPECIMEN	NA	NA	NA	urn:catalog:CAS:HERP:8521	8521	NA	R.H. Beck	NA	NA	NA	NA	NA	Adult	NA	NA	NA	NA	NA	NA	NA	NA	PRESENT	Dry	NA	NA	NA	NA	NA	NA	Skull only.	NA	NA	NA	NA	NA	NA	NA	NA	NA	NA	NA	NA	NA	NA	1906-07-16	NA	197	197	1906	7	16	16 Jul 1906	NA	NA	NA	NA	NA	NA	NA	NA	NA	South Pacific Ocean; Ecuador; Galapagos Prov.; Galapagos Ids.; Santa Cruz Id.	SOUTH_AMERICA	South Pacific Ocean	Galapagos Ids.	Santa Cruz Id.	EC	Galapagos Prov.	NA	NA	NA	Indefatigable Isl. Galapagos Arch.	NA	NA	NA	NA	NA	NA	NA	-0.747222	-90.308889	NA	NA	NA	NA	NA	NA	NA	NA	NA	NA	NA	Google Earth, 2013.	NA	NA	NA	NA	NA	NA	NA	NA	NA	NA	NA	NA	NA	NA	NA	NA	NA	NA	NA	NA	NA	NA	NA	NA	NA	NA	NA	NA	NA	NA	NA	TVGD	NA	NA	NA	NA	NA	Chelonia mydas (Linnaeus, 1758)	NA	NA	NA	NA	NA	NA	Animalia; Chordata; Reptilia; Testudines; Cheloniidae	Animalia	Chordata	Reptilia	Testudines	Chelonioidea	Cheloniidae	NA	NA	NA	Chelonia	Chelonia	NA	NA	mydas	NA	NA	SPECIES	NA	NA	NA	ACCEPTED	NA	NA	cece4fc2-1fec-4bb5-a335-7252548e3f0b	US	2026-09-07 00:06:40	NA	NA	NA	NA	NA	COORDINATE_ROUNDED;CONTINENT_DERIVED_FROM_COORDINATES	NA	COORDINATE_ROUNDED;CONTINENT_DERIVED_FROM_COORDINATES	StillImage	TRUE	FALSE	TVGD	TVGD	N	CH2	RP	477	87BWH	83J	NA	NA	NA	3MPC	NA	TVGD	Chelonia mydas	Chelonia mydas (Linnaeus, 1758)	Chelonia mydas	NA	EML	2026-09-07 00:06:40	2026-09-07 00:01:45	NA	TRUE	NA	NA	FALSE	LATIN_AMERICA	NORTH_AMERICA	NA	NA	NA	NA	NA	NA	NA	NA	LC
543672832	NA	NA	NA	CC0_1_0	2024-01-04 14:21:00	California Academy of Sciences	NA	NA	NA	http://grbio.org/institution/california-academy-sciences	http://grscicoll.org/institutional-collection/herpetology-0	NA	CAS	HERP	NA	NA	PRESERVED_SPECIMEN	NA	NA	NA	urn:catalog:CAS:HERP:8249	8249	4489	J.R. Slevin	NA	NA	NA	NA	Female	Adult	NA	NA	NA	NA	NA	NA	NA	NA	PRESENT	Dry	NA	NA	NA	NA	NA	NA	Bought of Native Collector.  Not in Paper?	NA	NA	NA	NA	NA	NA	NA	NA	NA	NA	NA	NA	NA	NA	1906-10-08	NA	281	281	1906	10	8	8 Oct 1906	NA	NA	NA	NA	NA	NA	NA	NA	NA	South Pacific Ocean; Ecuador; Galapagos Prov.; Galapagos Ids.; Isabela Id.	SOUTH_AMERICA	South Pacific Ocean	Galapagos Ids.	Isabela Id.	EC	Galapagos Prov.	NA	NA	Villamil Mtn	Vilamil Mt., Albemarle Isl., Galapagos Arch.	NA	NA	NA	NA	NA	NA	NA	-0.911944	-91.123611	9656.08	NA	NA	NA	NA	NA	NA	NA	NA	NA	NA	Google Earth, 2013.	NA	NA	NA	NA	NA	NA	NA	NA	NA	NA	NA	NA	NA	NA	NA	NA	NA	NA	NA	NA	NA	NA	NA	NA	NA	NA	NA	NA	NA	NA	NA	3MPP	NA	NA	NA	NA	NA	Chelonoidis Fitzinger, 1835	NA	NA	NA	NA	NA	NA	Animalia; Chordata; Reptilia; Testudines; Testudinidae	Animalia	Chordata	Reptilia	Testudines	Testudinoidea	Testudinidae	NA	NA	NA	Chelonoidis	NA	NA	NA	NA	NA	NA	GENUS	NA	NA	NA	ACCEPTED	NA	NA	cece4fc2-1fec-4bb5-a335-7252548e3f0b	US	2026-09-07 00:06:33	NA	NA	NA	NA	NA	COORDINATE_ROUNDED;CONTINENT_DERIVED_FROM_COORDINATES	NA	COORDINATE_ROUNDED;CONTINENT_DERIVED_FROM_COORDINATES	StillImage	TRUE	FALSE	3MPP	3MPP	N	CH2	RP	477	87BWY	626NZ	NA	NA	NA	3MPP	NA	NA	NA	Chelonoidis Fitzinger, 1835	Chelonoidis	NA	EML	2026-09-07 00:06:33	2026-09-07 00:01:45	NA	TRUE	NA	NA	FALSE	LATIN_AMERICA	NORTH_AMERICA	ECU	Ecuador	ECU.9_1	Galápagos	ECU.9.1_1	Isabela	ECU.9.1.2_1	Tomas De Berlanga (Santo Tomas)	NA
543674399	NA	NA	NA	CC0_1_0	2024-01-04 14:21:00	California Academy of Sciences	NA	NA	NA	http://grbio.org/institution/california-academy-sciences	http://grscicoll.org/institutional-collection/herpetology-0	NA	CAS	HERP	NA	NA	PRESERVED_SPECIMEN	NA	NA	NA	urn:catalog:CAS:HERP:8390	8390	2891?	J.R. Slevin	NA	NA	NA	NA	Male	Adult	NA	NA	NA	NA	NA	NA	NA	NA	PRESENT	Dry	NA	NA	NA	NA	NA	NA	Miscellaneous postcrania in skeletal collection.	NA	NA	NA	NA	NA	NA	NA	NA	NA	NA	NA	NA	NA	NA	1906-03-12	NA	71	71	1906	3	12	12 Mar 1906	NA	NA	NA	NA	NA	NA	NA	NA	NA	South Pacific Ocean; Ecuador; Galapagos Prov.; Galapagos Ids.; Isabela Id.	SOUTH_AMERICA	South Pacific Ocean	Galapagos Ids.	Isabela Id.	EC	Galapagos Prov.	NA	NA	Cobos Settlement	Cobos Settlement, Albemarle Isl., Galapagos Arch.	NA	NA	NA	NA	NA	NA	NA	-1.004917	-91.093778	NA	NA	NA	NA	NA	NA	NA	NA	NA	NA	NA	Google Earth, 2013.	NA	NA	NA	NA	NA	NA	NA	NA	NA	NA	NA	NA	NA	NA	NA	NA	NA	NA	NA	NA	NA	NA	NA	NA	NA	NA	NA	NA	NA	NA	NA	C6Q49	NA	NA	NA	NA	NA	Chelonoidis vicina (Günther, 1875)	NA	NA	NA	NA	NA	NA	Animalia; Chordata; Reptilia; Testudines; Testudinidae	Animalia	Chordata	Reptilia	Testudines	Testudinoidea	Testudinidae	NA	NA	NA	Chelonoidis	Chelonoidis	NA	NA	vicina	NA	NA	SPECIES	NA	NA	NA	SYNONYM	NA	NA	cece4fc2-1fec-4bb5-a335-7252548e3f0b	US	2026-09-07 00:06:33	NA	NA	NA	NA	NA	COORDINATE_ROUNDED;CONTINENT_DERIVED_FROM_COORDINATES	NA	COORDINATE_ROUNDED;CONTINENT_DERIVED_FROM_COORDINATES	StillImage	TRUE	FALSE	TVLL	C6Q49	N	CH2	RP	477	87BWY	626NZ	NA	NA	NA	3MPP	NA	5Y2Z9	Chelonoidis niger	Chelonoidis niger vicina (Günther, 1874)	Chelonoidis vicina	NA	EML	2026-09-07 00:06:33	2026-09-07 00:01:45	NA	TRUE	NA	NA	FALSE	LATIN_AMERICA	NORTH_AMERICA	ECU	Ecuador	ECU.9_1	Galápagos	ECU.9.1_1	Isabela	ECU.9.1.2_1	Tomas De Berlanga (Santo Tomas)	NA
543675399	NA	NA	NA	CC0_1_0	2024-01-04 14:21:00	California Academy of Sciences	NA	NA	NA	http://grbio.org/institution/california-academy-sciences	http://grscicoll.org/institutional-collection/herpetology-0	NA	CAS	HERP	NA	NA	PRESERVED_SPECIMEN	NA	NA	NA	urn:catalog:CAS:HERP:8480	8480	3280	J.R. Slevin	NA	NA	NA	NA	NA	Adult	NA	NA	NA	NA	NA	NA	NA	NA	PRESENT	Dry	NA	NA	NA	NA	NA	NA	NA	NA	NA	NA	NA	NA	NA	NA	NA	NA	NA	NA	NA	NA	NA	1906-05-11	NA	131	131	1906	5	11	11 May 1906	NA	NA	NA	NA	NA	NA	NA	NA	NA	South Pacific Ocean; Ecuador; Galapagos Prov.; Galapagos Ids.	NA	South Pacific Ocean	Galapagos Ids.	NA	EC	Galapagos Prov.	NA	NA	1 50 S, 89 43 30 W, approximately 25 nautical mi S of Isla Espanola	Lat 1 50 S. Long. 89 43 30 W	NA	NA	NA	NA	NA	NA	NA	-1.833333	-89.725	NA	NA	NA	NA	NA	NA	NA	NA	NA	NA	NA	NA	NA	NA	NA	NA	NA	NA	NA	NA	NA	NA	NA	NA	NA	NA	NA	NA	NA	NA	NA	NA	NA	NA	NA	NA	NA	NA	NA	NA	NA	NA	NA	3TB2H	NA	NA	NA	NA	NA	Lepidochelys olivacea (Eschscholtz, 1829)	NA	NA	NA	NA	NA	NA	Animalia; Chordata; Reptilia; Testudines; Cheloniidae	Animalia	Chordata	Reptilia	Testudines	Chelonioidea	Cheloniidae	NA	NA	NA	Lepidochelys	Lepidochelys	NA	NA	olivacea	NA	NA	SPECIES	NA	NA	NA	ACCEPTED	NA	NA	cece4fc2-1fec-4bb5-a335-7252548e3f0b	US	2026-09-07 00:06:33	NA	NA	NA	NA	NA	COORDINATE_ROUNDED;GEODETIC_DATUM_ASSUMED_WGS84	NA	COORDINATE_ROUNDED;GEODETIC_DATUM_ASSUMED_WGS84	StillImage	TRUE	FALSE	3TB2H	3TB2H	N	CH2	RP	477	87BWH	83J	NA	NA	NA	5CG2	NA	3TB2H	Lepidochelys olivacea	Lepidochelys olivacea (Eschscholtz, 1829)	Lepidochelys olivacea	NA	EML	2026-09-07 00:06:33	2026-09-07 00:01:45	NA	TRUE	NA	NA	FALSE	LATIN_AMERICA	NORTH_AMERICA	NA	NA	NA	NA	NA	NA	NA	NA	VU
543673077	NA	NA	NA	CC0_1_0	2024-01-04 14:21:00	California Academy of Sciences	NA	NA	NA	http://grbio.org/institution/california-academy-sciences	http://grscicoll.org/institutional-collection/herpetology-0	NA	CAS	HERP	NA	NA	PRESERVED_SPECIMEN	NA	NA	NA	urn:catalog:CAS:HERP:8271	8271	R.Z.	J.R. Slevin	NA	NA	NA	NA	Female	NA	NA	NA	NA	NA	NA	NA	NA	NA	PRESENT	Dry	NA	NA	NA	NA	NA	NA	Died in San Francisco Jan 1907.  Bought of Native Collector.	NA	NA	NA	NA	NA	NA	NA	NA	NA	NA	NA	NA	NA	NA	1906-08-01	NA	213	213	1906	8	1	1 Aug-4 Sep 1906	NA	NA	NA	NA	NA	NA	NA	NA	NA	South Pacific Ocean; Ecuador; Galapagos Prov.; Galapagos Ids.; Isabela Id.	SOUTH_AMERICA	South Pacific Ocean	Galapagos Ids.	Isabela Id.	EC	Galapagos Prov.	NA	NA	vicinty of Villamil Mtn	Vic. Vilamil Mt., Albemarle Isl., Galapagos Arch.	NA	NA	NA	NA	NA	NA	NA	-0.911944	-91.123611	9656.08	NA	NA	NA	NA	NA	NA	NA	NA	NA	NA	Google Earth, 2013.	NA	NA	NA	NA	NA	NA	NA	NA	NA	NA	NA	NA	NA	NA	NA	NA	NA	NA	NA	NA	NA	NA	NA	NA	NA	NA	NA	NA	NA	NA	NA	C6Q42	NA	NA	NA	NA	NA	Chelonoidis guntheri (Baur, 1889)	NA	NA	NA	NA	NA	NA	Animalia; Chordata; Reptilia; Testudines; Testudinidae	Animalia	Chordata	Reptilia	Testudines	Testudinoidea	Testudinidae	NA	NA	NA	Chelonoidis	Chelonoidis	NA	NA	guntheri	NA	NA	SPECIES	NA	NA	NA	SYNONYM	NA	NA	cece4fc2-1fec-4bb5-a335-7252548e3f0b	US	2026-09-07 00:06:33	NA	NA	NA	NA	NA	COORDINATE_ROUNDED;CONTINENT_DERIVED_FROM_COORDINATES	NA	COORDINATE_ROUNDED;CONTINENT_DERIVED_FROM_COORDINATES	StillImage	TRUE	FALSE	8GPG2	C6Q42	N	CH2	RP	477	87BWY	626NZ	NA	NA	NA	3MPP	NA	5Y2Z9	Chelonoidis niger	Chelonoidis niger guntheri (Baur, 1889)	Chelonoidis guntheri	NA	EML	2026-09-07 00:06:33	2026-09-07 00:01:45	NA	TRUE	NA	NA	FALSE	LATIN_AMERICA	NORTH_AMERICA	ECU	Ecuador	ECU.9_1	Galápagos	ECU.9.1_1	Isabela	ECU.9.1.2_1	Tomas De Berlanga (Santo Tomas)	NA
543672522	NA	NA	NA	CC0_1_0	2024-01-04 14:21:00	California Academy of Sciences	NA	NA	NA	http://grbio.org/institution/california-academy-sciences	http://grscicoll.org/institutional-collection/herpetology-0	NA	CAS	HERP	NA	NA	PRESERVED_SPECIMEN	NA	NA	NA	urn:catalog:CAS:HERP:8221	8221	4459	J.R. Slevin	NA	NA	NA	NA	Female	Adult	NA	NA	NA	NA	NA	NA	NA	NA	PRESENT	Dry	NA	NA	NA	NA	NA	NA	Bought of Native Collector.  Miscellaneous postcrania.	NA	NA	NA	NA	NA	NA	NA	NA	NA	NA	NA	NA	NA	NA	1906-09-29	NA	272	272	1906	9	29	29 Sep 1906	NA	NA	NA	NA	NA	NA	NA	NA	NA	South Pacific Ocean; Ecuador; Galapagos Prov.; Galapagos Ids.; Isabela Id.	SOUTH_AMERICA	South Pacific Ocean	Galapagos Ids.	Isabela Id.	EC	Galapagos Prov.	NA	NA	Villamil Mtn	Vilamil Mt., Albemarle Isl., Galapagos Arch.	NA	NA	NA	NA	NA	NA	NA	-0.911944	-91.123611	9656.08	NA	NA	NA	NA	NA	NA	NA	NA	NA	NA	Google Earth, 2013.	NA	NA	NA	NA	NA	NA	NA	NA	NA	NA	NA	NA	NA	NA	NA	NA	NA	NA	NA	NA	NA	NA	NA	NA	NA	NA	NA	NA	NA	NA	NA	C6Q49	NA	NA	NA	NA	NA	Chelonoidis vicina (Günther, 1875)	NA	NA	NA	NA	NA	NA	Animalia; Chordata; Reptilia; Testudines; Testudinidae	Animalia	Chordata	Reptilia	Testudines	Testudinoidea	Testudinidae	NA	NA	NA	Chelonoidis	Chelonoidis	NA	NA	vicina	NA	NA	SPECIES	NA	NA	NA	SYNONYM	NA	NA	cece4fc2-1fec-4bb5-a335-7252548e3f0b	US	2026-09-07 00:06:38	NA	NA	NA	NA	NA	COORDINATE_ROUNDED;CONTINENT_DERIVED_FROM_COORDINATES	NA	COORDINATE_ROUNDED;CONTINENT_DERIVED_FROM_COORDINATES	StillImage	TRUE	FALSE	TVLL	C6Q49	N	CH2	RP	477	87BWY	626NZ	NA	NA	NA	3MPP	NA	5Y2Z9	Chelonoidis niger	Chelonoidis niger vicina (Günther, 1874)	Chelonoidis vicina	NA	EML	2026-09-07 00:06:38	2026-09-07 00:01:45	NA	TRUE	NA	NA	FALSE	LATIN_AMERICA	NORTH_AMERICA	ECU	Ecuador	ECU.9_1	Galápagos	ECU.9.1_1	Isabela	ECU.9.1.2_1	Tomas De Berlanga (Santo Tomas)	NA
543672622	NA	NA	NA	CC0_1_0	2024-01-04 14:21:00	California Academy of Sciences	NA	NA	NA	http://grbio.org/institution/california-academy-sciences	http://grscicoll.org/institutional-collection/herpetology-0	NA	CAS	HERP	NA	NA	PRESERVED_SPECIMEN	NA	NA	NA	urn:catalog:CAS:HERP:8230	8230	4469	J.R. Slevin	NA	NA	NA	NA	Female	Adult	NA	NA	NA	NA	NA	NA	NA	NA	PRESENT	Dry	NA	NA	NA	NA	NA	NA	Bought of Native Collector.	NA	NA	NA	NA	NA	NA	NA	NA	NA	NA	NA	NA	NA	NA	1906-10-02	NA	275	275	1906	10	2	2 Oct 1906	NA	NA	NA	NA	NA	NA	NA	NA	NA	South Pacific Ocean; Ecuador; Galapagos Prov.; Galapagos Ids.; Isabela Id.	SOUTH_AMERICA	South Pacific Ocean	Galapagos Ids.	Isabela Id.	EC	Galapagos Prov.	NA	NA	Villamil Mtn	Vilamil Mt., Albemarle Isl., Galapagos Arch.	NA	NA	NA	NA	NA	NA	NA	-0.911944	-91.123611	9656.08	NA	NA	NA	NA	NA	NA	NA	NA	NA	NA	Google Earth, 2013.	NA	NA	NA	NA	NA	NA	NA	NA	NA	NA	NA	NA	NA	NA	NA	NA	NA	NA	NA	NA	NA	NA	NA	NA	NA	NA	NA	NA	NA	NA	NA	C6Q42	NA	NA	NA	NA	NA	Chelonoidis guntheri (Baur, 1889)	NA	NA	NA	NA	NA	NA	Animalia; Chordata; Reptilia; Testudines; Testudinidae	Animalia	Chordata	Reptilia	Testudines	Testudinoidea	Testudinidae	NA	NA	NA	Chelonoidis	Chelonoidis	NA	NA	guntheri	NA	NA	SPECIES	NA	NA	NA	SYNONYM	NA	NA	cece4fc2-1fec-4bb5-a335-7252548e3f0b	US	2026-09-07 00:06:38	NA	NA	NA	NA	NA	COORDINATE_ROUNDED;CONTINENT_DERIVED_FROM_COORDINATES	NA	COORDINATE_ROUNDED;CONTINENT_DERIVED_FROM_COORDINATES	StillImage	TRUE	FALSE	8GPG2	C6Q42	N	CH2	RP	477	87BWY	626NZ	NA	NA	NA	3MPP	NA	5Y2Z9	Chelonoidis niger	Chelonoidis niger guntheri (Baur, 1889)	Chelonoidis guntheri	NA	EML	2026-09-07 00:06:38	2026-09-07 00:01:45	NA	TRUE	NA	NA	FALSE	LATIN_AMERICA	NORTH_AMERICA	ECU	Ecuador	ECU.9_1	Galápagos	ECU.9.1_1	Isabela	ECU.9.1.2_1	Tomas De Berlanga (Santo Tomas)	NA
543674599	NA	NA	NA	CC0_1_0	2024-01-04 14:21:00	California Academy of Sciences	NA	NA	NA	http://grbio.org/institution/california-academy-sciences	http://grscicoll.org/institutional-collection/herpetology-0	NA	CAS	HERP	NA	NA	PRESERVED_SPECIMEN	NA	NA	NA	urn:catalog:CAS:HERP:8408	8408	NA	J.R. Slevin and R.H. Beck	NA	NA	NA	NA	NA	Adult	NA	NA	NA	NA	NA	NA	NA	NA	PRESENT	Dry	NA	NA	NA	NA	NA	NA	Skull.	NA	NA	NA	NA	NA	NA	NA	NA	NA	NA	NA	NA	NA	NA	1906-08-24	NA	236	236	1906	8	24	24 Aug 1906	NA	NA	NA	NA	NA	NA	NA	NA	NA	South Pacific Ocean; Ecuador; Galapagos Prov.; Galapagos Ids.; Isabela Id.	SOUTH_AMERICA	South Pacific Ocean	Galapagos Ids.	Isabela Id.	EC	Galapagos Prov.	NA	NA	Villamil Mtn	Vilamil Mt. Albemarle Isl. Galapagos Arch.	NA	NA	NA	NA	NA	NA	NA	-0.841667	-91.163333	NA	NA	NA	NA	NA	NA	NA	NA	NA	NA	NA	Google Earth, 2013.	NA	NA	NA	NA	NA	NA	NA	NA	NA	NA	NA	NA	NA	NA	NA	NA	NA	NA	NA	NA	NA	NA	NA	NA	NA	NA	NA	NA	NA	NA	NA	C6Q42	NA	NA	NA	NA	NA	Chelonoidis guntheri (Baur, 1889)	NA	NA	NA	NA	NA	NA	Animalia; Chordata; Reptilia; Testudines; Testudinidae	Animalia	Chordata	Reptilia	Testudines	Testudinoidea	Testudinidae	NA	NA	NA	Chelonoidis	Chelonoidis	NA	NA	guntheri	NA	NA	SPECIES	NA	NA	NA	SYNONYM	NA	NA	cece4fc2-1fec-4bb5-a335-7252548e3f0b	US	2026-09-07 00:06:38	NA	NA	NA	NA	NA	COORDINATE_ROUNDED;CONTINENT_DERIVED_FROM_COORDINATES	NA	COORDINATE_ROUNDED;CONTINENT_DERIVED_FROM_COORDINATES	StillImage	TRUE	FALSE	8GPG2	C6Q42	N	CH2	RP	477	87BWY	626NZ	NA	NA	NA	3MPP	NA	5Y2Z9	Chelonoidis niger	Chelonoidis niger guntheri (Baur, 1889)	Chelonoidis guntheri	NA	EML	2026-09-07 00:06:38	2026-09-07 00:01:45	NA	TRUE	NA	NA	FALSE	LATIN_AMERICA	NORTH_AMERICA	ECU	Ecuador	ECU.9_1	Galápagos	ECU.9.1_1	Isabela	ECU.9.1.2_1	Tomas De Berlanga (Santo Tomas)	NA
543674610	NA	NA	NA	CC0_1_0	2024-01-04 14:21:00	California Academy of Sciences	NA	NA	NA	http://grbio.org/institution/california-academy-sciences	http://grscicoll.org/institutional-collection/herpetology-0	NA	CAS	HERP	NA	NA	PRESERVED_SPECIMEN	NA	NA	NA	urn:catalog:CAS:HERP:8409	8409	NA	J.R. Slevin and R.H. Beck	NA	NA	NA	NA	NA	Adult	NA	NA	NA	NA	NA	NA	NA	NA	PRESENT	Dry	NA	NA	NA	NA	NA	NA	Skull.	NA	NA	NA	NA	NA	NA	NA	NA	NA	NA	NA	NA	NA	NA	1906-08-24	NA	236	236	1906	8	24	24 Aug 1906	NA	NA	NA	NA	NA	NA	NA	NA	NA	South Pacific Ocean; Ecuador; Galapagos Prov.; Galapagos Ids.; Isabela Id.	SOUTH_AMERICA	South Pacific Ocean	Galapagos Ids.	Isabela Id.	EC	Galapagos Prov.	NA	NA	Villamil Mtn	Vilamil Mt. Albemarle Isl. Galapagos Arch.	NA	NA	NA	NA	NA	NA	NA	-0.841667	-91.163333	NA	NA	NA	NA	NA	NA	NA	NA	NA	NA	NA	Google Earth, 2013.	NA	NA	NA	NA	NA	NA	NA	NA	NA	NA	NA	NA	NA	NA	NA	NA	NA	NA	NA	NA	NA	NA	NA	NA	NA	NA	NA	NA	NA	NA	NA	3MPP	NA	NA	NA	NA	NA	Chelonoidis Fitzinger, 1835	NA	NA	NA	NA	NA	NA	Animalia; Chordata; Reptilia; Testudines; Testudinidae	Animalia	Chordata	Reptilia	Testudines	Testudinoidea	Testudinidae	NA	NA	NA	Chelonoidis	NA	NA	NA	NA	NA	NA	GENUS	NA	NA	NA	ACCEPTED	NA	NA	cece4fc2-1fec-4bb5-a335-7252548e3f0b	US	2026-09-07 00:06:40	NA	NA	NA	NA	NA	COORDINATE_ROUNDED;CONTINENT_DERIVED_FROM_COORDINATES	NA	COORDINATE_ROUNDED;CONTINENT_DERIVED_FROM_COORDINATES	StillImage	TRUE	FALSE	3MPP	3MPP	N	CH2	RP	477	87BWY	626NZ	NA	NA	NA	3MPP	NA	NA	NA	Chelonoidis Fitzinger, 1835	Chelonoidis	NA	EML	2026-09-07 00:06:40	2026-09-07 00:01:45	NA	TRUE	NA	NA	FALSE	LATIN_AMERICA	NORTH_AMERICA	ECU	Ecuador	ECU.9_1	Galápagos	ECU.9.1_1	Isabela	ECU.9.1.2_1	Tomas De Berlanga (Santo Tomas)	NA
543672377	NA	NA	NA	CC0_1_0	2024-01-04 14:21:00	California Academy of Sciences	NA	NA	NA	http://grbio.org/institution/california-academy-sciences	http://grscicoll.org/institutional-collection/herpetology-0	NA	CAS	HERP	NA	NA	PRESERVED_SPECIMEN	NA	NA	NA	urn:catalog:CAS:HERP:8208	8208	4014	J.R. Slevin	NA	NA	NA	NA	Male	Adult	NA	NA	NA	NA	NA	NA	NA	NA	PRESENT	Dry	NA	NA	NA	NA	NA	NA	Bought of Native Collector.  Killed on board.	NA	NA	NA	NA	NA	NA	NA	NA	NA	NA	NA	NA	NA	NA	1906-09-13	NA	256	256	1906	9	13	13 Sep 1906	NA	NA	NA	NA	NA	NA	NA	NA	NA	South Pacific Ocean; Ecuador; Galapagos Prov.; Galapagos Ids.; Isabela Id.	SOUTH_AMERICA	South Pacific Ocean	Galapagos Ids.	Isabela Id.	EC	Galapagos Prov.	NA	NA	vicinty of Villamil Mtn	Vic. Vilamil Mt., Albemarle Isl., Galapagos Arch.	NA	NA	NA	NA	NA	NA	NA	-0.911944	-91.123611	9656.08	NA	NA	NA	NA	NA	NA	NA	NA	NA	NA	Google Earth, 2013.	NA	NA	NA	NA	NA	NA	NA	NA	NA	NA	NA	NA	NA	NA	NA	NA	NA	NA	NA	NA	NA	NA	NA	NA	NA	NA	NA	NA	NA	NA	NA	C6Q49	NA	NA	NA	NA	NA	Chelonoidis vicina (Günther, 1875)	NA	NA	NA	NA	NA	NA	Animalia; Chordata; Reptilia; Testudines; Testudinidae	Animalia	Chordata	Reptilia	Testudines	Testudinoidea	Testudinidae	NA	NA	NA	Chelonoidis	Chelonoidis	NA	NA	vicina	NA	NA	SPECIES	NA	NA	NA	SYNONYM	NA	NA	cece4fc2-1fec-4bb5-a335-7252548e3f0b	US	2026-09-07 00:06:38	NA	NA	NA	NA	NA	COORDINATE_ROUNDED;CONTINENT_DERIVED_FROM_COORDINATES	NA	COORDINATE_ROUNDED;CONTINENT_DERIVED_FROM_COORDINATES	StillImage	TRUE	FALSE	TVLL	C6Q49	N	CH2	RP	477	87BWY	626NZ	NA	NA	NA	3MPP	NA	5Y2Z9	Chelonoidis niger	Chelonoidis niger vicina (Günther, 1874)	Chelonoidis vicina	NA	EML	2026-09-07 00:06:38	2026-09-07 00:01:45	NA	TRUE	NA	NA	FALSE	LATIN_AMERICA	NORTH_AMERICA	ECU	Ecuador	ECU.9_1	Galápagos	ECU.9.1_1	Isabela	ECU.9.1.2_1	Tomas De Berlanga (Santo Tomas)	NA
543671377	NA	NA	NA	CC0_1_0	2024-01-04 14:21:00	California Academy of Sciences	NA	NA	NA	http://grbio.org/institution/california-academy-sciences	http://grscicoll.org/institutional-collection/herpetology-0	NA	CAS	HERP	NA	NA	PRESERVED_SPECIMEN	NA	NA	NA	urn:catalog:CAS:HERP:8118	8118	3025	R.H. Beck	NA	NA	NA	NA	Male	Adult	NA	NA	NA	NA	NA	NA	NA	NA	PRESENT	Dry	NA	NA	NA	NA	NA	NA	Miscellaneous postcrania in skeletal collection.	NA	NA	NA	NA	NA	NA	NA	NA	NA	NA	NA	NA	NA	NA	1906-04-14	NA	104	104	1906	4	14	14 Apr 1906	NA	NA	NA	NA	NA	NA	NA	NA	NA	South Pacific Ocean; Ecuador; Galapagos Prov.; Galapagos Ids.; Isabela Id.	SOUTH_AMERICA	South Pacific Ocean	Galapagos Ids.	Isabela Id.	EC	Galapagos Prov.	NA	NA	Banks Bay	Banks Bay, Albemarle Isl. Galapagos Archipelago	NA	NA	NA	NA	NA	NA	NA	-0.035833	-91.376111	NA	NA	NA	NA	NA	NA	NA	NA	NA	NA	NA	Google Earth, 2013.	NA	NA	NA	NA	NA	NA	NA	NA	NA	NA	NA	NA	NA	NA	NA	NA	NA	NA	NA	NA	NA	NA	NA	NA	NA	NA	NA	NA	NA	NA	NA	C6Q3V	NA	NA	NA	NA	NA	Chelonoidis becki (Rothschild, 1901)	NA	NA	NA	NA	NA	NA	Animalia; Chordata; Reptilia; Testudines; Testudinidae	Animalia	Chordata	Reptilia	Testudines	Testudinoidea	Testudinidae	NA	NA	NA	Chelonoidis	Chelonoidis	NA	NA	becki	NA	NA	SPECIES	NA	NA	NA	SYNONYM	NA	NA	cece4fc2-1fec-4bb5-a335-7252548e3f0b	US	2026-09-07 00:06:33	NA	NA	NA	NA	NA	COORDINATE_ROUNDED;CONTINENT_DERIVED_FROM_COORDINATES	NA	COORDINATE_ROUNDED;CONTINENT_DERIVED_FROM_COORDINATES	StillImage	TRUE	FALSE	TVL2	C6Q3V	N	CH2	RP	477	87BWY	626NZ	NA	NA	NA	3MPP	NA	5Y2Z9	Chelonoidis niger	Chelonoidis niger becki (Rothschild, 1901)	Chelonoidis becki	NA	EML	2026-09-07 00:06:33	2026-09-07 00:01:45	NA	TRUE	NA	NA	FALSE	LATIN_AMERICA	NORTH_AMERICA	ECU	Ecuador	ECU.9_1	Galápagos	ECU.9.1_1	Isabela	ECU.9.1.2_1	Tomas De Berlanga (Santo Tomas)	NA
543671444	NA	NA	NA	CC0_1_0	2024-01-04 14:21:00	California Academy of Sciences	NA	NA	NA	http://grbio.org/institution/california-academy-sciences	http://grscicoll.org/institutional-collection/herpetology-0	NA	CAS	HERP	NA	NA	PRESERVED_SPECIMEN	NA	NA	NA	urn:catalog:CAS:HERP:8124	8124	NA	R.H. Beck	NA	NA	NA	NA	NA	NA	NA	NA	NA	NA	NA	NA	NA	NA	PRESENT	Dry	NA	NA	NA	NA	NA	NA	Carapace.	NA	NA	NA	NA	NA	NA	NA	NA	NA	NA	NA	NA	NA	NA	1906-06-27	NA	178	178	1906	6	27	27 Jun 1906	NA	NA	NA	NA	NA	NA	NA	NA	NA	South Pacific Ocean; Ecuador; Galapagos Prov.; Galapagos Ids.; Espanola Id.	SOUTH_AMERICA	South Pacific Ocean	Galapagos Ids.	Espanola Id.	EC	Galapagos Prov.	NA	NA	NA	Hood Island Galapagos Archipelago	NA	NA	NA	NA	NA	NA	NA	-1.361944	-89.723333	NA	NA	NA	NA	NA	NA	NA	NA	NA	NA	NA	Google Earth, 2013.	NA	NA	NA	NA	NA	NA	NA	NA	NA	NA	NA	NA	NA	NA	NA	NA	NA	NA	NA	NA	NA	NA	NA	NA	NA	NA	NA	NA	NA	NA	NA	C6Q43	NA	NA	NA	NA	NA	Chelonoidis hoodensis (Van Denburgh, 1907)	NA	NA	NA	NA	NA	NA	Animalia; Chordata; Reptilia; Testudines; Testudinidae	Animalia	Chordata	Reptilia	Testudines	Testudinoidea	Testudinidae	NA	NA	NA	Chelonoidis	Chelonoidis	NA	NA	hoodensis	NA	NA	SPECIES	NA	NA	NA	SYNONYM	NA	NA	cece4fc2-1fec-4bb5-a335-7252548e3f0b	US	2026-09-07 00:06:33	NA	NA	NA	NA	NA	COORDINATE_ROUNDED;CONTINENT_DERIVED_FROM_COORDINATES	NA	COORDINATE_ROUNDED;CONTINENT_DERIVED_FROM_COORDINATES	StillImage	TRUE	FALSE	TVLD	C6Q43	N	CH2	RP	477	87BWY	626NZ	NA	NA	NA	3MPP	NA	5Y2Z9	Chelonoidis niger	Chelonoidis niger hoodensis (Van Denburgh, 1907)	Chelonoidis hoodensis	NA	EML	2026-09-07 00:06:33	2026-09-07 00:01:45	NA	TRUE	NA	NA	FALSE	LATIN_AMERICA	NORTH_AMERICA	ECU	Ecuador	ECU.9_1	Galápagos	ECU.9.2_1	San Cristóbal	ECU.9.2.2_1	Isla Santa Mara (Floreana) (Cab.	NA
543672755	NA	NA	NA	CC0_1_0	2024-01-04 14:21:00	California Academy of Sciences	NA	NA	NA	http://grbio.org/institution/california-academy-sciences	http://grscicoll.org/institutional-collection/herpetology-0	NA	CAS	HERP	NA	NA	PRESERVED_SPECIMEN	NA	NA	NA	urn:catalog:CAS:HERP:8242	8242	4482	J.R. Slevin	NA	NA	NA	NA	Female	Adult	NA	NA	NA	NA	NA	NA	NA	NA	PRESENT	Dry	NA	NA	NA	NA	NA	NA	Bought of Native Collector.	NA	NA	NA	NA	NA	NA	NA	NA	NA	NA	NA	NA	NA	NA	1906-10-05	NA	278	278	1906	10	5	5 Oct 1906	NA	NA	NA	NA	NA	NA	NA	NA	NA	South Pacific Ocean; Ecuador; Galapagos Prov.; Galapagos Ids.; Isabela Id.	SOUTH_AMERICA	South Pacific Ocean	Galapagos Ids.	Isabela Id.	EC	Galapagos Prov.	NA	NA	Villamil Mtn	Vilamil Mt., Albemarle Isl., Galapagos Arch.	NA	NA	NA	NA	NA	NA	NA	-0.911944	-91.123611	9656.08	NA	NA	NA	NA	NA	NA	NA	NA	NA	NA	Google Earth, 2013.	NA	NA	NA	NA	NA	NA	NA	NA	NA	NA	NA	NA	NA	NA	NA	NA	NA	NA	NA	NA	NA	NA	NA	NA	NA	NA	NA	NA	NA	NA	NA	C6Q49	NA	NA	NA	NA	NA	Chelonoidis vicina (Günther, 1875)	NA	NA	NA	NA	NA	NA	Animalia; Chordata; Reptilia; Testudines; Testudinidae	Animalia	Chordata	Reptilia	Testudines	Testudinoidea	Testudinidae	NA	NA	NA	Chelonoidis	Chelonoidis	NA	NA	vicina	NA	NA	SPECIES	NA	NA	NA	SYNONYM	NA	NA	cece4fc2-1fec-4bb5-a335-7252548e3f0b	US	2026-09-07 00:06:33	NA	NA	NA	NA	NA	COORDINATE_ROUNDED;CONTINENT_DERIVED_FROM_COORDINATES	NA	COORDINATE_ROUNDED;CONTINENT_DERIVED_FROM_COORDINATES	StillImage	TRUE	FALSE	TVLL	C6Q49	N	CH2	RP	477	87BWY	626NZ	NA	NA	NA	3MPP	NA	5Y2Z9	Chelonoidis niger	Chelonoidis niger vicina (Günther, 1874)	Chelonoidis vicina	NA	EML	2026-09-07 00:06:33	2026-09-07 00:01:45	NA	TRUE	NA	NA	FALSE	LATIN_AMERICA	NORTH_AMERICA	ECU	Ecuador	ECU.9_1	Galápagos	ECU.9.1_1	Isabela	ECU.9.1.2_1	Tomas De Berlanga (Santo Tomas)	NA
543672966	NA	NA	NA	CC0_1_0	2024-01-04 14:21:00	California Academy of Sciences	NA	NA	NA	http://grbio.org/institution/california-academy-sciences	http://grscicoll.org/institutional-collection/herpetology-0	NA	CAS	HERP	NA	NA	PRESERVED_SPECIMEN	NA	NA	NA	urn:catalog:CAS:HERP:8261	8261	4502	J.R. Slevin	NA	NA	NA	NA	Female	Adult	NA	NA	NA	NA	NA	NA	NA	NA	PRESENT	Dry	NA	NA	NA	NA	NA	NA	Bought of Native Collector.	NA	NA	NA	NA	NA	NA	NA	NA	NA	NA	NA	NA	NA	NA	1906-10-12	NA	285	285	1906	10	12	12 Oct 1906	NA	NA	NA	NA	NA	NA	NA	NA	NA	South Pacific Ocean; Ecuador; Galapagos Prov.; Galapagos Ids.; Isabela Id.	SOUTH_AMERICA	South Pacific Ocean	Galapagos Ids.	Isabela Id.	EC	Galapagos Prov.	NA	NA	Villamil Mtn	Vilamil Mt., Albemarle Isl., Galapagos Arch.	NA	NA	NA	NA	NA	NA	NA	-0.911944	-91.123611	9656.08	NA	NA	NA	NA	NA	NA	NA	NA	NA	NA	Google Earth, 2013.	NA	NA	NA	NA	NA	NA	NA	NA	NA	NA	NA	NA	NA	NA	NA	NA	NA	NA	NA	NA	NA	NA	NA	NA	NA	NA	NA	NA	NA	NA	NA	C6Q49	NA	NA	NA	NA	NA	Chelonoidis vicina (Günther, 1875)	NA	NA	NA	NA	NA	NA	Animalia; Chordata; Reptilia; Testudines; Testudinidae	Animalia	Chordata	Reptilia	Testudines	Testudinoidea	Testudinidae	NA	NA	NA	Chelonoidis	Chelonoidis	NA	NA	vicina	NA	NA	SPECIES	NA	NA	NA	SYNONYM	NA	NA	cece4fc2-1fec-4bb5-a335-7252548e3f0b	US	2026-09-07 00:06:33	NA	NA	NA	NA	NA	COORDINATE_ROUNDED;CONTINENT_DERIVED_FROM_COORDINATES	NA	COORDINATE_ROUNDED;CONTINENT_DERIVED_FROM_COORDINATES	StillImage	TRUE	FALSE	TVLL	C6Q49	N	CH2	RP	477	87BWY	626NZ	NA	NA	NA	3MPP	NA	5Y2Z9	Chelonoidis niger	Chelonoidis niger vicina (Günther, 1874)	Chelonoidis vicina	NA	EML	2026-09-07 00:06:33	2026-09-07 00:01:45	NA	TRUE	NA	NA	FALSE	LATIN_AMERICA	NORTH_AMERICA	ECU	Ecuador	ECU.9_1	Galápagos	ECU.9.1_1	Isabela	ECU.9.1.2_1	Tomas De Berlanga (Santo Tomas)	NA
543673254	NA	NA	NA	CC0_1_0	2024-01-04 14:21:00	California Academy of Sciences	NA	NA	NA	http://grbio.org/institution/california-academy-sciences	http://grscicoll.org/institutional-collection/herpetology-0	NA	CAS	HERP	NA	NA	PRESERVED_SPECIMEN	NA	NA	NA	urn:catalog:CAS:HERP:8287	8287	2430	R.H. Beck	NA	NA	NA	NA	Female	Adult	NA	NA	NA	NA	NA	NA	NA	NA	PRESENT	Dry	NA	NA	NA	NA	NA	NA	NA	NA	NA	NA	NA	NA	NA	NA	NA	NA	NA	NA	NA	NA	NA	1906-01-19	NA	19	19	1906	1	19	19 Jan 1906	NA	NA	NA	NA	NA	NA	NA	NA	NA	South Pacific Ocean; Ecuador; Galapagos Prov.; Galapagos Ids.; Santa Cruz Id.	SOUTH_AMERICA	South Pacific Ocean	Galapagos Ids.	Santa Cruz Id.	EC	Galapagos Prov.	NA	NA	vicinity of Academy Bay	Indefatigable Isl., Galapagos Arch.  Vic. Academy Bay.	NA	NA	NA	NA	NA	NA	NA	-0.726389	-90.327639	NA	NA	NA	NA	NA	NA	NA	NA	NA	NA	NA	Google Earth, 2013.	NA	NA	NA	NA	NA	NA	NA	NA	NA	NA	NA	NA	NA	NA	NA	NA	NA	NA	NA	NA	NA	NA	NA	NA	NA	NA	NA	NA	NA	NA	NA	C6Q47	NA	NA	NA	NA	NA	Chelonoidis porteri (Rothschild, 1903)	NA	NA	NA	NA	NA	NA	Animalia; Chordata; Reptilia; Testudines; Testudinidae	Animalia	Chordata	Reptilia	Testudines	Testudinoidea	Testudinidae	NA	NA	NA	Chelonoidis	Chelonoidis	NA	NA	porteri	NA	NA	SPECIES	NA	NA	NA	SYNONYM	NA	NA	cece4fc2-1fec-4bb5-a335-7252548e3f0b	US	2026-09-07 00:06:33	NA	NA	NA	NA	NA	COORDINATE_ROUNDED;CONTINENT_DERIVED_FROM_COORDINATES	NA	COORDINATE_ROUNDED;CONTINENT_DERIVED_FROM_COORDINATES	StillImage	TRUE	FALSE	TVLK	C6Q47	N	CH2	RP	477	87BWY	626NZ	NA	NA	NA	3MPP	NA	5Y2Z9	Chelonoidis niger	Chelonoidis niger porteri (Rothschild, 1903)	Chelonoidis porteri	NA	EML	2026-09-07 00:06:33	2026-09-07 00:01:45	NA	TRUE	NA	NA	FALSE	LATIN_AMERICA	NORTH_AMERICA	ECU	Ecuador	ECU.9_1	Galápagos	ECU.9.3_1	Santa Cruz	ECU.9.3.1_1	Bellavista	NA
543671477	NA	NA	NA	CC0_1_0	2024-01-04 14:21:00	California Academy of Sciences	NA	NA	NA	http://grbio.org/institution/california-academy-sciences	http://grscicoll.org/institutional-collection/herpetology-0	NA	CAS	HERP	NA	NA	PRESERVED_SPECIMEN	NA	NA	NA	urn:catalog:CAS:HERP:8127	8127	NA	J.R. Slevin and R.H. Beck	NA	NA	NA	NA	Male	Adult	NA	NA	NA	NA	NA	NA	NA	NA	PRESENT	Dry	NA	NA	NA	NA	NA	NA	Holotype of Testudo chathamensis Van Denburgh, 1907.	NA	NA	NA	NA	NA	NA	NA	NA	NA	NA	NA	NA	NA	NA	1906-02-12	NA	43	43	1906	2	12	12-14 Feb 1906	NA	NA	NA	NA	NA	NA	NA	NA	NA	South Pacific Ocean; Ecuador; Galapagos Prov.; Galapagos Ids.; San Cristobal Id.	SOUTH_AMERICA	South Pacific Ocean	Galapagos Ids.	San Cristobal Id.	EC	Galapagos Prov.	NA	NA	NA	Chatham Island Galapagos Archipelago	NA	NA	NA	NA	NA	NA	NA	-0.808056	-89.454806	NA	NA	NA	NA	NA	NA	NA	NA	NA	NA	NA	Google Earth, 2013.	NA	NA	NA	NA	NA	NA	NA	NA	NA	NA	NA	NA	NA	NA	NA	NA	NA	NA	NA	NA	NA	NA	Holotype	J. Van Denburgh	NA	1907-12-20	NA	NA	NA	NA	NA	C6Q3W	NA	NA	NA	NA	NA	Chelonoidis chathamensis (Van Denburgh, 1907)	NA	NA	NA	NA	NA	NA	Animalia; Chordata; Reptilia; Testudines; Testudinidae	Animalia	Chordata	Reptilia	Testudines	Testudinoidea	Testudinidae	NA	NA	NA	Chelonoidis	Chelonoidis	NA	NA	chathamensis	NA	NA	SPECIES	NA	NA	NA	SYNONYM	NA	NA	cece4fc2-1fec-4bb5-a335-7252548e3f0b	US	2026-09-07 00:06:36	NA	NA	NA	NA	NA	COORDINATE_ROUNDED;CONTINENT_DERIVED_FROM_COORDINATES	NA	COORDINATE_ROUNDED;CONTINENT_DERIVED_FROM_COORDINATES	StillImage	TRUE	FALSE	TVL5	C6Q3W	N	CH2	RP	477	87BWY	626NZ	NA	NA	NA	3MPP	NA	5Y2Z9	Chelonoidis niger	Chelonoidis niger chathamensis (Van Denburgh, 1907)	Chelonoidis chathamensis	NA	EML	2026-09-07 00:06:36	2026-09-07 00:01:45	NA	TRUE	NA	NA	FALSE	LATIN_AMERICA	NORTH_AMERICA	ECU	Ecuador	ECU.9_1	Galápagos	ECU.9.2_1	San Cristóbal	ECU.9.2.1_1	El Progreso	NA
543672154	NA	NA	NA	CC0_1_0	2024-01-04 14:21:00	California Academy of Sciences	NA	NA	NA	http://grbio.org/institution/california-academy-sciences	http://grscicoll.org/institutional-collection/herpetology-0	NA	CAS	HERP	NA	NA	PRESERVED_SPECIMEN	NA	NA	NA	urn:catalog:CAS:HERP:8188	8188	3983	E.S. King	NA	NA	NA	NA	Male	Adult	NA	NA	NA	NA	NA	NA	NA	NA	PRESENT	Dry	NA	NA	NA	NA	NA	NA	Miscellaneous postcrania.	NA	NA	NA	NA	NA	NA	NA	NA	NA	NA	NA	NA	NA	NA	1906-08-23	NA	235	235	1906	8	23	23 Aug 1906	NA	NA	NA	NA	NA	NA	NA	NA	NA	South Pacific Ocean; Ecuador; Galapagos Prov.; Galapagos Ids.; Isabela Id.	SOUTH_AMERICA	South Pacific Ocean	Galapagos Ids.	Isabela Id.	EC	Galapagos Prov.	NA	NA	SW side of Villamil Mtn	Vilamil Mt., Albemarle Isl. Galapagos Arch.  South-west side.	NA	NA	NA	NA	NA	NA	NA	-0.841667	-91.163333	NA	NA	NA	NA	NA	NA	NA	NA	NA	NA	NA	Google Earth, 2013.	NA	NA	NA	NA	NA	NA	NA	NA	NA	NA	NA	NA	NA	NA	NA	NA	NA	NA	NA	NA	NA	NA	NA	NA	NA	NA	NA	NA	NA	NA	NA	C6Q49	NA	NA	NA	NA	NA	Chelonoidis vicina (Günther, 1875)	NA	NA	NA	NA	NA	NA	Animalia; Chordata; Reptilia; Testudines; Testudinidae	Animalia	Chordata	Reptilia	Testudines	Testudinoidea	Testudinidae	NA	NA	NA	Chelonoidis	Chelonoidis	NA	NA	vicina	NA	NA	SPECIES	NA	NA	NA	SYNONYM	NA	NA	cece4fc2-1fec-4bb5-a335-7252548e3f0b	US	2026-09-07 00:06:36	NA	NA	NA	NA	NA	COORDINATE_ROUNDED;CONTINENT_DERIVED_FROM_COORDINATES	NA	COORDINATE_ROUNDED;CONTINENT_DERIVED_FROM_COORDINATES	StillImage	TRUE	FALSE	TVLL	C6Q49	N	CH2	RP	477	87BWY	626NZ	NA	NA	NA	3MPP	NA	5Y2Z9	Chelonoidis niger	Chelonoidis niger vicina (Günther, 1874)	Chelonoidis vicina	NA	EML	2026-09-07 00:06:36	2026-09-07 00:01:45	NA	TRUE	NA	NA	FALSE	LATIN_AMERICA	NORTH_AMERICA	ECU	Ecuador	ECU.9_1	Galápagos	ECU.9.1_1	Isabela	ECU.9.1.2_1	Tomas De Berlanga (Santo Tomas)	NA
543672188	NA	NA	NA	CC0_1_0	2024-01-04 14:21:00	California Academy of Sciences	NA	NA	NA	http://grbio.org/institution/california-academy-sciences	http://grscicoll.org/institutional-collection/herpetology-0	NA	CAS	HERP	NA	NA	PRESERVED_SPECIMEN	NA	NA	NA	urn:catalog:CAS:HERP:8191	8191	3986	J.R. Slevin	NA	NA	NA	NA	Female	Adult	NA	NA	NA	NA	NA	NA	NA	NA	PRESENT	Dry	NA	NA	NA	NA	NA	NA	Bought of Native Collector. Miscellaneous postcrania in Skel.	NA	NA	NA	NA	NA	NA	NA	NA	NA	NA	NA	NA	NA	NA	1906-08-24	NA	236	236	1906	8	24	24 Aug 1906	NA	NA	NA	NA	NA	NA	NA	NA	NA	South Pacific Ocean; Ecuador; Galapagos Prov.; Galapagos Ids.; Isabela Id.	SOUTH_AMERICA	South Pacific Ocean	Galapagos Ids.	Isabela Id.	EC	Galapagos Prov.	NA	NA	SW side of Villamil Mtn	Vilamil Mt., Albemarle Isl. Galapagos Arch.  South-west side.	NA	NA	NA	NA	NA	NA	NA	-0.841667	-91.163333	NA	NA	NA	NA	NA	NA	NA	NA	NA	NA	NA	Google Earth, 2013.	NA	NA	NA	NA	NA	NA	NA	NA	NA	NA	NA	NA	NA	NA	NA	NA	NA	NA	NA	NA	NA	NA	NA	NA	NA	NA	NA	NA	NA	NA	NA	C6Q42	NA	NA	NA	NA	NA	Chelonoidis guntheri (Baur, 1889)	NA	NA	NA	NA	NA	NA	Animalia; Chordata; Reptilia; Testudines; Testudinidae	Animalia	Chordata	Reptilia	Testudines	Testudinoidea	Testudinidae	NA	NA	NA	Chelonoidis	Chelonoidis	NA	NA	guntheri	NA	NA	SPECIES	NA	NA	NA	SYNONYM	NA	NA	cece4fc2-1fec-4bb5-a335-7252548e3f0b	US	2026-09-07 00:06:36	NA	NA	NA	NA	NA	COORDINATE_ROUNDED;CONTINENT_DERIVED_FROM_COORDINATES	NA	COORDINATE_ROUNDED;CONTINENT_DERIVED_FROM_COORDINATES	StillImage	TRUE	FALSE	8GPG2	C6Q42	N	CH2	RP	477	87BWY	626NZ	NA	NA	NA	3MPP	NA	5Y2Z9	Chelonoidis niger	Chelonoidis niger guntheri (Baur, 1889)	Chelonoidis guntheri	NA	EML	2026-09-07 00:06:36	2026-09-07 00:01:45	NA	TRUE	NA	NA	FALSE	LATIN_AMERICA	NORTH_AMERICA	ECU	Ecuador	ECU.9_1	Galápagos	ECU.9.1_1	Isabela	ECU.9.1.2_1	Tomas De Berlanga (Santo Tomas)	NA
543672799	NA	NA	NA	CC0_1_0	2024-01-04 14:21:00	California Academy of Sciences	NA	NA	NA	http://grbio.org/institution/california-academy-sciences	http://grscicoll.org/institutional-collection/herpetology-0	NA	CAS	HERP	NA	NA	PRESERVED_SPECIMEN	NA	NA	NA	urn:catalog:CAS:HERP:8246	8246	4486	J.R. Slevin	NA	NA	NA	NA	Female	Adult	NA	NA	NA	NA	NA	NA	NA	NA	PRESENT	Dry	NA	NA	NA	NA	NA	NA	Bought of Native Collector.	NA	NA	NA	NA	NA	NA	NA	NA	NA	NA	NA	NA	NA	NA	1906-10-06	NA	279	279	1906	10	6	6 Oct 1906	NA	NA	NA	NA	NA	NA	NA	NA	NA	South Pacific Ocean; Ecuador; Galapagos Prov.; Galapagos Ids.; Isabela Id.	SOUTH_AMERICA	South Pacific Ocean	Galapagos Ids.	Isabela Id.	EC	Galapagos Prov.	NA	NA	Villamil Mtn	Vilamil Mt., Albemarle Isl., Galapagos Arch.	NA	NA	NA	NA	NA	NA	NA	-0.911944	-91.123611	9656.08	NA	NA	NA	NA	NA	NA	NA	NA	NA	NA	Google Earth, 2013.	NA	NA	NA	NA	NA	NA	NA	NA	NA	NA	NA	NA	NA	NA	NA	NA	NA	NA	NA	NA	NA	NA	NA	NA	NA	NA	NA	NA	NA	NA	NA	C6Q49	NA	NA	NA	NA	NA	Chelonoidis vicina (Günther, 1875)	NA	NA	NA	NA	NA	NA	Animalia; Chordata; Reptilia; Testudines; Testudinidae	Animalia	Chordata	Reptilia	Testudines	Testudinoidea	Testudinidae	NA	NA	NA	Chelonoidis	Chelonoidis	NA	NA	vicina	NA	NA	SPECIES	NA	NA	NA	SYNONYM	NA	NA	cece4fc2-1fec-4bb5-a335-7252548e3f0b	US	2026-09-07 00:06:36	NA	NA	NA	NA	NA	COORDINATE_ROUNDED;CONTINENT_DERIVED_FROM_COORDINATES	NA	COORDINATE_ROUNDED;CONTINENT_DERIVED_FROM_COORDINATES	StillImage	TRUE	FALSE	TVLL	C6Q49	N	CH2	RP	477	87BWY	626NZ	NA	NA	NA	3MPP	NA	5Y2Z9	Chelonoidis niger	Chelonoidis niger vicina (Günther, 1874)	Chelonoidis vicina	NA	EML	2026-09-07 00:06:36	2026-09-07 00:01:45	NA	TRUE	NA	NA	FALSE	LATIN_AMERICA	NORTH_AMERICA	ECU	Ecuador	ECU.9_1	Galápagos	ECU.9.1_1	Isabela	ECU.9.1.2_1	Tomas De Berlanga (Santo Tomas)	NA
543672888	NA	NA	NA	CC0_1_0	2024-01-04 14:21:00	California Academy of Sciences	NA	NA	NA	http://grbio.org/institution/california-academy-sciences	http://grscicoll.org/institutional-collection/herpetology-0	NA	CAS	HERP	NA	NA	PRESERVED_SPECIMEN	NA	NA	NA	urn:catalog:CAS:HERP:8254	8254	4495	J.R. Slevin	NA	NA	NA	NA	Male	NA	NA	NA	NA	NA	NA	NA	NA	NA	PRESENT	Dry	NA	NA	NA	NA	NA	NA	Bought of Native Collector.	NA	NA	NA	NA	NA	NA	NA	NA	NA	NA	NA	NA	NA	NA	1906-10-10	NA	283	283	1906	10	10	10 Oct 1906	NA	NA	NA	NA	NA	NA	NA	NA	NA	South Pacific Ocean; Ecuador; Galapagos Prov.; Galapagos Ids.; Isabela Id.	SOUTH_AMERICA	South Pacific Ocean	Galapagos Ids.	Isabela Id.	EC	Galapagos Prov.	NA	NA	Villamil Mtn	Vilamil Mt., Albemarle Isl., Galapagos Arch.	NA	NA	NA	NA	NA	NA	NA	-0.911944	-91.123611	9656.08	NA	NA	NA	NA	NA	NA	NA	NA	NA	NA	Google Earth, 2013.	NA	NA	NA	NA	NA	NA	NA	NA	NA	NA	NA	NA	NA	NA	NA	NA	NA	NA	NA	NA	NA	NA	NA	NA	NA	NA	NA	NA	NA	NA	NA	C6Q49	NA	NA	NA	NA	NA	Chelonoidis vicina (Günther, 1875)	NA	NA	NA	NA	NA	NA	Animalia; Chordata; Reptilia; Testudines; Testudinidae	Animalia	Chordata	Reptilia	Testudines	Testudinoidea	Testudinidae	NA	NA	NA	Chelonoidis	Chelonoidis	NA	NA	vicina	NA	NA	SPECIES	NA	NA	NA	SYNONYM	NA	NA	cece4fc2-1fec-4bb5-a335-7252548e3f0b	US	2026-09-07 00:06:36	NA	NA	NA	NA	NA	COORDINATE_ROUNDED;CONTINENT_DERIVED_FROM_COORDINATES	NA	COORDINATE_ROUNDED;CONTINENT_DERIVED_FROM_COORDINATES	StillImage	TRUE	FALSE	TVLL	C6Q49	N	CH2	RP	477	87BWY	626NZ	NA	NA	NA	3MPP	NA	5Y2Z9	Chelonoidis niger	Chelonoidis niger vicina (Günther, 1874)	Chelonoidis vicina	NA	EML	2026-09-07 00:06:36	2026-09-07 00:01:45	NA	TRUE	NA	NA	FALSE	LATIN_AMERICA	NORTH_AMERICA	ECU	Ecuador	ECU.9_1	Galápagos	ECU.9.1_1	Isabela	ECU.9.1.2_1	Tomas De Berlanga (Santo Tomas)	NA
543673243	NA	NA	NA	CC0_1_0	2024-01-04 14:21:00	California Academy of Sciences	NA	NA	NA	http://grbio.org/institution/california-academy-sciences	http://grscicoll.org/institutional-collection/herpetology-0	NA	CAS	HERP	NA	NA	PRESERVED_SPECIMEN	NA	NA	NA	urn:catalog:CAS:HERP:8286	8286	2429	R.H. Beck	NA	NA	NA	NA	Female	Adult	NA	NA	NA	NA	NA	NA	NA	NA	PRESENT	Dry	NA	NA	NA	NA	NA	NA	Skull.	NA	NA	NA	NA	NA	NA	NA	NA	NA	NA	NA	NA	NA	NA	1906-01-19	NA	19	19	1906	1	19	19 Jan 1906	NA	NA	NA	NA	NA	NA	NA	NA	NA	South Pacific Ocean; Ecuador; Galapagos Prov.; Galapagos Ids.; Santa Cruz Id.	SOUTH_AMERICA	South Pacific Ocean	Galapagos Ids.	Santa Cruz Id.	EC	Galapagos Prov.	NA	NA	vicinity of Academy Bay	Indefatigable Isl., Galapagos Arch.  Vic. Academy Bay.	NA	NA	NA	NA	NA	NA	NA	-0.726389	-90.327639	NA	NA	NA	NA	NA	NA	NA	NA	NA	NA	NA	Google Earth, 2013.	NA	NA	NA	NA	NA	NA	NA	NA	NA	NA	NA	NA	NA	NA	NA	NA	NA	NA	NA	NA	NA	NA	NA	NA	NA	NA	NA	NA	NA	NA	NA	C6Q47	NA	NA	NA	NA	NA	Chelonoidis porteri (Rothschild, 1903)	NA	NA	NA	NA	NA	NA	Animalia; Chordata; Reptilia; Testudines; Testudinidae	Animalia	Chordata	Reptilia	Testudines	Testudinoidea	Testudinidae	NA	NA	NA	Chelonoidis	Chelonoidis	NA	NA	porteri	NA	NA	SPECIES	NA	NA	NA	SYNONYM	NA	NA	cece4fc2-1fec-4bb5-a335-7252548e3f0b	US	2026-09-07 00:06:36	NA	NA	NA	NA	NA	COORDINATE_ROUNDED;CONTINENT_DERIVED_FROM_COORDINATES	NA	COORDINATE_ROUNDED;CONTINENT_DERIVED_FROM_COORDINATES	StillImage	TRUE	FALSE	TVLK	C6Q47	N	CH2	RP	477	87BWY	626NZ	NA	NA	NA	3MPP	NA	5Y2Z9	Chelonoidis niger	Chelonoidis niger porteri (Rothschild, 1903)	Chelonoidis porteri	NA	EML	2026-09-07 00:06:36	2026-09-07 00:01:45	NA	TRUE	NA	NA	FALSE	LATIN_AMERICA	NORTH_AMERICA	ECU	Ecuador	ECU.9_1	Galápagos	ECU.9.3_1	Santa Cruz	ECU.9.3.1_1	Bellavista	NA
543674354	NA	NA	NA	CC0_1_0	2024-01-04 14:21:00	California Academy of Sciences	NA	NA	NA	http://grbio.org/institution/california-academy-sciences	http://grscicoll.org/institutional-collection/herpetology-0	NA	CAS	HERP	NA	NA	PRESERVED_SPECIMEN	NA	NA	NA	urn:catalog:CAS:HERP:8386	8386	2421?	R.H. Beck	NA	NA	NA	NA	Male	Adult	NA	NA	NA	NA	NA	NA	NA	NA	PRESENT	Dry	NA	NA	NA	NA	NA	NA	NA	NA	NA	NA	NA	NA	NA	NA	NA	NA	NA	NA	NA	NA	NA	1906-01-13	NA	13	13	1906	1	13	13 Jan 1906	NA	NA	NA	NA	NA	NA	NA	NA	NA	South Pacific Ocean; Ecuador; Galapagos Prov.; Galapagos Ids.; Santa Cruz Id.	SOUTH_AMERICA	South Pacific Ocean	Galapagos Ids.	Santa Cruz Id.	EC	Galapagos Prov.	NA	NA	vicinity of Academy Bay	Indefatigable Island, Galapagos Arch.  Vic. Academy Bay.	NA	NA	NA	NA	NA	NA	NA	-0.726389	-90.327639	NA	NA	NA	NA	NA	NA	NA	NA	NA	NA	NA	Google Earth, 2013.	NA	NA	NA	NA	NA	NA	NA	NA	NA	NA	NA	NA	NA	NA	NA	NA	NA	NA	NA	NA	NA	NA	NA	NA	NA	NA	NA	NA	NA	NA	NA	C6Q47	NA	NA	NA	NA	NA	Chelonoidis porteri (Rothschild, 1903)	NA	NA	NA	NA	NA	NA	Animalia; Chordata; Reptilia; Testudines; Testudinidae	Animalia	Chordata	Reptilia	Testudines	Testudinoidea	Testudinidae	NA	NA	NA	Chelonoidis	Chelonoidis	NA	NA	porteri	NA	NA	SPECIES	NA	NA	NA	SYNONYM	NA	NA	cece4fc2-1fec-4bb5-a335-7252548e3f0b	US	2026-09-07 00:06:36	NA	NA	NA	NA	NA	COORDINATE_ROUNDED;CONTINENT_DERIVED_FROM_COORDINATES	NA	COORDINATE_ROUNDED;CONTINENT_DERIVED_FROM_COORDINATES	StillImage	TRUE	FALSE	TVLK	C6Q47	N	CH2	RP	477	87BWY	626NZ	NA	NA	NA	3MPP	NA	5Y2Z9	Chelonoidis niger	Chelonoidis niger porteri (Rothschild, 1903)	Chelonoidis porteri	NA	EML	2026-09-07 00:06:36	2026-09-07 00:01:45	NA	TRUE	NA	NA	FALSE	LATIN_AMERICA	NORTH_AMERICA	ECU	Ecuador	ECU.9_1	Galápagos	ECU.9.3_1	Santa Cruz	ECU.9.3.1_1	Bellavista	NA
543674644	NA	NA	NA	CC0_1_0	2024-01-04 14:21:00	California Academy of Sciences	NA	NA	NA	http://grbio.org/institution/california-academy-sciences	http://grscicoll.org/institutional-collection/herpetology-0	NA	CAS	HERP	NA	NA	PRESERVED_SPECIMEN	NA	NA	NA	urn:catalog:CAS:HERP:8412	8412	NA	J.R. Slevin and R.H. Beck	NA	NA	NA	NA	NA	Adult	NA	NA	NA	NA	NA	NA	NA	NA	PRESENT	Dry	NA	NA	NA	NA	NA	NA	Skull.	NA	NA	NA	NA	NA	NA	NA	NA	NA	NA	NA	NA	NA	NA	1906-08-24	NA	236	236	1906	8	24	24 Aug 1906	NA	NA	NA	NA	NA	NA	NA	NA	NA	South Pacific Ocean; Ecuador; Galapagos Prov.; Galapagos Ids.; Isabela Id.	SOUTH_AMERICA	South Pacific Ocean	Galapagos Ids.	Isabela Id.	EC	Galapagos Prov.	NA	NA	Villamil Mtn	Vilamil Mt. Albemarle Isl. Galapagos Arch.	NA	NA	NA	NA	NA	NA	NA	-0.841667	-91.163333	NA	NA	NA	NA	NA	NA	NA	NA	NA	NA	NA	Google Earth, 2013.	NA	NA	NA	NA	NA	NA	NA	NA	NA	NA	NA	NA	NA	NA	NA	NA	NA	NA	NA	NA	NA	NA	NA	NA	NA	NA	NA	NA	NA	NA	NA	3MPP	NA	NA	NA	NA	NA	Chelonoidis Fitzinger, 1835	NA	NA	NA	NA	NA	NA	Animalia; Chordata; Reptilia; Testudines; Testudinidae	Animalia	Chordata	Reptilia	Testudines	Testudinoidea	Testudinidae	NA	NA	NA	Chelonoidis	NA	NA	NA	NA	NA	NA	GENUS	NA	NA	NA	ACCEPTED	NA	NA	cece4fc2-1fec-4bb5-a335-7252548e3f0b	US	2026-09-07 00:06:33	NA	NA	NA	NA	NA	COORDINATE_ROUNDED;CONTINENT_DERIVED_FROM_COORDINATES	NA	COORDINATE_ROUNDED;CONTINENT_DERIVED_FROM_COORDINATES	StillImage	TRUE	FALSE	3MPP	3MPP	N	CH2	RP	477	87BWY	626NZ	NA	NA	NA	3MPP	NA	NA	NA	Chelonoidis Fitzinger, 1835	Chelonoidis	NA	EML	2026-09-07 00:06:33	2026-09-07 00:01:45	NA	TRUE	NA	NA	FALSE	LATIN_AMERICA	NORTH_AMERICA	ECU	Ecuador	ECU.9_1	Galápagos	ECU.9.1_1	Isabela	ECU.9.1.2_1	Tomas De Berlanga (Santo Tomas)	NA
543671366	NA	NA	NA	CC0_1_0	2024-01-04 14:21:00	California Academy of Sciences	NA	NA	NA	http://grbio.org/institution/california-academy-sciences	http://grscicoll.org/institutional-collection/herpetology-0	NA	CAS	HERP	NA	NA	PRESERVED_SPECIMEN	NA	NA	NA	urn:catalog:CAS:HERP:8117	8117	3024	R.H. Beck	NA	NA	NA	NA	Male	Adult	NA	NA	NA	NA	NA	NA	NA	NA	PRESENT	Dry	NA	NA	NA	NA	NA	NA	Mounted specimen.	NA	NA	NA	NA	NA	NA	NA	NA	NA	NA	NA	NA	NA	NA	1906-04-14	NA	104	104	1906	4	14	14 Apr 1906	NA	NA	NA	NA	NA	NA	NA	NA	NA	South Pacific Ocean; Ecuador; Galapagos Prov.; Galapagos Ids.; Isabela Id.	SOUTH_AMERICA	South Pacific Ocean	Galapagos Ids.	Isabela Id.	EC	Galapagos Prov.	NA	NA	Banks Bay	Banks Bay, Albemarle Isl. Galapagos Archipelago	NA	NA	NA	NA	NA	NA	NA	-0.035833	-91.376111	NA	NA	NA	NA	NA	NA	NA	NA	NA	NA	NA	Google Earth, 2013.	NA	NA	NA	NA	NA	NA	NA	NA	NA	NA	NA	NA	NA	NA	NA	NA	NA	NA	NA	NA	NA	NA	NA	NA	NA	NA	NA	NA	NA	NA	NA	C6Q3V	NA	NA	NA	NA	NA	Chelonoidis becki (Rothschild, 1901)	NA	NA	NA	NA	NA	NA	Animalia; Chordata; Reptilia; Testudines; Testudinidae	Animalia	Chordata	Reptilia	Testudines	Testudinoidea	Testudinidae	NA	NA	NA	Chelonoidis	Chelonoidis	NA	NA	becki	NA	NA	SPECIES	NA	NA	NA	SYNONYM	NA	NA	cece4fc2-1fec-4bb5-a335-7252548e3f0b	US	2026-09-07 00:06:38	NA	NA	NA	NA	NA	COORDINATE_ROUNDED;CONTINENT_DERIVED_FROM_COORDINATES	NA	COORDINATE_ROUNDED;CONTINENT_DERIVED_FROM_COORDINATES	StillImage	TRUE	FALSE	TVL2	C6Q3V	N	CH2	RP	477	87BWY	626NZ	NA	NA	NA	3MPP	NA	5Y2Z9	Chelonoidis niger	Chelonoidis niger becki (Rothschild, 1901)	Chelonoidis becki	NA	EML	2026-09-07 00:06:38	2026-09-07 00:01:45	NA	TRUE	NA	NA	FALSE	LATIN_AMERICA	NORTH_AMERICA	ECU	Ecuador	ECU.9_1	Galápagos	ECU.9.1_1	Isabela	ECU.9.1.2_1	Tomas De Berlanga (Santo Tomas)	NA
543671855	NA	NA	NA	CC0_1_0	2024-01-04 14:21:00	California Academy of Sciences	NA	NA	NA	http://grbio.org/institution/california-academy-sciences	http://grscicoll.org/institutional-collection/herpetology-0	NA	CAS	HERP	NA	NA	PRESERVED_SPECIMEN	NA	NA	NA	urn:catalog:CAS:HERP:8161	8161	2936	R.H. Beck	NA	NA	NA	NA	Male	Adult	NA	NA	NA	NA	NA	NA	NA	NA	PRESENT	Dry	NA	NA	NA	NA	NA	NA	Miscellaneous postcrania.	NA	NA	NA	NA	NA	NA	NA	NA	NA	NA	NA	NA	NA	NA	1906-03-27	NA	86	86	1906	3	27	27 Mar 1906	NA	NA	NA	NA	NA	NA	NA	NA	NA	South Pacific Ocean; Ecuador; Galapagos Prov.; Galapagos Ids.; Isabela Id.	SOUTH_AMERICA	South Pacific Ocean	Galapagos Ids.	Isabela Id.	EC	Galapagos Prov.	NA	NA	Tagus Cove	Tagus Cove, Albemarle Isl. Galapagos Arch.	NA	NA	NA	NA	NA	NA	NA	-0.249167	-91.327778	NA	NA	NA	NA	NA	NA	NA	NA	NA	NA	NA	Google Earth, 2013.	NA	NA	NA	NA	NA	NA	NA	NA	NA	NA	NA	NA	NA	NA	NA	NA	NA	NA	NA	NA	NA	NA	NA	NA	NA	NA	NA	NA	NA	NA	NA	C6Q44	NA	NA	NA	NA	NA	Chelonoidis microphyes (Günther, 1875)	NA	NA	NA	NA	NA	NA	Animalia; Chordata; Reptilia; Testudines; Testudinidae	Animalia	Chordata	Reptilia	Testudines	Testudinoidea	Testudinidae	NA	NA	NA	Chelonoidis	Chelonoidis	NA	NA	microphyes	NA	NA	SPECIES	NA	NA	NA	SYNONYM	NA	NA	cece4fc2-1fec-4bb5-a335-7252548e3f0b	US	2026-09-07 00:06:38	NA	NA	NA	NA	NA	COORDINATE_ROUNDED;CONTINENT_DERIVED_FROM_COORDINATES	NA	COORDINATE_ROUNDED;CONTINENT_DERIVED_FROM_COORDINATES	StillImage	TRUE	FALSE	8GPG3	C6Q44	N	CH2	RP	477	87BWY	626NZ	NA	NA	NA	3MPP	NA	5Y2Z9	Chelonoidis niger	Chelonoidis niger microphyes (Günther, 1875)	Chelonoidis microphyes	NA	EML	2026-09-07 00:06:38	2026-09-07 00:01:45	NA	TRUE	NA	NA	FALSE	LATIN_AMERICA	NORTH_AMERICA	ECU	Ecuador	ECU.9_1	Galápagos	ECU.9.1_1	Isabela	ECU.9.1.2_1	Tomas De Berlanga (Santo Tomas)	NA
543671943	NA	NA	NA	CC0_1_0	2024-01-04 14:21:00	California Academy of Sciences	NA	NA	NA	http://grbio.org/institution/california-academy-sciences	http://grscicoll.org/institutional-collection/herpetology-0	NA	CAS	HERP	NA	NA	PRESERVED_SPECIMEN	NA	NA	NA	urn:catalog:CAS:HERP:8169	8169	2892	R.H. Beck	NA	NA	NA	NA	Male	Adult	NA	NA	NA	NA	NA	NA	NA	NA	PRESENT	Dry	NA	NA	NA	NA	NA	NA	NA	NA	NA	NA	NA	NA	NA	NA	NA	NA	NA	NA	NA	NA	NA	1906-03-15	NA	74	74	1906	3	15	15 Mar 1906	NA	NA	NA	NA	NA	NA	NA	NA	NA	South Pacific Ocean; Ecuador; Galapagos Prov.; Galapagos Ids.; Isabela Id.	SOUTH_AMERICA	South Pacific Ocean	Galapagos Ids.	Isabela Id.	EC	Galapagos Prov.	NA	NA	vicinity of Cape Rose	Vic. Cape Rose Albemarle Isl. Galapagos Arch.	NA	NA	NA	NA	NA	NA	NA	-1.030833	-91.22	NA	NA	NA	NA	NA	NA	NA	NA	NA	NA	NA	Google Earth, 2013.	NA	NA	NA	NA	NA	NA	NA	NA	NA	NA	NA	NA	NA	NA	NA	NA	NA	NA	NA	NA	NA	NA	NA	NA	NA	NA	NA	NA	NA	NA	NA	C6Q44	NA	NA	NA	NA	NA	Chelonoidis microphyes (Günther, 1875)	NA	NA	NA	NA	NA	NA	Animalia; Chordata; Reptilia; Testudines; Testudinidae	Animalia	Chordata	Reptilia	Testudines	Testudinoidea	Testudinidae	NA	NA	NA	Chelonoidis	Chelonoidis	NA	NA	microphyes	NA	NA	SPECIES	NA	NA	NA	SYNONYM	NA	NA	cece4fc2-1fec-4bb5-a335-7252548e3f0b	US	2026-09-07 00:06:38	NA	NA	NA	NA	NA	COORDINATE_ROUNDED;CONTINENT_DERIVED_FROM_COORDINATES	NA	COORDINATE_ROUNDED;CONTINENT_DERIVED_FROM_COORDINATES	StillImage	TRUE	FALSE	8GPG3	C6Q44	N	CH2	RP	477	87BWY	626NZ	NA	NA	NA	3MPP	NA	5Y2Z9	Chelonoidis niger	Chelonoidis niger microphyes (Günther, 1875)	Chelonoidis microphyes	NA	EML	2026-09-07 00:06:38	2026-09-07 00:01:45	NA	TRUE	NA	NA	FALSE	LATIN_AMERICA	NORTH_AMERICA	ECU	Ecuador	ECU.9_1	Galápagos	ECU.9.1_1	Isabela	ECU.9.1.2_1	Tomas De Berlanga (Santo Tomas)	NA
543672744	NA	NA	NA	CC0_1_0	2024-01-04 14:21:00	California Academy of Sciences	NA	NA	NA	http://grbio.org/institution/california-academy-sciences	http://grscicoll.org/institutional-collection/herpetology-0	NA	CAS	HERP	NA	NA	PRESERVED_SPECIMEN	NA	NA	NA	urn:catalog:CAS:HERP:8241	8241	4481	J.R. Slevin	NA	NA	NA	NA	Female	Adult	NA	NA	NA	NA	NA	NA	NA	NA	PRESENT	Dry	NA	NA	NA	NA	NA	NA	Bought of Native Collector.  Error (Duplicated in Paper).	NA	NA	NA	NA	NA	NA	NA	NA	NA	NA	NA	NA	NA	NA	1906-10-05	NA	278	278	1906	10	5	5 Oct 1906	NA	NA	NA	NA	NA	NA	NA	NA	NA	South Pacific Ocean; Ecuador; Galapagos Prov.; Galapagos Ids.; Isabela Id.	SOUTH_AMERICA	South Pacific Ocean	Galapagos Ids.	Isabela Id.	EC	Galapagos Prov.	NA	NA	Villamil Mtn	Vilamil Mt., Albemarle Isl., Galapagos Arch.	NA	NA	NA	NA	NA	NA	NA	-0.911944	-91.123611	9656.08	NA	NA	NA	NA	NA	NA	NA	NA	NA	NA	Google Earth, 2013.	NA	NA	NA	NA	NA	NA	NA	NA	NA	NA	NA	NA	NA	NA	NA	NA	NA	NA	NA	NA	NA	NA	NA	NA	NA	NA	NA	NA	NA	NA	NA	3MPP	NA	NA	NA	NA	NA	Chelonoidis Fitzinger, 1835	NA	NA	NA	NA	NA	NA	Animalia; Chordata; Reptilia; Testudines; Testudinidae	Animalia	Chordata	Reptilia	Testudines	Testudinoidea	Testudinidae	NA	NA	NA	Chelonoidis	NA	NA	NA	NA	NA	NA	GENUS	NA	NA	NA	ACCEPTED	NA	NA	cece4fc2-1fec-4bb5-a335-7252548e3f0b	US	2026-09-07 00:06:38	NA	NA	NA	NA	NA	COORDINATE_ROUNDED;CONTINENT_DERIVED_FROM_COORDINATES	NA	COORDINATE_ROUNDED;CONTINENT_DERIVED_FROM_COORDINATES	StillImage	TRUE	FALSE	3MPP	3MPP	N	CH2	RP	477	87BWY	626NZ	NA	NA	NA	3MPP	NA	NA	NA	Chelonoidis Fitzinger, 1835	Chelonoidis	NA	EML	2026-09-07 00:06:38	2026-09-07 00:01:45	NA	TRUE	NA	NA	FALSE	LATIN_AMERICA	NORTH_AMERICA	ECU	Ecuador	ECU.9_1	Galápagos	ECU.9.1_1	Isabela	ECU.9.1.2_1	Tomas De Berlanga (Santo Tomas)	NA
543672921	NA	NA	NA	CC0_1_0	2024-01-04 14:21:00	California Academy of Sciences	NA	NA	NA	http://grbio.org/institution/california-academy-sciences	http://grscicoll.org/institutional-collection/herpetology-0	NA	CAS	HERP	NA	NA	PRESERVED_SPECIMEN	NA	NA	NA	urn:catalog:CAS:HERP:8257	8257	4498	J.R. Slevin	NA	NA	NA	NA	Female	Adult	NA	NA	NA	NA	NA	NA	NA	NA	PRESENT	Dry	NA	NA	NA	NA	NA	NA	Bought of Native Collector.  Miscellaneous postcrania.	NA	NA	NA	NA	NA	NA	NA	NA	NA	NA	NA	NA	NA	NA	1906-10-11	NA	284	284	1906	10	11	11 Oct 1906	NA	NA	NA	NA	NA	NA	NA	NA	NA	South Pacific Ocean; Ecuador; Galapagos Prov.; Galapagos Ids.; Isabela Id.	SOUTH_AMERICA	South Pacific Ocean	Galapagos Ids.	Isabela Id.	EC	Galapagos Prov.	NA	NA	Villamil Mtn	Vilamil Mt., Albemarle Isl., Galapagos Arch.	NA	NA	NA	NA	NA	NA	NA	-0.911944	-91.123611	9656.08	NA	NA	NA	NA	NA	NA	NA	NA	NA	NA	Google Earth, 2013.	NA	NA	NA	NA	NA	NA	NA	NA	NA	NA	NA	NA	NA	NA	NA	NA	NA	NA	NA	NA	NA	NA	NA	NA	NA	NA	NA	NA	NA	NA	NA	C6Q49	NA	NA	NA	NA	NA	Chelonoidis vicina (Günther, 1875)	NA	NA	NA	NA	NA	NA	Animalia; Chordata; Reptilia; Testudines; Testudinidae	Animalia	Chordata	Reptilia	Testudines	Testudinoidea	Testudinidae	NA	NA	NA	Chelonoidis	Chelonoidis	NA	NA	vicina	NA	NA	SPECIES	NA	NA	NA	SYNONYM	NA	NA	cece4fc2-1fec-4bb5-a335-7252548e3f0b	US	2026-09-07 00:06:38	NA	NA	NA	NA	NA	COORDINATE_ROUNDED;CONTINENT_DERIVED_FROM_COORDINATES	NA	COORDINATE_ROUNDED;CONTINENT_DERIVED_FROM_COORDINATES	StillImage	TRUE	FALSE	TVLL	C6Q49	N	CH2	RP	477	87BWY	626NZ	NA	NA	NA	3MPP	NA	5Y2Z9	Chelonoidis niger	Chelonoidis niger vicina (Günther, 1874)	Chelonoidis vicina	NA	EML	2026-09-07 00:06:38	2026-09-07 00:01:45	NA	TRUE	NA	NA	FALSE	LATIN_AMERICA	NORTH_AMERICA	ECU	Ecuador	ECU.9_1	Galápagos	ECU.9.1_1	Isabela	ECU.9.1.2_1	Tomas De Berlanga (Santo Tomas)	NA
543674421	NA	NA	NA	CC0_1_0	2024-01-04 14:21:00	California Academy of Sciences	NA	NA	NA	http://grbio.org/institution/california-academy-sciences	http://grscicoll.org/institutional-collection/herpetology-0	NA	CAS	HERP	NA	NA	PRESERVED_SPECIMEN	NA	NA	NA	urn:catalog:CAS:HERP:8392	8392	4491?	J.R. Slevin	NA	NA	NA	NA	Female	Adult	NA	NA	NA	NA	NA	NA	NA	NA	PRESENT	Dry	NA	NA	NA	NA	NA	NA	NA	NA	NA	NA	NA	NA	NA	NA	NA	NA	NA	NA	NA	NA	NA	1906-10-09	NA	282	282	1906	10	9	9 Oct 1906	NA	NA	NA	NA	NA	NA	NA	NA	NA	South Pacific Ocean; Ecuador; Galapagos Prov.; Galapagos Ids.; Isabela Id.	SOUTH_AMERICA	South Pacific Ocean	Galapagos Ids.	Isabela Id.	EC	Galapagos Prov.	NA	NA	Villamil Mtn	Vilamil Mt., Albemarle Isl., Galapagos Arch.	NA	NA	NA	NA	NA	NA	NA	-0.911944	-91.123611	9656.08	NA	NA	NA	NA	NA	NA	NA	NA	NA	NA	Google Earth, 2013.	NA	NA	NA	NA	NA	NA	NA	NA	NA	NA	NA	NA	NA	NA	NA	NA	NA	NA	NA	NA	NA	NA	NA	NA	NA	NA	NA	NA	NA	NA	NA	3MPP	NA	NA	NA	NA	NA	Chelonoidis Fitzinger, 1835	NA	NA	NA	NA	NA	NA	Animalia; Chordata; Reptilia; Testudines; Testudinidae	Animalia	Chordata	Reptilia	Testudines	Testudinoidea	Testudinidae	NA	NA	NA	Chelonoidis	NA	NA	NA	NA	NA	NA	GENUS	NA	NA	NA	ACCEPTED	NA	NA	cece4fc2-1fec-4bb5-a335-7252548e3f0b	US	2026-09-07 00:06:38	NA	NA	NA	NA	NA	COORDINATE_ROUNDED;CONTINENT_DERIVED_FROM_COORDINATES	NA	COORDINATE_ROUNDED;CONTINENT_DERIVED_FROM_COORDINATES	StillImage	TRUE	FALSE	3MPP	3MPP	N	CH2	RP	477	87BWY	626NZ	NA	NA	NA	3MPP	NA	NA	NA	Chelonoidis Fitzinger, 1835	Chelonoidis	NA	EML	2026-09-07 00:06:38	2026-09-07 00:01:45	NA	TRUE	NA	NA	FALSE	LATIN_AMERICA	NORTH_AMERICA	ECU	Ecuador	ECU.9_1	Galápagos	ECU.9.1_1	Isabela	ECU.9.1.2_1	Tomas De Berlanga (Santo Tomas)	NA
543671999	NA	NA	NA	CC0_1_0	2024-01-04 14:21:00	California Academy of Sciences	NA	NA	NA	http://grbio.org/institution/california-academy-sciences	http://grscicoll.org/institutional-collection/herpetology-0	NA	CAS	HERP	NA	NA	PRESERVED_SPECIMEN	NA	NA	NA	urn:catalog:CAS:HERP:8174	8174	3193	R.H. Beck	NA	NA	NA	NA	Male	Adult	NA	NA	NA	NA	NA	NA	NA	NA	PRESENT	Dry	NA	NA	NA	NA	NA	NA	Miscellaneous postcrania in skeletal collection.	NA	NA	NA	NA	NA	NA	NA	NA	NA	NA	NA	NA	NA	NA	1906-03-15	NA	74	74	1906	3	15	15 Mar 1906	NA	NA	NA	NA	NA	NA	NA	NA	NA	South Pacific Ocean; Ecuador; Galapagos Prov.; Galapagos Ids.; Isabela Id.	SOUTH_AMERICA	South Pacific Ocean	Galapagos Ids.	Isabela Id.	EC	Galapagos Prov.	NA	NA	vicinity of Cape Rose	Vic. Cape Rose Albemarle Isl. Galapagos Arch.	NA	NA	NA	NA	NA	NA	NA	-1.030833	-91.22	NA	NA	NA	NA	NA	NA	NA	NA	NA	NA	NA	Google Earth, 2013.	NA	NA	NA	NA	NA	NA	NA	NA	NA	NA	NA	NA	NA	NA	NA	NA	NA	NA	NA	NA	NA	NA	NA	NA	NA	NA	NA	NA	NA	NA	NA	C6Q44	NA	NA	NA	NA	NA	Chelonoidis microphyes (Günther, 1875)	NA	NA	NA	NA	NA	NA	Animalia; Chordata; Reptilia; Testudines; Testudinidae	Animalia	Chordata	Reptilia	Testudines	Testudinoidea	Testudinidae	NA	NA	NA	Chelonoidis	Chelonoidis	NA	NA	microphyes	NA	NA	SPECIES	NA	NA	NA	SYNONYM	NA	NA	cece4fc2-1fec-4bb5-a335-7252548e3f0b	US	2026-09-07 00:06:33	NA	NA	NA	NA	NA	COORDINATE_ROUNDED;CONTINENT_DERIVED_FROM_COORDINATES	NA	COORDINATE_ROUNDED;CONTINENT_DERIVED_FROM_COORDINATES	StillImage	TRUE	FALSE	8GPG3	C6Q44	N	CH2	RP	477	87BWY	626NZ	NA	NA	NA	3MPP	NA	5Y2Z9	Chelonoidis niger	Chelonoidis niger microphyes (Günther, 1875)	Chelonoidis microphyes	NA	EML	2026-09-07 00:06:33	2026-09-07 00:01:45	NA	TRUE	NA	NA	FALSE	LATIN_AMERICA	NORTH_AMERICA	ECU	Ecuador	ECU.9_1	Galápagos	ECU.9.1_1	Isabela	ECU.9.1.2_1	Tomas De Berlanga (Santo Tomas)	NA
543672199	NA	NA	NA	CC0_1_0	2024-01-04 14:21:00	California Academy of Sciences	NA	NA	NA	http://grbio.org/institution/california-academy-sciences	http://grscicoll.org/institutional-collection/herpetology-0	NA	CAS	HERP	NA	NA	PRESERVED_SPECIMEN	NA	NA	NA	urn:catalog:CAS:HERP:8192	8192	3988	J.R. Slevin	NA	NA	NA	NA	Female	Adult	NA	NA	NA	NA	NA	NA	NA	NA	PRESENT	Dry	NA	NA	NA	NA	NA	NA	Bought of Native Collector. Miscellaneous postcrania.	NA	NA	NA	NA	NA	NA	NA	NA	NA	NA	NA	NA	NA	NA	1906-08-25	NA	237	237	1906	8	25	25 Aug 1906	NA	NA	NA	NA	NA	NA	NA	NA	NA	South Pacific Ocean; Ecuador; Galapagos Prov.; Galapagos Ids.; Isabela Id.	SOUTH_AMERICA	South Pacific Ocean	Galapagos Ids.	Isabela Id.	EC	Galapagos Prov.	NA	NA	SW side of Villamil Mtn	Vilamil Mt., Albemarle Isl. Galapagos Arch.  South-west side.	NA	NA	NA	NA	NA	NA	NA	-0.841667	-91.163333	NA	NA	NA	NA	NA	NA	NA	NA	NA	NA	NA	Google Earth, 2013.	NA	NA	NA	NA	NA	NA	NA	NA	NA	NA	NA	NA	NA	NA	NA	NA	NA	NA	NA	NA	NA	NA	NA	NA	NA	NA	NA	NA	NA	NA	NA	C6Q49	NA	NA	NA	NA	NA	Chelonoidis vicina (Günther, 1875)	NA	NA	NA	NA	NA	NA	Animalia; Chordata; Reptilia; Testudines; Testudinidae	Animalia	Chordata	Reptilia	Testudines	Testudinoidea	Testudinidae	NA	NA	NA	Chelonoidis	Chelonoidis	NA	NA	vicina	NA	NA	SPECIES	NA	NA	NA	SYNONYM	NA	NA	cece4fc2-1fec-4bb5-a335-7252548e3f0b	US	2026-09-07 00:06:33	NA	NA	NA	NA	NA	COORDINATE_ROUNDED;CONTINENT_DERIVED_FROM_COORDINATES	NA	COORDINATE_ROUNDED;CONTINENT_DERIVED_FROM_COORDINATES	StillImage	TRUE	FALSE	TVLL	C6Q49	N	CH2	RP	477	87BWY	626NZ	NA	NA	NA	3MPP	NA	5Y2Z9	Chelonoidis niger	Chelonoidis niger vicina (Günther, 1874)	Chelonoidis vicina	NA	EML	2026-09-07 00:06:33	2026-09-07 00:01:45	NA	TRUE	NA	NA	FALSE	LATIN_AMERICA	NORTH_AMERICA	ECU	Ecuador	ECU.9_1	Galápagos	ECU.9.1_1	Isabela	ECU.9.1.2_1	Tomas De Berlanga (Santo Tomas)	NA
543675476	NA	NA	NA	CC0_1_0	2024-01-04 14:21:00	California Academy of Sciences	NA	NA	NA	http://grbio.org/institution/california-academy-sciences	http://grscicoll.org/institutional-collection/herpetology-0	NA	CAS	HERP	NA	NA	PRESERVED_SPECIMEN	NA	NA	NA	urn:catalog:CAS:HERP:8487	8487	3753	F.T. Nelson	NA	NA	NA	NA	Male	Adult	NA	NA	NA	NA	NA	NA	NA	NA	PRESENT	Dry	NA	NA	NA	NA	NA	NA	Killed 17 Jul 1906.	NA	NA	NA	NA	NA	NA	NA	NA	NA	NA	NA	NA	NA	NA	1906-07-16	NA	197	197	1906	7	16	16 Jul 1906	NA	NA	NA	NA	NA	NA	NA	NA	NA	South Pacific Ocean; Ecuador; Galapagos Prov.; Galapagos Ids.; Santa Cruz Id.	SOUTH_AMERICA	South Pacific Ocean	Galapagos Ids.	Santa Cruz Id.	EC	Galapagos Prov.	NA	NA	Puerta de la Aguada	Indefatigable Isl. Galapagos Arch. Puerta de la Aguada	NA	NA	NA	NA	NA	NA	NA	-0.747222	-90.308889	NA	NA	NA	NA	NA	NA	NA	NA	NA	NA	NA	Google Earth, 2013.	NA	NA	NA	NA	NA	NA	NA	NA	NA	NA	NA	NA	NA	NA	NA	NA	NA	NA	NA	NA	NA	NA	NA	NA	NA	NA	NA	NA	NA	NA	NA	TVGD	NA	NA	NA	NA	NA	Chelonia mydas (Linnaeus, 1758)	NA	NA	NA	NA	NA	NA	Animalia; Chordata; Reptilia; Testudines; Cheloniidae	Animalia	Chordata	Reptilia	Testudines	Chelonioidea	Cheloniidae	NA	NA	NA	Chelonia	Chelonia	NA	NA	mydas	NA	NA	SPECIES	NA	NA	NA	ACCEPTED	NA	NA	cece4fc2-1fec-4bb5-a335-7252548e3f0b	US	2026-09-07 00:06:33	NA	NA	NA	NA	NA	COORDINATE_ROUNDED;CONTINENT_DERIVED_FROM_COORDINATES	NA	COORDINATE_ROUNDED;CONTINENT_DERIVED_FROM_COORDINATES	StillImage	TRUE	FALSE	TVGD	TVGD	N	CH2	RP	477	87BWH	83J	NA	NA	NA	3MPC	NA	TVGD	Chelonia mydas	Chelonia mydas (Linnaeus, 1758)	Chelonia mydas	NA	EML	2026-09-07 00:06:33	2026-09-07 00:01:45	NA	TRUE	NA	NA	FALSE	LATIN_AMERICA	NORTH_AMERICA	NA	NA	NA	NA	NA	NA	NA	NA	LC
543675777	NA	NA	NA	CC0_1_0	2024-01-04 14:21:00	California Academy of Sciences	NA	NA	NA	http://grbio.org/institution/california-academy-sciences	http://grscicoll.org/institutional-collection/herpetology-0	NA	CAS	HERP	NA	NA	PRESERVED_SPECIMEN	NA	NA	NA	urn:catalog:CAS:HERP:8514	8514	NA	R.H. Beck	NA	NA	NA	NA	NA	Adult	NA	NA	NA	NA	NA	NA	NA	NA	PRESENT	Dry	NA	NA	NA	NA	NA	NA	Skull only.	NA	NA	NA	NA	NA	NA	NA	NA	NA	NA	NA	NA	NA	NA	1906-07-16	NA	197	197	1906	7	16	16 Jul 1906	NA	NA	NA	NA	NA	NA	NA	NA	NA	South Pacific Ocean; Ecuador; Galapagos Prov.; Galapagos Ids.; Santa Cruz Id.	SOUTH_AMERICA	South Pacific Ocean	Galapagos Ids.	Santa Cruz Id.	EC	Galapagos Prov.	NA	NA	NA	Indefatigable Isl. Galapagos Arch.	NA	NA	NA	NA	NA	NA	NA	-0.747222	-90.308889	NA	NA	NA	NA	NA	NA	NA	NA	NA	NA	NA	Google Earth, 2013.	NA	NA	NA	NA	NA	NA	NA	NA	NA	NA	NA	NA	NA	NA	NA	NA	NA	NA	NA	NA	NA	NA	NA	NA	NA	NA	NA	NA	NA	NA	NA	TVGD	NA	NA	NA	NA	NA	Chelonia mydas (Linnaeus, 1758)	NA	NA	NA	NA	NA	NA	Animalia; Chordata; Reptilia; Testudines; Cheloniidae	Animalia	Chordata	Reptilia	Testudines	Chelonioidea	Cheloniidae	NA	NA	NA	Chelonia	Chelonia	NA	NA	mydas	NA	NA	SPECIES	NA	NA	NA	ACCEPTED	NA	NA	cece4fc2-1fec-4bb5-a335-7252548e3f0b	US	2026-09-07 00:06:33	NA	NA	NA	NA	NA	COORDINATE_ROUNDED;CONTINENT_DERIVED_FROM_COORDINATES	NA	COORDINATE_ROUNDED;CONTINENT_DERIVED_FROM_COORDINATES	StillImage	TRUE	FALSE	TVGD	TVGD	N	CH2	RP	477	87BWH	83J	NA	NA	NA	3MPC	NA	TVGD	Chelonia mydas	Chelonia mydas (Linnaeus, 1758)	Chelonia mydas	NA	EML	2026-09-07 00:06:33	2026-09-07 00:01:45	NA	TRUE	NA	NA	FALSE	LATIN_AMERICA	NORTH_AMERICA	NA	NA	NA	NA	NA	NA	NA	NA	LC
543671300	NA	NA	NA	CC0_1_0	2024-01-04 14:21:00	California Academy of Sciences	NA	NA	NA	http://grbio.org/institution/california-academy-sciences	http://grscicoll.org/institutional-collection/herpetology-0	NA	CAS	HERP	NA	NA	PRESERVED_SPECIMEN	NA	NA	NA	urn:catalog:CAS:HERP:8111	8111	4293	W.H. Ochsner	NA	NA	NA	NA	Male	Adult	NA	NA	NA	NA	NA	NA	NA	NA	PRESENT	Dry	NA	NA	NA	NA	NA	NA	Skull absent.  Miscellaneous postcrania in skeletal collection.	NA	NA	NA	NA	NA	NA	NA	NA	NA	NA	NA	NA	NA	NA	1906-09-20	NA	263	263	1906	9	20	20 Sep 1906	NA	NA	NA	NA	NA	NA	NA	NA	NA	South Pacific Ocean; Ecuador; Galapagos Prov.; Galapagos Ids.; Pinta Id.	SOUTH_AMERICA	South Pacific Ocean	Galapagos Ids.	Pinta Id.	EC	Galapagos Prov.	NA	NA	NA	Abingdon Isl. Galapagos Archipelago	NA	NA	NA	NA	NA	NA	NA	0.566944	-90.750278	NA	NA	NA	NA	NA	NA	NA	NA	NA	NA	NA	Google Earth, 2013.	NA	NA	NA	NA	NA	NA	NA	NA	NA	NA	NA	NA	NA	NA	NA	NA	NA	NA	NA	NA	NA	NA	NA	NA	NA	NA	NA	NA	NA	NA	NA	C6Q3T	NA	NA	NA	NA	NA	Chelonoidis abingdonii (Günther, 1877)	NA	NA	NA	NA	NA	NA	Animalia; Chordata; Reptilia; Testudines; Testudinidae	Animalia	Chordata	Reptilia	Testudines	Testudinoidea	Testudinidae	NA	NA	NA	Chelonoidis	Chelonoidis	NA	NA	abingdonii	NA	NA	SPECIES	NA	NA	NA	SYNONYM	NA	NA	cece4fc2-1fec-4bb5-a335-7252548e3f0b	US	2026-09-07 00:06:38	NA	NA	NA	NA	NA	COORDINATE_ROUNDED;CONTINENT_DERIVED_FROM_COORDINATES	NA	COORDINATE_ROUNDED;CONTINENT_DERIVED_FROM_COORDINATES	StillImage	TRUE	FALSE	TVKZ	C6Q3T	N	CH2	RP	477	87BWY	626NZ	NA	NA	NA	3MPP	NA	5Y2Z9	Chelonoidis niger	Chelonoidis niger abingdonii (Günther, 1877)	Chelonoidis abingdonii	NA	EML	2026-09-07 00:06:38	2026-09-07 00:01:45	NA	TRUE	NA	NA	FALSE	LATIN_AMERICA	NORTH_AMERICA	ECU	Ecuador	ECU.9_1	Galápagos	ECU.9.3_1	Santa Cruz	ECU.9.3.3_1	Santa Rosa	NA
543671544	NA	NA	NA	CC0_1_0	2024-01-04 14:21:00	California Academy of Sciences	NA	NA	NA	http://grbio.org/institution/california-academy-sciences	http://grscicoll.org/institutional-collection/herpetology-0	NA	CAS	HERP	NA	NA	PRESERVED_SPECIMEN	NA	NA	NA	urn:catalog:CAS:HERP:8133	8133	2618	R.H. Beck	NA	NA	NA	NA	Female	Adult	NA	NA	NA	NA	NA	NA	NA	NA	PRESENT	Dry	NA	NA	NA	AY956615;AY956619;AY956621	NA	NA	Paratype of Testudo chathamensis Van Denburgh, 1907.  Mounted specimen.  Skeleton with skull in skeletal collection.	NA	NA	NA	NA	NA	NA	NA	NA	NA	NA	NA	NA	NA	NA	1906-02-10	NA	41	41	1906	2	10	10 Feb 1906	NA	NA	NA	NA	NA	NA	NA	NA	NA	South Pacific Ocean; Ecuador; Galapagos Prov.; Galapagos Ids.; San Cristobal Id.	SOUTH_AMERICA	South Pacific Ocean	Galapagos Ids.	San Cristobal Id.	EC	Galapagos Prov.	NA	NA	NA	Chatham Island Galapagos Archipelago	NA	NA	NA	NA	NA	NA	NA	-0.808056	-89.454806	NA	NA	NA	NA	NA	NA	NA	NA	NA	NA	NA	Google Earth, 2013.	NA	NA	NA	NA	NA	NA	NA	NA	NA	NA	NA	NA	NA	NA	NA	NA	NA	NA	NA	NA	NA	NA	Paratype	J. Van Denburgh	NA	1907-12-20	NA	NA	NA	NA	NA	C6Q3W	NA	NA	NA	NA	NA	Chelonoidis chathamensis (Van Denburgh, 1907)	NA	NA	NA	NA	NA	NA	Animalia; Chordata; Reptilia; Testudines; Testudinidae	Animalia	Chordata	Reptilia	Testudines	Testudinoidea	Testudinidae	NA	NA	NA	Chelonoidis	Chelonoidis	NA	NA	chathamensis	NA	NA	SPECIES	NA	NA	NA	SYNONYM	NA	NA	cece4fc2-1fec-4bb5-a335-7252548e3f0b	US	2026-09-07 00:06:38	NA	NA	NA	NA	NA	COORDINATE_ROUNDED;CONTINENT_DERIVED_FROM_COORDINATES	NA	COORDINATE_ROUNDED;CONTINENT_DERIVED_FROM_COORDINATES	StillImage	TRUE	FALSE	TVL5	C6Q3W	N	CH2	RP	477	87BWY	626NZ	NA	NA	NA	3MPP	NA	5Y2Z9	Chelonoidis niger	Chelonoidis niger chathamensis (Van Denburgh, 1907)	Chelonoidis chathamensis	NA	EML	2026-09-07 00:06:38	2026-09-07 00:01:45	NA	TRUE	NA	NA	TRUE	LATIN_AMERICA	NORTH_AMERICA	ECU	Ecuador	ECU.9_1	Galápagos	ECU.9.2_1	San Cristóbal	ECU.9.2.1_1	El Progreso	NA
543672544	NA	NA	NA	CC0_1_0	2024-01-04 14:21:00	California Academy of Sciences	NA	NA	NA	http://grbio.org/institution/california-academy-sciences	http://grscicoll.org/institutional-collection/herpetology-0	NA	CAS	HERP	NA	NA	PRESERVED_SPECIMEN	NA	NA	NA	urn:catalog:CAS:HERP:8223	8223	4461	J.R. Slevin	NA	NA	NA	NA	Female	Adult	NA	NA	NA	NA	NA	NA	NA	NA	PRESENT	Dry	NA	NA	NA	NA	NA	NA	Bought of Native Collector.  Miscellaneous postcrania.	NA	NA	NA	NA	NA	NA	NA	NA	NA	NA	NA	NA	NA	NA	1906-10-01	NA	274	274	1906	10	1	1 Oct 1906	NA	NA	NA	NA	NA	NA	NA	NA	NA	South Pacific Ocean; Ecuador; Galapagos Prov.; Galapagos Ids.; Isabela Id.	SOUTH_AMERICA	South Pacific Ocean	Galapagos Ids.	Isabela Id.	EC	Galapagos Prov.	NA	NA	Villamil Mtn	Vilamil Mt., Albemarle Isl., Galapagos Arch.	NA	NA	NA	NA	NA	NA	NA	-0.911944	-91.123611	9656.08	NA	NA	NA	NA	NA	NA	NA	NA	NA	NA	Google Earth, 2013.	NA	NA	NA	NA	NA	NA	NA	NA	NA	NA	NA	NA	NA	NA	NA	NA	NA	NA	NA	NA	NA	NA	NA	NA	NA	NA	NA	NA	NA	NA	NA	C6Q49	NA	NA	NA	NA	NA	Chelonoidis vicina (Günther, 1875)	NA	NA	NA	NA	NA	NA	Animalia; Chordata; Reptilia; Testudines; Testudinidae	Animalia	Chordata	Reptilia	Testudines	Testudinoidea	Testudinidae	NA	NA	NA	Chelonoidis	Chelonoidis	NA	NA	vicina	NA	NA	SPECIES	NA	NA	NA	SYNONYM	NA	NA	cece4fc2-1fec-4bb5-a335-7252548e3f0b	US	2026-09-07 00:06:38	NA	NA	NA	NA	NA	COORDINATE_ROUNDED;CONTINENT_DERIVED_FROM_COORDINATES	NA	COORDINATE_ROUNDED;CONTINENT_DERIVED_FROM_COORDINATES	StillImage	TRUE	FALSE	TVLL	C6Q49	N	CH2	RP	477	87BWY	626NZ	NA	NA	NA	3MPP	NA	5Y2Z9	Chelonoidis niger	Chelonoidis niger vicina (Günther, 1874)	Chelonoidis vicina	NA	EML	2026-09-07 00:06:38	2026-09-07 00:01:45	NA	TRUE	NA	NA	FALSE	LATIN_AMERICA	NORTH_AMERICA	ECU	Ecuador	ECU.9_1	Galápagos	ECU.9.1_1	Isabela	ECU.9.1.2_1	Tomas De Berlanga (Santo Tomas)	NA
543672688	NA	NA	NA	CC0_1_0	2024-01-04 14:21:00	California Academy of Sciences	NA	NA	NA	http://grbio.org/institution/california-academy-sciences	http://grscicoll.org/institutional-collection/herpetology-0	NA	CAS	HERP	NA	NA	PRESERVED_SPECIMEN	NA	NA	NA	urn:catalog:CAS:HERP:8236	8236	4476	J.R. Slevin	NA	NA	NA	NA	Male	Adult	NA	NA	NA	NA	NA	NA	NA	NA	PRESENT	Dry	NA	NA	NA	NA	NA	NA	Bought of Native Collector.	NA	NA	NA	NA	NA	NA	NA	NA	NA	NA	NA	NA	NA	NA	1906-10-04	NA	277	277	1906	10	4	4 Oct 1906	NA	NA	NA	NA	NA	NA	NA	NA	NA	South Pacific Ocean; Ecuador; Galapagos Prov.; Galapagos Ids.; Isabela Id.	SOUTH_AMERICA	South Pacific Ocean	Galapagos Ids.	Isabela Id.	EC	Galapagos Prov.	NA	NA	Villamil Mtn	Vilamil Mt., Albemarle Isl., Galapagos Arch.	NA	NA	NA	NA	NA	NA	NA	-0.911944	-91.123611	9656.08	NA	NA	NA	NA	NA	NA	NA	NA	NA	NA	Google Earth, 2013.	NA	NA	NA	NA	NA	NA	NA	NA	NA	NA	NA	NA	NA	NA	NA	NA	NA	NA	NA	NA	NA	NA	NA	NA	NA	NA	NA	NA	NA	NA	NA	C6Q49	NA	NA	NA	NA	NA	Chelonoidis vicina (Günther, 1875)	NA	NA	NA	NA	NA	NA	Animalia; Chordata; Reptilia; Testudines; Testudinidae	Animalia	Chordata	Reptilia	Testudines	Testudinoidea	Testudinidae	NA	NA	NA	Chelonoidis	Chelonoidis	NA	NA	vicina	NA	NA	SPECIES	NA	NA	NA	SYNONYM	NA	NA	cece4fc2-1fec-4bb5-a335-7252548e3f0b	US	2026-09-07 00:06:38	NA	NA	NA	NA	NA	COORDINATE_ROUNDED;CONTINENT_DERIVED_FROM_COORDINATES	NA	COORDINATE_ROUNDED;CONTINENT_DERIVED_FROM_COORDINATES	StillImage	TRUE	FALSE	TVLL	C6Q49	N	CH2	RP	477	87BWY	626NZ	NA	NA	NA	3MPP	NA	5Y2Z9	Chelonoidis niger	Chelonoidis niger vicina (Günther, 1874)	Chelonoidis vicina	NA	EML	2026-09-07 00:06:38	2026-09-07 00:01:45	NA	TRUE	NA	NA	FALSE	LATIN_AMERICA	NORTH_AMERICA	ECU	Ecuador	ECU.9_1	Galápagos	ECU.9.1_1	Isabela	ECU.9.1.2_1	Tomas De Berlanga (Santo Tomas)	NA
543672999	NA	NA	NA	CC0_1_0	2024-01-04 14:21:00	California Academy of Sciences	NA	NA	NA	http://grbio.org/institution/california-academy-sciences	http://grscicoll.org/institutional-collection/herpetology-0	NA	CAS	HERP	NA	NA	PRESERVED_SPECIMEN	NA	NA	NA	urn:catalog:CAS:HERP:8264	8264	3989	J.R. Slevin	NA	NA	NA	NA	Female	Adult	NA	NA	NA	NA	NA	NA	NA	NA	PRESENT	Dry	NA	NA	NA	NA	NA	NA	Bought of Native Collector.  Miscellaneous postcrania.	NA	NA	NA	NA	NA	NA	NA	NA	NA	NA	NA	NA	NA	NA	1906-08-25	NA	237	237	1906	8	25	25 Aug 1906	NA	NA	NA	NA	NA	NA	NA	NA	NA	South Pacific Ocean; Ecuador; Galapagos Prov.; Galapagos Ids.; Isabela Id.	SOUTH_AMERICA	South Pacific Ocean	Galapagos Ids.	Isabela Id.	EC	Galapagos Prov.	NA	NA	Villamil Mtn	Vilamil Mt., Albemarle Isl., Galapagos Arch.	NA	NA	NA	NA	NA	NA	NA	-0.841667	-91.163333	NA	NA	NA	NA	NA	NA	NA	NA	NA	NA	NA	Google Earth, 2013.	NA	NA	NA	NA	NA	NA	NA	NA	NA	NA	NA	NA	NA	NA	NA	NA	NA	NA	NA	NA	NA	NA	NA	NA	NA	NA	NA	NA	NA	NA	NA	C6Q49	NA	NA	NA	NA	NA	Chelonoidis vicina (Günther, 1875)	NA	NA	NA	NA	NA	NA	Animalia; Chordata; Reptilia; Testudines; Testudinidae	Animalia	Chordata	Reptilia	Testudines	Testudinoidea	Testudinidae	NA	NA	NA	Chelonoidis	Chelonoidis	NA	NA	vicina	NA	NA	SPECIES	NA	NA	NA	SYNONYM	NA	NA	cece4fc2-1fec-4bb5-a335-7252548e3f0b	US	2026-09-07 00:06:38	NA	NA	NA	NA	NA	COORDINATE_ROUNDED;CONTINENT_DERIVED_FROM_COORDINATES	NA	COORDINATE_ROUNDED;CONTINENT_DERIVED_FROM_COORDINATES	StillImage	TRUE	FALSE	TVLL	C6Q49	N	CH2	RP	477	87BWY	626NZ	NA	NA	NA	3MPP	NA	5Y2Z9	Chelonoidis niger	Chelonoidis niger vicina (Günther, 1874)	Chelonoidis vicina	NA	EML	2026-09-07 00:06:38	2026-09-07 00:01:45	NA	TRUE	NA	NA	FALSE	LATIN_AMERICA	NORTH_AMERICA	ECU	Ecuador	ECU.9_1	Galápagos	ECU.9.1_1	Isabela	ECU.9.1.2_1	Tomas De Berlanga (Santo Tomas)	NA
543675443	NA	NA	NA	CC0_1_0	2024-01-04 14:21:00	California Academy of Sciences	NA	NA	NA	http://grbio.org/institution/california-academy-sciences	http://grscicoll.org/institutional-collection/herpetology-0	NA	CAS	HERP	NA	NA	PRESERVED_SPECIMEN	NA	NA	NA	urn:catalog:CAS:HERP:8484	8484	3641	E.W. Gifford	NA	NA	NA	NA	Female	Adult	NA	NA	NA	NA	NA	NA	NA	NA	PRESENT	Dry	NA	NA	NA	NA	NA	NA	Killed 6 Jul 1906.  Miscellaneous postcrania in skeletal collection.	NA	NA	NA	NA	NA	NA	NA	NA	NA	NA	NA	NA	NA	NA	1906-06-28	NA	179	179	1906	6	28	28 Jun 1906	NA	NA	NA	NA	NA	NA	NA	NA	NA	South Pacific Ocean; Ecuador; Galapagos Prov.; Galapagos Ids.; Espanola Id.	SOUTH_AMERICA	South Pacific Ocean	Galapagos Ids.	Espanola Id.	EC	Galapagos Prov.	NA	NA	NA	Hood Island, Galapagos Arch.	NA	NA	NA	NA	NA	NA	NA	-1.354167	-89.659861	NA	NA	NA	NA	NA	NA	NA	NA	NA	NA	NA	Google Earth, 2013.	NA	NA	NA	NA	NA	NA	NA	NA	NA	NA	NA	NA	NA	NA	NA	NA	NA	NA	NA	NA	NA	NA	NA	NA	NA	NA	NA	NA	NA	NA	NA	TVGD	NA	NA	NA	NA	NA	Chelonia mydas (Linnaeus, 1758)	NA	NA	NA	NA	NA	NA	Animalia; Chordata; Reptilia; Testudines; Cheloniidae	Animalia	Chordata	Reptilia	Testudines	Chelonioidea	Cheloniidae	NA	NA	NA	Chelonia	Chelonia	NA	NA	mydas	NA	NA	SPECIES	NA	NA	NA	ACCEPTED	NA	NA	cece4fc2-1fec-4bb5-a335-7252548e3f0b	US	2026-09-07 00:06:38	NA	NA	NA	NA	NA	COORDINATE_ROUNDED;CONTINENT_DERIVED_FROM_COORDINATES	NA	COORDINATE_ROUNDED;CONTINENT_DERIVED_FROM_COORDINATES	StillImage	TRUE	FALSE	TVGD	TVGD	N	CH2	RP	477	87BWH	83J	NA	NA	NA	3MPC	NA	TVGD	Chelonia mydas	Chelonia mydas (Linnaeus, 1758)	Chelonia mydas	NA	EML	2026-09-07 00:06:38	2026-09-07 00:01:45	NA	TRUE	NA	NA	FALSE	LATIN_AMERICA	NORTH_AMERICA	ECU	Ecuador	ECU.9_1	Galápagos	ECU.9.2_1	San Cristóbal	ECU.9.2.2_1	Isla Santa Mara (Floreana) (Cab.	LC
543671910	NA	NA	NA	CC0_1_0	2024-01-04 14:21:00	California Academy of Sciences	NA	NA	NA	http://grbio.org/institution/california-academy-sciences	http://grscicoll.org/institutional-collection/herpetology-0	NA	CAS	HERP	NA	NA	PRESERVED_SPECIMEN	NA	NA	NA	urn:catalog:CAS:HERP:8166	8166	2941	R.H. Beck	NA	NA	NA	NA	NA	Adult	NA	NA	NA	NA	NA	NA	NA	NA	PRESENT	Dry	NA	NA	NA	NA	NA	NA	Miscellaneous postcrania.	NA	NA	NA	NA	NA	NA	NA	NA	NA	NA	NA	NA	NA	NA	1906-03-31	NA	90	90	1906	3	31	31 Mar 1906	NA	NA	NA	NA	NA	NA	NA	NA	NA	South Pacific Ocean; Ecuador; Galapagos Prov.; Galapagos Ids.; Isabela Id.	SOUTH_AMERICA	South Pacific Ocean	Galapagos Ids.	Isabela Id.	EC	Galapagos Prov.	NA	NA	Tagus Cove	Tagus Cove, Albemarle Isl. Galapagos Arch.	NA	NA	NA	NA	NA	NA	NA	-0.256389	-91.337778	NA	NA	NA	NA	NA	NA	NA	NA	NA	NA	NA	Google Earth, 2013.	NA	NA	NA	NA	NA	NA	NA	NA	NA	NA	NA	NA	NA	NA	NA	NA	NA	NA	NA	NA	NA	NA	NA	NA	NA	NA	NA	NA	NA	NA	NA	C6Q44	NA	NA	NA	NA	NA	Chelonoidis microphyes (Günther, 1875)	NA	NA	NA	NA	NA	NA	Animalia; Chordata; Reptilia; Testudines; Testudinidae	Animalia	Chordata	Reptilia	Testudines	Testudinoidea	Testudinidae	NA	NA	NA	Chelonoidis	Chelonoidis	NA	NA	microphyes	NA	NA	SPECIES	NA	NA	NA	SYNONYM	NA	NA	cece4fc2-1fec-4bb5-a335-7252548e3f0b	US	2026-09-07 00:06:40	NA	NA	NA	NA	NA	COORDINATE_ROUNDED;CONTINENT_DERIVED_FROM_COORDINATES	NA	COORDINATE_ROUNDED;CONTINENT_DERIVED_FROM_COORDINATES	StillImage	TRUE	FALSE	8GPG3	C6Q44	N	CH2	RP	477	87BWY	626NZ	NA	NA	NA	3MPP	NA	5Y2Z9	Chelonoidis niger	Chelonoidis niger microphyes (Günther, 1875)	Chelonoidis microphyes	NA	EML	2026-09-07 00:06:40	2026-09-07 00:01:45	NA	TRUE	NA	NA	FALSE	LATIN_AMERICA	NORTH_AMERICA	ECU	Ecuador	ECU.9_1	Galápagos	ECU.9.1_1	Isabela	ECU.9.1.2_1	Tomas De Berlanga (Santo Tomas)	NA
543671277	NA	NA	NA	CC0_1_0	2024-01-04 14:21:00	California Academy of Sciences	NA	NA	NA	http://grbio.org/institution/california-academy-sciences	http://grscicoll.org/institutional-collection/herpetology-0	NA	CAS	HERP	NA	NA	PRESERVED_SPECIMEN	NA	NA	NA	urn:catalog:CAS:HERP:8109	8109	3975	R.H. Beck	NA	NA	NA	NA	Male	Adult	NA	NA	NA	NA	NA	NA	NA	NA	PRESENT	Dry	NA	NA	NA	NA	NA	NA	Slevin's notes give locality as 'James Island about 5 miles NW of Sullivan Bay and 5 miles inland; elevation by barmeter 650 ft.'	NA	NA	NA	NA	NA	NA	NA	NA	NA	NA	NA	NA	NA	NA	1906-08-03	NA	215	215	1906	8	3	3 Aug 1906	NA	NA	NA	NA	NA	NA	NA	NA	NA	South Pacific Ocean; Ecuador; Galapagos Prov.; Galapagos Ids.; San Salvador Id.	SOUTH_AMERICA	South Pacific Ocean	Galapagos Ids.	San Salvador Id.	EC	Galapagos Prov.	NA	NA	ca 5 mi NW of Sullivan Bay and 5 mi inland	James Isl. Galapagos Archipelago	650 ft	NA	NA	NA	NA	NA	NA	-0.257931	-90.662006	NA	NA	NA	NA	NA	NA	NA	NA	NA	NA	NA	Google Earth, 2013.	NA	NA	NA	NA	NA	NA	NA	NA	NA	NA	NA	NA	NA	NA	NA	NA	NA	NA	NA	NA	NA	NA	NA	NA	NA	NA	NA	NA	NA	NA	NA	C6Q3X	NA	NA	NA	NA	NA	Chelonoidis darwini (Van Denburgh, 1907)	NA	NA	NA	NA	NA	NA	Animalia; Chordata; Reptilia; Testudines; Testudinidae	Animalia	Chordata	Reptilia	Testudines	Testudinoidea	Testudinidae	NA	NA	NA	Chelonoidis	Chelonoidis	NA	NA	darwini	NA	NA	SPECIES	NA	NA	NA	SYNONYM	NA	NA	cece4fc2-1fec-4bb5-a335-7252548e3f0b	US	2026-09-07 00:06:38	198.12	NA	NA	NA	NA	COORDINATE_ROUNDED;CONTINENT_DERIVED_FROM_COORDINATES	NA	COORDINATE_ROUNDED;CONTINENT_DERIVED_FROM_COORDINATES	StillImage	TRUE	FALSE	TVL7	C6Q3X	N	CH2	RP	477	87BWY	626NZ	NA	NA	NA	3MPP	NA	5Y2Z9	Chelonoidis niger	Chelonoidis niger darwini (Van Denburgh, 1907)	Chelonoidis darwini	NA	EML	2026-09-07 00:06:38	2026-09-07 00:01:45	NA	TRUE	NA	NA	FALSE	LATIN_AMERICA	NORTH_AMERICA	ECU	Ecuador	ECU.9_1	Galápagos	ECU.9.3_1	Santa Cruz	ECU.9.3.1_1	Bellavista	NA
543671744	NA	NA	NA	CC0_1_0	2024-01-04 14:21:00	California Academy of Sciences	NA	NA	NA	http://grbio.org/institution/california-academy-sciences	http://grscicoll.org/institutional-collection/herpetology-0	NA	CAS	HERP	NA	NA	PRESERVED_SPECIMEN	NA	NA	NA	urn:catalog:CAS:HERP:8151	8151	m	R.H. Beck	NA	NA	NA	NA	NA	NA	NA	NA	NA	NA	NA	NA	NA	NA	PRESENT	Dry	NA	NA	NA	NA	NA	NA	Miscellaneous postcrania in skeletal collection.	NA	NA	NA	NA	NA	NA	NA	NA	NA	NA	NA	NA	NA	NA	1906-07-10	NA	191	191	1906	7	10	10 Jul 1906	NA	NA	NA	NA	NA	NA	NA	NA	NA	South Pacific Ocean; Ecuador; Galapagos Prov.; Galapagos Ids.; Santa Fe Id.	SOUTH_AMERICA	South Pacific Ocean	Galapagos Ids.	Santa Fe Id.	EC	Galapagos Prov.	NA	NA	NA	Barrington Isl. Galapagos Archipelago	NA	NA	NA	NA	NA	NA	NA	-0.806667	-90.076111	NA	NA	NA	NA	NA	NA	NA	NA	NA	NA	NA	Google Earth, 2013.	NA	NA	NA	NA	NA	NA	NA	NA	NA	NA	NA	NA	NA	NA	NA	NA	NA	NA	NA	NA	NA	NA	NA	NA	NA	NA	NA	NA	NA	NA	NA	3MPP	NA	NA	NA	NA	NA	Chelonoidis Fitzinger, 1835	NA	NA	NA	NA	NA	NA	Animalia; Chordata; Reptilia; Testudines; Testudinidae	Animalia	Chordata	Reptilia	Testudines	Testudinoidea	Testudinidae	NA	NA	NA	Chelonoidis	NA	NA	NA	NA	NA	NA	GENUS	NA	NA	NA	ACCEPTED	NA	NA	cece4fc2-1fec-4bb5-a335-7252548e3f0b	US	2026-09-07 00:06:38	NA	NA	NA	NA	NA	COORDINATE_ROUNDED;CONTINENT_DERIVED_FROM_COORDINATES	NA	COORDINATE_ROUNDED;CONTINENT_DERIVED_FROM_COORDINATES	StillImage	TRUE	FALSE	3MPP	3MPP	N	CH2	RP	477	87BWY	626NZ	NA	NA	NA	3MPP	NA	NA	NA	Chelonoidis Fitzinger, 1835	Chelonoidis	NA	EML	2026-09-07 00:06:38	2026-09-07 00:01:45	NA	TRUE	NA	NA	FALSE	LATIN_AMERICA	NORTH_AMERICA	ECU	Ecuador	ECU.9_1	Galápagos	ECU.9.2_1	San Cristóbal	ECU.9.2.2_1	Isla Santa Mara (Floreana) (Cab.	NA
543672400	NA	NA	NA	CC0_1_0	2024-01-04 14:21:00	California Academy of Sciences	NA	NA	NA	http://grbio.org/institution/california-academy-sciences	http://grscicoll.org/institutional-collection/herpetology-0	NA	CAS	HERP	NA	NA	PRESERVED_SPECIMEN	NA	NA	NA	urn:catalog:CAS:HERP:8210	8210	4016	J.R. Slevin	NA	NA	NA	NA	Female	Adult	NA	NA	NA	NA	NA	NA	NA	NA	PRESENT	Dry	NA	NA	NA	NA	NA	NA	Bought of Native Collector.  Killed on board.  Skull in skeletal collection.	NA	NA	NA	NA	NA	NA	NA	NA	NA	NA	NA	NA	NA	NA	1906-09-14	NA	257	257	1906	9	14	14 Sep 1906	NA	NA	NA	NA	NA	NA	NA	NA	NA	South Pacific Ocean; Ecuador; Galapagos Prov.; Galapagos Ids.; Isabela Id.	SOUTH_AMERICA	South Pacific Ocean	Galapagos Ids.	Isabela Id.	EC	Galapagos Prov.	NA	NA	vicinty of Villamil Mtn	Vic. Vilamil Mt., Albemarle Isl., Galapagos Arch.	NA	NA	NA	NA	NA	NA	NA	-0.911944	-91.123611	9656.08	NA	NA	NA	NA	NA	NA	NA	NA	NA	NA	Google Earth, 2013.	NA	NA	NA	NA	NA	NA	NA	NA	NA	NA	NA	NA	NA	NA	NA	NA	NA	NA	NA	NA	NA	NA	NA	NA	NA	NA	NA	NA	NA	NA	NA	C6Q42	NA	NA	NA	NA	NA	Chelonoidis guntheri (Baur, 1889)	NA	NA	NA	NA	NA	NA	Animalia; Chordata; Reptilia; Testudines; Testudinidae	Animalia	Chordata	Reptilia	Testudines	Testudinoidea	Testudinidae	NA	NA	NA	Chelonoidis	Chelonoidis	NA	NA	guntheri	NA	NA	SPECIES	NA	NA	NA	SYNONYM	NA	NA	cece4fc2-1fec-4bb5-a335-7252548e3f0b	US	2026-09-07 00:06:38	NA	NA	NA	NA	NA	COORDINATE_ROUNDED;CONTINENT_DERIVED_FROM_COORDINATES	NA	COORDINATE_ROUNDED;CONTINENT_DERIVED_FROM_COORDINATES	StillImage	TRUE	FALSE	8GPG2	C6Q42	N	CH2	RP	477	87BWY	626NZ	NA	NA	NA	3MPP	NA	5Y2Z9	Chelonoidis niger	Chelonoidis niger guntheri (Baur, 1889)	Chelonoidis guntheri	NA	EML	2026-09-07 00:06:38	2026-09-07 00:01:45	NA	TRUE	NA	NA	FALSE	LATIN_AMERICA	NORTH_AMERICA	ECU	Ecuador	ECU.9_1	Galápagos	ECU.9.1_1	Isabela	ECU.9.1.2_1	Tomas De Berlanga (Santo Tomas)	NA
543672977	NA	NA	NA	CC0_1_0	2024-01-04 14:21:00	California Academy of Sciences	NA	NA	NA	http://grbio.org/institution/california-academy-sciences	http://grscicoll.org/institutional-collection/herpetology-0	NA	CAS	HERP	NA	NA	PRESERVED_SPECIMEN	NA	NA	NA	urn:catalog:CAS:HERP:8262	8262	4503	J.R. Slevin	NA	NA	NA	NA	Female	Adult	NA	NA	NA	NA	NA	NA	NA	NA	PRESENT	Dry	NA	NA	NA	NA	NA	NA	Bought of Native Collector.  Not in Paper?  Miscellaneous postcrania.	NA	NA	NA	NA	NA	NA	NA	NA	NA	NA	NA	NA	NA	NA	1906-10-12	NA	285	285	1906	10	12	12 Oct 1906	NA	NA	NA	NA	NA	NA	NA	NA	NA	South Pacific Ocean; Ecuador; Galapagos Prov.; Galapagos Ids.; Isabela Id.	SOUTH_AMERICA	South Pacific Ocean	Galapagos Ids.	Isabela Id.	EC	Galapagos Prov.	NA	NA	Villamil Mtn	Vilamil Mt., Albemarle Isl., Galapagos Arch.	NA	NA	NA	NA	NA	NA	NA	-0.911944	-91.123611	9656.08	NA	NA	NA	NA	NA	NA	NA	NA	NA	NA	Google Earth, 2013.	NA	NA	NA	NA	NA	NA	NA	NA	NA	NA	NA	NA	NA	NA	NA	NA	NA	NA	NA	NA	NA	NA	NA	NA	NA	NA	NA	NA	NA	NA	NA	3MPP	NA	NA	NA	NA	NA	Chelonoidis Fitzinger, 1835	NA	NA	NA	NA	NA	NA	Animalia; Chordata; Reptilia; Testudines; Testudinidae	Animalia	Chordata	Reptilia	Testudines	Testudinoidea	Testudinidae	NA	NA	NA	Chelonoidis	NA	NA	NA	NA	NA	NA	GENUS	NA	NA	NA	ACCEPTED	NA	NA	cece4fc2-1fec-4bb5-a335-7252548e3f0b	US	2026-09-07 00:06:38	NA	NA	NA	NA	NA	COORDINATE_ROUNDED;CONTINENT_DERIVED_FROM_COORDINATES	NA	COORDINATE_ROUNDED;CONTINENT_DERIVED_FROM_COORDINATES	StillImage	TRUE	FALSE	3MPP	3MPP	N	CH2	RP	477	87BWY	626NZ	NA	NA	NA	3MPP	NA	NA	NA	Chelonoidis Fitzinger, 1835	Chelonoidis	NA	EML	2026-09-07 00:06:38	2026-09-07 00:01:45	NA	TRUE	NA	NA	FALSE	LATIN_AMERICA	NORTH_AMERICA	ECU	Ecuador	ECU.9_1	Galápagos	ECU.9.1_1	Isabela	ECU.9.1.2_1	Tomas De Berlanga (Santo Tomas)	NA
543672265	NA	NA	NA	CC0_1_0	2024-01-04 14:21:00	California Academy of Sciences	NA	NA	NA	http://grbio.org/institution/california-academy-sciences	http://grscicoll.org/institutional-collection/herpetology-0	NA	CAS	HERP	NA	NA	PRESERVED_SPECIMEN	NA	NA	NA	urn:catalog:CAS:HERP:8198	8198	3997	J.R. Slevin	NA	NA	NA	NA	Female	Adult	NA	NA	NA	NA	NA	NA	NA	NA	PRESENT	Dry	NA	NA	NA	NA	NA	NA	Bought of Native Collector. Miscellaneous postcrania in skeletal collection.	NA	NA	NA	NA	NA	NA	NA	NA	NA	NA	NA	NA	NA	NA	1906-09-01	NA	244	244	1906	9	1	1 Sep 1906	NA	NA	NA	NA	NA	NA	NA	NA	NA	South Pacific Ocean; Ecuador; Galapagos Prov.; Galapagos Ids.; Isabela Id.	SOUTH_AMERICA	South Pacific Ocean	Galapagos Ids.	Isabela Id.	EC	Galapagos Prov.	NA	NA	vicinty of Villamil Mtn	Vic. Vilamil Mt., Albemarle Isl., Galapagos Arch.	NA	NA	NA	NA	NA	NA	NA	-0.911944	-91.123611	9656.08	NA	NA	NA	NA	NA	NA	NA	NA	NA	NA	Google Earth, 2013.	NA	NA	NA	NA	NA	NA	NA	NA	NA	NA	NA	NA	NA	NA	NA	NA	NA	NA	NA	NA	NA	NA	NA	NA	NA	NA	NA	NA	NA	NA	NA	C6Q49	NA	NA	NA	NA	NA	Chelonoidis vicina (Günther, 1875)	NA	NA	NA	NA	NA	NA	Animalia; Chordata; Reptilia; Testudines; Testudinidae	Animalia	Chordata	Reptilia	Testudines	Testudinoidea	Testudinidae	NA	NA	NA	Chelonoidis	Chelonoidis	NA	NA	vicina	NA	NA	SPECIES	NA	NA	NA	SYNONYM	NA	NA	cece4fc2-1fec-4bb5-a335-7252548e3f0b	US	2026-09-07 00:06:33	NA	NA	NA	NA	NA	COORDINATE_ROUNDED;CONTINENT_DERIVED_FROM_COORDINATES	NA	COORDINATE_ROUNDED;CONTINENT_DERIVED_FROM_COORDINATES	StillImage	TRUE	FALSE	TVLL	C6Q49	N	CH2	RP	477	87BWY	626NZ	NA	NA	NA	3MPP	NA	5Y2Z9	Chelonoidis niger	Chelonoidis niger vicina (Günther, 1874)	Chelonoidis vicina	NA	EML	2026-09-07 00:06:33	2026-09-07 00:01:45	NA	TRUE	NA	NA	FALSE	LATIN_AMERICA	NORTH_AMERICA	ECU	Ecuador	ECU.9_1	Galápagos	ECU.9.1_1	Isabela	ECU.9.1.2_1	Tomas De Berlanga (Santo Tomas)	NA
543672943	NA	NA	NA	CC0_1_0	2024-01-04 14:21:00	California Academy of Sciences	NA	NA	NA	http://grbio.org/institution/california-academy-sciences	http://grscicoll.org/institutional-collection/herpetology-0	NA	CAS	HERP	NA	NA	PRESERVED_SPECIMEN	NA	NA	NA	urn:catalog:CAS:HERP:8259	8259	4500	J.R. Slevin	NA	NA	NA	NA	Female	Adult	NA	NA	NA	NA	NA	NA	NA	NA	PRESENT	Dry	NA	NA	NA	NA	NA	NA	Bought off Native Collector.  Miscellaneous postcrania in skeletal collection.	NA	NA	NA	NA	NA	NA	NA	NA	NA	NA	NA	NA	NA	NA	1906-10-12	NA	285	285	1906	10	12	12 Oct 1906	NA	NA	NA	NA	NA	NA	NA	NA	NA	South Pacific Ocean; Ecuador; Galapagos Prov.; Galapagos Ids.; Isabela Id.	SOUTH_AMERICA	South Pacific Ocean	Galapagos Ids.	Isabela Id.	EC	Galapagos Prov.	NA	NA	Villamil Mtn	Vilamil Mt., Albemarle Isl., Galapagos Arch.	NA	NA	NA	NA	NA	NA	NA	-0.911944	-91.123611	9656.08	NA	NA	NA	NA	NA	NA	NA	NA	NA	NA	Google Earth, 2013.	NA	NA	NA	NA	NA	NA	NA	NA	NA	NA	NA	NA	NA	NA	NA	NA	NA	NA	NA	NA	NA	NA	NA	NA	NA	NA	NA	NA	NA	NA	NA	C6Q42	NA	NA	NA	NA	NA	Chelonoidis guntheri (Baur, 1889)	NA	NA	NA	NA	NA	NA	Animalia; Chordata; Reptilia; Testudines; Testudinidae	Animalia	Chordata	Reptilia	Testudines	Testudinoidea	Testudinidae	NA	NA	NA	Chelonoidis	Chelonoidis	NA	NA	guntheri	NA	NA	SPECIES	NA	NA	NA	SYNONYM	NA	NA	cece4fc2-1fec-4bb5-a335-7252548e3f0b	US	2026-09-07 00:06:33	NA	NA	NA	NA	NA	COORDINATE_ROUNDED;CONTINENT_DERIVED_FROM_COORDINATES	NA	COORDINATE_ROUNDED;CONTINENT_DERIVED_FROM_COORDINATES	StillImage	TRUE	FALSE	8GPG2	C6Q42	N	CH2	RP	477	87BWY	626NZ	NA	NA	NA	3MPP	NA	5Y2Z9	Chelonoidis niger	Chelonoidis niger guntheri (Baur, 1889)	Chelonoidis guntheri	NA	EML	2026-09-07 00:06:33	2026-09-07 00:01:45	NA	TRUE	NA	NA	FALSE	LATIN_AMERICA	NORTH_AMERICA	ECU	Ecuador	ECU.9_1	Galápagos	ECU.9.1_1	Isabela	ECU.9.1.2_1	Tomas De Berlanga (Santo Tomas)	NA
543675532	NA	NA	NA	CC0_1_0	2024-01-04 14:21:00	California Academy of Sciences	NA	NA	NA	http://grbio.org/institution/california-academy-sciences	http://grscicoll.org/institutional-collection/herpetology-0	NA	CAS	HERP	NA	NA	PRESERVED_SPECIMEN	NA	NA	NA	urn:catalog:CAS:HERP:8492	8492	3762	F.T. Nelson	NA	NA	NA	NA	Female	Adult	NA	NA	NA	NA	NA	NA	NA	NA	PRESENT	Dry	NA	NA	NA	NA	NA	NA	Killed 20 Jul 1906.	NA	NA	NA	NA	NA	NA	NA	NA	NA	NA	NA	NA	NA	NA	1906-07-16	NA	197	197	1906	7	16	16 Jul 1906	NA	NA	NA	NA	NA	NA	NA	NA	NA	South Pacific Ocean; Ecuador; Galapagos Prov.; Galapagos Ids.; Santa Cruz Id.	SOUTH_AMERICA	South Pacific Ocean	Galapagos Ids.	Santa Cruz Id.	EC	Galapagos Prov.	NA	NA	Puerta de la Aguada	Indefatigable Isl. Galapagos Arch. Puerta de la Aguada	NA	NA	NA	NA	NA	NA	NA	-0.747222	-90.308889	NA	NA	NA	NA	NA	NA	NA	NA	NA	NA	NA	Google Earth, 2013.	NA	NA	NA	NA	NA	NA	NA	NA	NA	NA	NA	NA	NA	NA	NA	NA	NA	NA	NA	NA	NA	NA	NA	NA	NA	NA	NA	NA	NA	NA	NA	TVGD	NA	NA	NA	NA	NA	Chelonia mydas (Linnaeus, 1758)	NA	NA	NA	NA	NA	NA	Animalia; Chordata; Reptilia; Testudines; Cheloniidae	Animalia	Chordata	Reptilia	Testudines	Chelonioidea	Cheloniidae	NA	NA	NA	Chelonia	Chelonia	NA	NA	mydas	NA	NA	SPECIES	NA	NA	NA	ACCEPTED	NA	NA	cece4fc2-1fec-4bb5-a335-7252548e3f0b	US	2026-09-07 00:06:33	NA	NA	NA	NA	NA	COORDINATE_ROUNDED;CONTINENT_DERIVED_FROM_COORDINATES	NA	COORDINATE_ROUNDED;CONTINENT_DERIVED_FROM_COORDINATES	StillImage	TRUE	FALSE	TVGD	TVGD	N	CH2	RP	477	87BWH	83J	NA	NA	NA	3MPC	NA	TVGD	Chelonia mydas	Chelonia mydas (Linnaeus, 1758)	Chelonia mydas	NA	EML	2026-09-07 00:06:33	2026-09-07 00:01:45	NA	TRUE	NA	NA	FALSE	LATIN_AMERICA	NORTH_AMERICA	NA	NA	NA	NA	NA	NA	NA	NA	LC
543672422	NA	NA	NA	CC0_1_0	2024-01-04 14:21:00	California Academy of Sciences	NA	NA	NA	http://grbio.org/institution/california-academy-sciences	http://grscicoll.org/institutional-collection/herpetology-0	NA	CAS	HERP	NA	NA	PRESERVED_SPECIMEN	NA	NA	NA	urn:catalog:CAS:HERP:8212	8212	4436	J.R. Slevin	NA	NA	NA	NA	Female	NA	NA	NA	NA	NA	NA	NA	NA	NA	PRESENT	Alcohol	NA	NA	NA	NA	NA	NA	Bought of Native Collector.  Exch. 8286 to MCZ, 9 Oct 1914.	NA	NA	NA	NA	NA	NA	NA	NA	NA	NA	NA	NA	NA	NA	1906-09-26	NA	269	269	1906	9	26	26 Sep 1906	NA	NA	NA	NA	NA	NA	NA	NA	NA	South Pacific Ocean; Ecuador; Galapagos Prov.; Galapagos Ids.; Isabela Id.	SOUTH_AMERICA	South Pacific Ocean	Galapagos Ids.	Isabela Id.	EC	Galapagos Prov.	NA	NA	Villamil Mtn	Vilamil Mt., Albemarle Isl., Galapagos Arch.	NA	NA	NA	NA	NA	NA	NA	-0.911944	-91.123611	9656.08	NA	NA	NA	NA	NA	NA	NA	NA	NA	NA	Google Earth, 2013.	NA	NA	NA	NA	NA	NA	NA	NA	NA	NA	NA	NA	NA	NA	NA	NA	NA	NA	NA	NA	NA	NA	NA	NA	NA	NA	NA	NA	NA	NA	NA	C6Q42	NA	NA	NA	NA	NA	Chelonoidis guntheri (Baur, 1889)	NA	NA	NA	NA	NA	NA	Animalia; Chordata; Reptilia; Testudines; Testudinidae	Animalia	Chordata	Reptilia	Testudines	Testudinoidea	Testudinidae	NA	NA	NA	Chelonoidis	Chelonoidis	NA	NA	guntheri	NA	NA	SPECIES	NA	NA	NA	SYNONYM	NA	NA	cece4fc2-1fec-4bb5-a335-7252548e3f0b	US	2026-09-07 00:06:33	NA	NA	NA	NA	NA	COORDINATE_ROUNDED;CONTINENT_DERIVED_FROM_COORDINATES	NA	COORDINATE_ROUNDED;CONTINENT_DERIVED_FROM_COORDINATES	StillImage	TRUE	FALSE	8GPG2	C6Q42	N	CH2	RP	477	87BWY	626NZ	NA	NA	NA	3MPP	NA	5Y2Z9	Chelonoidis niger	Chelonoidis niger guntheri (Baur, 1889)	Chelonoidis guntheri	NA	EML	2026-09-07 00:06:33	2026-09-07 00:01:45	NA	TRUE	NA	NA	FALSE	LATIN_AMERICA	NORTH_AMERICA	ECU	Ecuador	ECU.9_1	Galápagos	ECU.9.1_1	Isabela	ECU.9.1.2_1	Tomas De Berlanga (Santo Tomas)	NA
543675810	NA	NA	NA	CC0_1_0	2024-01-04 14:21:00	California Academy of Sciences	NA	NA	NA	http://grbio.org/institution/california-academy-sciences	http://grscicoll.org/institutional-collection/herpetology-0	NA	CAS	HERP	NA	NA	PRESERVED_SPECIMEN	NA	NA	NA	urn:catalog:CAS:HERP:8517	8517	NA	R.H. Beck	NA	NA	NA	NA	NA	Adult	NA	NA	NA	NA	NA	NA	NA	NA	PRESENT	Dry	NA	NA	NA	NA	NA	NA	Skull only.	NA	NA	NA	NA	NA	NA	NA	NA	NA	NA	NA	NA	NA	NA	1906-07-16	NA	197	197	1906	7	16	16 Jul 1906	NA	NA	NA	NA	NA	NA	NA	NA	NA	South Pacific Ocean; Ecuador; Galapagos Prov.; Galapagos Ids.; Santa Cruz Id.	SOUTH_AMERICA	South Pacific Ocean	Galapagos Ids.	Santa Cruz Id.	EC	Galapagos Prov.	NA	NA	NA	Indefatigable Isl. Galapagos Arch.	NA	NA	NA	NA	NA	NA	NA	-0.747222	-90.308889	NA	NA	NA	NA	NA	NA	NA	NA	NA	NA	NA	Google Earth, 2013.	NA	NA	NA	NA	NA	NA	NA	NA	NA	NA	NA	NA	NA	NA	NA	NA	NA	NA	NA	NA	NA	NA	NA	NA	NA	NA	NA	NA	NA	NA	NA	TVGD	NA	NA	NA	NA	NA	Chelonia mydas (Linnaeus, 1758)	NA	NA	NA	NA	NA	NA	Animalia; Chordata; Reptilia; Testudines; Cheloniidae	Animalia	Chordata	Reptilia	Testudines	Chelonioidea	Cheloniidae	NA	NA	NA	Chelonia	Chelonia	NA	NA	mydas	NA	NA	SPECIES	NA	NA	NA	ACCEPTED	NA	NA	cece4fc2-1fec-4bb5-a335-7252548e3f0b	US	2026-09-07 00:06:33	NA	NA	NA	NA	NA	COORDINATE_ROUNDED;CONTINENT_DERIVED_FROM_COORDINATES	NA	COORDINATE_ROUNDED;CONTINENT_DERIVED_FROM_COORDINATES	StillImage	TRUE	FALSE	TVGD	TVGD	N	CH2	RP	477	87BWH	83J	NA	NA	NA	3MPC	NA	TVGD	Chelonia mydas	Chelonia mydas (Linnaeus, 1758)	Chelonia mydas	NA	EML	2026-09-07 00:06:33	2026-09-07 00:01:45	NA	TRUE	NA	NA	FALSE	LATIN_AMERICA	NORTH_AMERICA	NA	NA	NA	NA	NA	NA	NA	NA	LC
543471195	NA	NA	NA	CC0_1_0	2024-01-04 14:21:00	California Academy of Sciences	NA	NA	NA	http://grbio.org/institution/california-academy-sciences	http://grscicoll.org/institutional-collection/herpetology-0	NA	CAS	HERP	NA	NA	PRESERVED_SPECIMEN	NA	NA	NA	urn:catalog:CAS:HERP:12704	12704	NA	R.H. Beck	NA	NA	NA	NA	NA	Egg	NA	NA	NA	NA	NA	NA	NA	NA	PRESENT	Alcohol	NA	NA	NA	NA	NA	NA	2 eggs.	NA	NA	NA	NA	NA	NA	NA	NA	NA	NA	NA	NA	NA	NA	1906-08-15	NA	227	227	1906	8	15	15 Aug 1906	NA	NA	NA	NA	NA	NA	NA	NA	NA	South Pacific Ocean; Ecuador; Galapagos Prov.; Galapagos Ids.; Pinzon Id.	SOUTH_AMERICA	South Pacific Ocean	Galapagos Ids.	Pinzon Id.	EC	Galapagos Prov.	NA	NA	NA	Duncan Island, Galapagos Arch.	NA	NA	NA	NA	NA	NA	NA	-0.613056	-90.677778	NA	NA	NA	NA	NA	NA	NA	NA	NA	NA	NA	Google Earth, 2013.	NA	NA	NA	NA	NA	NA	NA	NA	NA	NA	NA	NA	NA	NA	NA	NA	NA	NA	NA	NA	NA	NA	NA	NA	NA	NA	NA	NA	NA	NA	NA	C6Q3Z	NA	NA	NA	NA	NA	Chelonoidis duncanensis (Pritchard, 1996)	NA	NA	NA	NA	NA	NA	Animalia; Chordata; Reptilia; Testudines; Testudinidae	Animalia	Chordata	Reptilia	Testudines	Testudinoidea	Testudinidae	NA	NA	NA	Chelonoidis	Chelonoidis	NA	NA	duncanensis	NA	NA	SPECIES	NA	NA	NA	SYNONYM	NA	NA	cece4fc2-1fec-4bb5-a335-7252548e3f0b	US	2026-09-07 00:06:25	NA	NA	NA	NA	NA	COORDINATE_ROUNDED;CONTINENT_DERIVED_FROM_COORDINATES	NA	COORDINATE_ROUNDED;CONTINENT_DERIVED_FROM_COORDINATES	StillImage	TRUE	FALSE	MVBKH	C6Q3Z	N	CH2	RP	477	87BWY	626NZ	NA	NA	NA	3MPP	NA	5Y2Z9	Chelonoidis niger	Chelonoidis niger duncanensis (Pritchard, 1996)	Chelonoidis duncanensis	NA	EML	2026-09-07 00:06:25	2026-09-07 00:01:45	NA	TRUE	NA	NA	FALSE	LATIN_AMERICA	NORTH_AMERICA	ECU	Ecuador	ECU.9_1	Galápagos	ECU.9.3_1	Santa Cruz	ECU.9.3.3_1	Santa Rosa	NA
543672677	NA	NA	NA	CC0_1_0	2024-01-04 14:21:00	California Academy of Sciences	NA	NA	NA	http://grbio.org/institution/california-academy-sciences	http://grscicoll.org/institutional-collection/herpetology-0	NA	CAS	HERP	NA	NA	PRESERVED_SPECIMEN	NA	NA	NA	urn:catalog:CAS:HERP:8235	8235	4474	J.R. Slevin	NA	NA	NA	NA	Female	Adult	NA	NA	NA	NA	NA	NA	NA	NA	PRESENT	Dry	NA	NA	NA	NA	NA	NA	Bought of Native Collector.	NA	NA	NA	NA	NA	NA	NA	NA	NA	NA	NA	NA	NA	NA	1906-10-03	NA	276	276	1906	10	3	3 Oct 1906	NA	NA	NA	NA	NA	NA	NA	NA	NA	South Pacific Ocean; Ecuador; Galapagos Prov.; Galapagos Ids.; Isabela Id.	SOUTH_AMERICA	South Pacific Ocean	Galapagos Ids.	Isabela Id.	EC	Galapagos Prov.	NA	NA	Villamil Mtn	Vilamil Mt., Albemarle Isl., Galapagos Arch.	NA	NA	NA	NA	NA	NA	NA	-0.911944	-91.123611	9656.08	NA	NA	NA	NA	NA	NA	NA	NA	NA	NA	Google Earth, 2013.	NA	NA	NA	NA	NA	NA	NA	NA	NA	NA	NA	NA	NA	NA	NA	NA	NA	NA	NA	NA	NA	NA	NA	NA	NA	NA	NA	NA	NA	NA	NA	C6Q49	NA	NA	NA	NA	NA	Chelonoidis vicina (Günther, 1875)	NA	NA	NA	NA	NA	NA	Animalia; Chordata; Reptilia; Testudines; Testudinidae	Animalia	Chordata	Reptilia	Testudines	Testudinoidea	Testudinidae	NA	NA	NA	Chelonoidis	Chelonoidis	NA	NA	vicina	NA	NA	SPECIES	NA	NA	NA	SYNONYM	NA	NA	cece4fc2-1fec-4bb5-a335-7252548e3f0b	US	2026-09-07 00:06:33	NA	NA	NA	NA	NA	COORDINATE_ROUNDED;CONTINENT_DERIVED_FROM_COORDINATES	NA	COORDINATE_ROUNDED;CONTINENT_DERIVED_FROM_COORDINATES	StillImage	TRUE	FALSE	TVLL	C6Q49	N	CH2	RP	477	87BWY	626NZ	NA	NA	NA	3MPP	NA	5Y2Z9	Chelonoidis niger	Chelonoidis niger vicina (Günther, 1874)	Chelonoidis vicina	NA	EML	2026-09-07 00:06:33	2026-09-07 00:01:45	NA	TRUE	NA	NA	FALSE	LATIN_AMERICA	NORTH_AMERICA	ECU	Ecuador	ECU.9_1	Galápagos	ECU.9.1_1	Isabela	ECU.9.1.2_1	Tomas De Berlanga (Santo Tomas)	NA
543671289	NA	NA	NA	CC0_1_0	2024-01-04 14:21:00	California Academy of Sciences	NA	NA	NA	http://grbio.org/institution/california-academy-sciences	http://grscicoll.org/institutional-collection/herpetology-0	NA	CAS	HERP	NA	NA	PRESERVED_SPECIMEN	NA	NA	NA	urn:catalog:CAS:HERP:8110	8110	4292	E.S. King	NA	NA	NA	NA	Male	Adult	NA	NA	NA	NA	NA	NA	NA	NA	PRESENT	Dry	NA	NA	NA	JN637226;JN637232;JN637280	NA	NA	Skull absent.  Miscellaneous postcrania in skeletal collection.	NA	NA	NA	NA	NA	NA	NA	NA	NA	NA	NA	NA	NA	NA	1906-09-19	NA	262	262	1906	9	19	19 Sep 1906	NA	NA	NA	NA	NA	NA	NA	NA	NA	South Pacific Ocean; Ecuador; Galapagos Prov.; Galapagos Ids.; Pinta Id.	SOUTH_AMERICA	South Pacific Ocean	Galapagos Ids.	Pinta Id.	EC	Galapagos Prov.	NA	NA	NA	Abingdon Isl. Galapagos Archipelago	NA	NA	NA	NA	NA	NA	NA	0.566944	-90.750278	NA	NA	NA	NA	NA	NA	NA	NA	NA	NA	NA	Google Earth, 2013.	NA	NA	NA	NA	NA	NA	NA	NA	NA	NA	NA	NA	NA	NA	NA	NA	NA	NA	NA	NA	NA	NA	NA	NA	NA	NA	NA	NA	NA	NA	NA	C6Q3T	NA	NA	NA	NA	NA	Chelonoidis abingdonii (Günther, 1877)	NA	NA	NA	NA	NA	NA	Animalia; Chordata; Reptilia; Testudines; Testudinidae	Animalia	Chordata	Reptilia	Testudines	Testudinoidea	Testudinidae	NA	NA	NA	Chelonoidis	Chelonoidis	NA	NA	abingdonii	NA	NA	SPECIES	NA	NA	NA	SYNONYM	NA	NA	cece4fc2-1fec-4bb5-a335-7252548e3f0b	US	2026-09-07 00:06:41	NA	NA	NA	NA	NA	COORDINATE_ROUNDED;CONTINENT_DERIVED_FROM_COORDINATES	NA	COORDINATE_ROUNDED;CONTINENT_DERIVED_FROM_COORDINATES	StillImage	TRUE	FALSE	TVKZ	C6Q3T	N	CH2	RP	477	87BWY	626NZ	NA	NA	NA	3MPP	NA	5Y2Z9	Chelonoidis niger	Chelonoidis niger abingdonii (Günther, 1877)	Chelonoidis abingdonii	NA	EML	2026-09-07 00:06:41	2026-09-07 00:01:45	NA	TRUE	NA	NA	TRUE	LATIN_AMERICA	NORTH_AMERICA	ECU	Ecuador	ECU.9_1	Galápagos	ECU.9.3_1	Santa Cruz	ECU.9.3.3_1	Santa Rosa	NA
543674799	NA	NA	NA	CC0_1_0	2024-01-04 14:21:00	California Academy of Sciences	NA	NA	NA	http://grbio.org/institution/california-academy-sciences	http://grscicoll.org/institutional-collection/herpetology-0	NA	CAS	HERP	NA	NA	PRESERVED_SPECIMEN	NA	NA	NA	urn:catalog:CAS:HERP:8426	8426	NA	NA	NA	NA	NA	NA	NA	Egg	NA	NA	NA	NA	NA	NA	NA	NA	PRESENT	Dry	NA	NA	NA	NA	NA	NA	Ten eggs.  Taken from #8197.	NA	NA	NA	NA	NA	NA	NA	NA	NA	NA	NA	NA	NA	NA	1906-09-01	NA	244	244	1906	9	1	1 Sep 1906	NA	NA	NA	NA	NA	NA	NA	NA	NA	South Pacific Ocean; Ecuador; Galapagos Prov.; Galapagos Ids.; Isabela Id.	SOUTH_AMERICA	South Pacific Ocean	Galapagos Ids.	Isabela Id.	EC	Galapagos Prov.	NA	NA	Villamil Mtn	Vilamil Mt., Albemarle Island, Galapagos Arch.	NA	NA	NA	NA	NA	NA	NA	-0.911944	-91.123611	9656.08	NA	NA	NA	NA	NA	NA	NA	NA	NA	NA	Google Earth, 2013.	NA	NA	NA	NA	NA	NA	NA	NA	NA	NA	NA	NA	NA	NA	NA	NA	NA	NA	NA	NA	NA	NA	NA	NA	NA	NA	NA	NA	NA	NA	NA	3MPP	NA	NA	NA	NA	NA	Chelonoidis Fitzinger, 1835	NA	NA	NA	NA	NA	NA	Animalia; Chordata; Reptilia; Testudines; Testudinidae	Animalia	Chordata	Reptilia	Testudines	Testudinoidea	Testudinidae	NA	NA	NA	Chelonoidis	NA	NA	NA	NA	NA	NA	GENUS	NA	NA	NA	ACCEPTED	NA	NA	cece4fc2-1fec-4bb5-a335-7252548e3f0b	US	2026-09-07 00:06:41	NA	NA	NA	NA	NA	COORDINATE_ROUNDED;CONTINENT_DERIVED_FROM_COORDINATES	NA	COORDINATE_ROUNDED;CONTINENT_DERIVED_FROM_COORDINATES	StillImage	TRUE	FALSE	3MPP	3MPP	N	CH2	RP	477	87BWY	626NZ	NA	NA	NA	3MPP	NA	NA	NA	Chelonoidis Fitzinger, 1835	Chelonoidis	NA	EML	2026-09-07 00:06:41	2026-09-07 00:01:45	NA	TRUE	NA	NA	FALSE	LATIN_AMERICA	NORTH_AMERICA	ECU	Ecuador	ECU.9_1	Galápagos	ECU.9.1_1	Isabela	ECU.9.1.2_1	Tomas De Berlanga (Santo Tomas)	NA
543675554	NA	NA	NA	CC0_1_0	2024-01-04 14:21:00	California Academy of Sciences	NA	NA	NA	http://grbio.org/institution/california-academy-sciences	http://grscicoll.org/institutional-collection/herpetology-0	NA	CAS	HERP	NA	NA	PRESERVED_SPECIMEN	NA	NA	NA	urn:catalog:CAS:HERP:8494	8494	3764	F.T. Nelson	NA	NA	NA	NA	Female	Adult	NA	NA	NA	NA	NA	NA	NA	NA	PRESENT	Dry	NA	NA	NA	NA	NA	NA	Killed 21 Jul 1906.	NA	NA	NA	NA	NA	NA	NA	NA	NA	NA	NA	NA	NA	NA	1906-07-16	NA	197	197	1906	7	16	16 Jul 1906	NA	NA	NA	NA	NA	NA	NA	NA	NA	South Pacific Ocean; Ecuador; Galapagos Prov.; Galapagos Ids.; Santa Cruz Id.	SOUTH_AMERICA	South Pacific Ocean	Galapagos Ids.	Santa Cruz Id.	EC	Galapagos Prov.	NA	NA	Puerta de la Aguada	Indefatigable Isl. Galapagos Arch. Puerta de la Aguada	NA	NA	NA	NA	NA	NA	NA	-0.747222	-90.308889	NA	NA	NA	NA	NA	NA	NA	NA	NA	NA	NA	Google Earth, 2013.	NA	NA	NA	NA	NA	NA	NA	NA	NA	NA	NA	NA	NA	NA	NA	NA	NA	NA	NA	NA	NA	NA	NA	NA	NA	NA	NA	NA	NA	NA	NA	TVGD	NA	NA	NA	NA	NA	Chelonia mydas (Linnaeus, 1758)	NA	NA	NA	NA	NA	NA	Animalia; Chordata; Reptilia; Testudines; Cheloniidae	Animalia	Chordata	Reptilia	Testudines	Chelonioidea	Cheloniidae	NA	NA	NA	Chelonia	Chelonia	NA	NA	mydas	NA	NA	SPECIES	NA	NA	NA	ACCEPTED	NA	NA	cece4fc2-1fec-4bb5-a335-7252548e3f0b	US	2026-09-07 00:06:41	NA	NA	NA	NA	NA	COORDINATE_ROUNDED;CONTINENT_DERIVED_FROM_COORDINATES	NA	COORDINATE_ROUNDED;CONTINENT_DERIVED_FROM_COORDINATES	StillImage	TRUE	FALSE	TVGD	TVGD	N	CH2	RP	477	87BWH	83J	NA	NA	NA	3MPC	NA	TVGD	Chelonia mydas	Chelonia mydas (Linnaeus, 1758)	Chelonia mydas	NA	EML	2026-09-07 00:06:41	2026-09-07 00:01:45	NA	TRUE	NA	NA	FALSE	LATIN_AMERICA	NORTH_AMERICA	NA	NA	NA	NA	NA	NA	NA	NA	LC
543671921	NA	NA	NA	CC0_1_0	2024-01-04 14:21:00	California Academy of Sciences	NA	NA	NA	http://grbio.org/institution/california-academy-sciences	http://grscicoll.org/institutional-collection/herpetology-0	NA	CAS	HERP	NA	NA	PRESERVED_SPECIMEN	NA	NA	NA	urn:catalog:CAS:HERP:8167	8167	2942	R.H. Beck	NA	NA	NA	NA	Male	Adult	NA	NA	NA	NA	NA	NA	NA	NA	PRESENT	Dry	NA	NA	NA	NA	NA	NA	NA	NA	NA	NA	NA	NA	NA	NA	NA	NA	NA	NA	NA	NA	NA	1906-04-03	NA	93	93	1906	4	3	3 Apr 1906	NA	NA	NA	NA	NA	NA	NA	NA	NA	South Pacific Ocean; Ecuador; Galapagos Prov.; Galapagos Ids.; Isabela Id.	SOUTH_AMERICA	South Pacific Ocean	Galapagos Ids.	Isabela Id.	EC	Galapagos Prov.	NA	NA	Tagus Cove	Tagus Cove, Albemarle Isl. Galapagos Arch.	NA	NA	NA	NA	NA	NA	NA	-0.256389	-91.337778	NA	NA	NA	NA	NA	NA	NA	NA	NA	NA	NA	Google Earth, 2013.	NA	NA	NA	NA	NA	NA	NA	NA	NA	NA	NA	NA	NA	NA	NA	NA	NA	NA	NA	NA	NA	NA	NA	NA	NA	NA	NA	NA	NA	NA	NA	C6Q44	NA	NA	NA	NA	NA	Chelonoidis microphyes (Günther, 1875)	NA	NA	NA	NA	NA	NA	Animalia; Chordata; Reptilia; Testudines; Testudinidae	Animalia	Chordata	Reptilia	Testudines	Testudinoidea	Testudinidae	NA	NA	NA	Chelonoidis	Chelonoidis	NA	NA	microphyes	NA	NA	SPECIES	NA	NA	NA	SYNONYM	NA	NA	cece4fc2-1fec-4bb5-a335-7252548e3f0b	US	2026-09-07 00:06:40	NA	NA	NA	NA	NA	COORDINATE_ROUNDED;CONTINENT_DERIVED_FROM_COORDINATES	NA	COORDINATE_ROUNDED;CONTINENT_DERIVED_FROM_COORDINATES	StillImage	TRUE	FALSE	8GPG3	C6Q44	N	CH2	RP	477	87BWY	626NZ	NA	NA	NA	3MPP	NA	5Y2Z9	Chelonoidis niger	Chelonoidis niger microphyes (Günther, 1875)	Chelonoidis microphyes	NA	EML	2026-09-07 00:06:40	2026-09-07 00:01:45	NA	TRUE	NA	NA	FALSE	LATIN_AMERICA	NORTH_AMERICA	ECU	Ecuador	ECU.9_1	Galápagos	ECU.9.1_1	Isabela	ECU.9.1.2_1	Tomas De Berlanga (Santo Tomas)	NA
543671966	NA	NA	NA	CC0_1_0	2024-01-04 14:21:00	California Academy of Sciences	NA	NA	NA	http://grbio.org/institution/california-academy-sciences	http://grscicoll.org/institutional-collection/herpetology-0	NA	CAS	HERP	NA	NA	PRESERVED_SPECIMEN	NA	NA	NA	urn:catalog:CAS:HERP:8171	8171	2894	R.H. Beck	NA	NA	NA	NA	Male	Adult	NA	NA	NA	NA	NA	NA	NA	NA	PRESENT	Dry	NA	NA	NA	NA	NA	NA	On board 16 March 1906.  Miscellaneous postcrania in skeletal collection.	NA	NA	NA	NA	NA	NA	NA	NA	NA	NA	NA	NA	NA	NA	1906-03-15	NA	74	74	1906	3	15	15 Mar 1906	NA	NA	NA	NA	NA	NA	NA	NA	NA	South Pacific Ocean; Ecuador; Galapagos Prov.; Galapagos Ids.; Isabela Id.	SOUTH_AMERICA	South Pacific Ocean	Galapagos Ids.	Isabela Id.	EC	Galapagos Prov.	NA	NA	vicinity of Cape Rose	Vic. Cape Rose Albemarle Isl. Galapagos Arch.	NA	NA	NA	NA	NA	NA	NA	-1.030833	-91.22	NA	NA	NA	NA	NA	NA	NA	NA	NA	NA	NA	Google Earth, 2013.	NA	NA	NA	NA	NA	NA	NA	NA	NA	NA	NA	NA	NA	NA	NA	NA	NA	NA	NA	NA	NA	NA	NA	NA	NA	NA	NA	NA	NA	NA	NA	C6Q44	NA	NA	NA	NA	NA	Chelonoidis microphyes (Günther, 1875)	NA	NA	NA	NA	NA	NA	Animalia; Chordata; Reptilia; Testudines; Testudinidae	Animalia	Chordata	Reptilia	Testudines	Testudinoidea	Testudinidae	NA	NA	NA	Chelonoidis	Chelonoidis	NA	NA	microphyes	NA	NA	SPECIES	NA	NA	NA	SYNONYM	NA	NA	cece4fc2-1fec-4bb5-a335-7252548e3f0b	US	2026-09-07 00:06:40	NA	NA	NA	NA	NA	COORDINATE_ROUNDED;CONTINENT_DERIVED_FROM_COORDINATES	NA	COORDINATE_ROUNDED;CONTINENT_DERIVED_FROM_COORDINATES	StillImage	TRUE	FALSE	8GPG3	C6Q44	N	CH2	RP	477	87BWY	626NZ	NA	NA	NA	3MPP	NA	5Y2Z9	Chelonoidis niger	Chelonoidis niger microphyes (Günther, 1875)	Chelonoidis microphyes	NA	EML	2026-09-07 00:06:40	2026-09-07 00:01:45	NA	TRUE	NA	NA	FALSE	LATIN_AMERICA	NORTH_AMERICA	ECU	Ecuador	ECU.9_1	Galápagos	ECU.9.1_1	Isabela	ECU.9.1.2_1	Tomas De Berlanga (Santo Tomas)	NA
543673999	NA	NA	NA	CC0_1_0	2024-01-04 14:21:00	California Academy of Sciences	NA	NA	NA	http://grbio.org/institution/california-academy-sciences	http://grscicoll.org/institutional-collection/herpetology-0	NA	CAS	HERP	NA	NA	PRESERVED_SPECIMEN	NA	NA	NA	urn:catalog:CAS:HERP:8354	8354	3973	R.H. Beck	NA	NA	NA	NA	Female	Adult	NA	NA	NA	NA	NA	NA	NA	NA	PRESENT	Dry	NA	NA	NA	NA	NA	NA	NA	NA	NA	NA	NA	NA	NA	NA	NA	NA	NA	NA	NA	NA	NA	1906-08-14	NA	226	226	1906	8	14	14-15 Aug 1906	NA	NA	NA	NA	NA	NA	NA	NA	NA	South Pacific Ocean; Ecuador; Galapagos Prov.; Galapagos Ids.; Pinzon Id.	SOUTH_AMERICA	South Pacific Ocean	Galapagos Ids.	Pinzon Id.	EC	Galapagos Prov.	NA	NA	NA	Duncan Island, Galapagos Arch.	NA	NA	NA	NA	NA	NA	NA	-0.613056	-90.677778	NA	NA	NA	NA	NA	NA	NA	NA	NA	NA	NA	Google Earth, 2013.	NA	NA	NA	NA	NA	NA	NA	NA	NA	NA	NA	NA	NA	NA	NA	NA	NA	NA	NA	NA	NA	NA	NA	NA	NA	NA	NA	NA	NA	NA	NA	C6Q3Z	NA	NA	NA	NA	NA	Chelonoidis duncanensis (Pritchard, 1996)	NA	NA	NA	NA	NA	NA	Animalia; Chordata; Reptilia; Testudines; Testudinidae	Animalia	Chordata	Reptilia	Testudines	Testudinoidea	Testudinidae	NA	NA	NA	Chelonoidis	Chelonoidis	NA	NA	duncanensis	NA	NA	SPECIES	NA	NA	NA	SYNONYM	NA	NA	cece4fc2-1fec-4bb5-a335-7252548e3f0b	US	2026-09-07 00:06:40	NA	NA	NA	NA	NA	COORDINATE_ROUNDED;CONTINENT_DERIVED_FROM_COORDINATES	NA	COORDINATE_ROUNDED;CONTINENT_DERIVED_FROM_COORDINATES	StillImage	TRUE	FALSE	MVBKH	C6Q3Z	N	CH2	RP	477	87BWY	626NZ	NA	NA	NA	3MPP	NA	5Y2Z9	Chelonoidis niger	Chelonoidis niger duncanensis (Pritchard, 1996)	Chelonoidis duncanensis	NA	EML	2026-09-07 00:06:40	2026-09-07 00:01:45	NA	TRUE	NA	NA	FALSE	LATIN_AMERICA	NORTH_AMERICA	ECU	Ecuador	ECU.9_1	Galápagos	ECU.9.3_1	Santa Cruz	ECU.9.3.3_1	Santa Rosa	NA
543675387	NA	NA	NA	CC0_1_0	2024-01-04 14:21:00	California Academy of Sciences	NA	NA	NA	http://grbio.org/institution/california-academy-sciences	http://grscicoll.org/institutional-collection/herpetology-0	NA	CAS	HERP	NA	NA	PRESERVED_SPECIMEN	NA	NA	NA	urn:catalog:CAS:HERP:8479	8479	3279	J.S. Hunter	NA	NA	NA	NA	NA	Adult	NA	NA	NA	NA	NA	NA	NA	NA	PRESENT	Dry	NA	NA	NA	NA	NA	NA	Miscellaneous postcrania in skeletal collection.	NA	NA	NA	NA	NA	NA	NA	NA	NA	NA	NA	NA	NA	NA	1906-04-02	NA	92	92	1906	4	2	2-6 Apr 1906	NA	NA	NA	NA	NA	NA	NA	NA	NA	South Pacific Ocean; Ecuador; Galapagos Prov.; Galapagos Ids.; Fernandina Id.	SOUTH_AMERICA	South Pacific Ocean	Galapagos Ids.	Fernandina Id.	EC	Galapagos Prov.	NA	NA	NA	Narborough Isl. Galapagos Arch.	NA	NA	NA	NA	NA	NA	NA	-0.445	-91.389167	NA	NA	NA	NA	NA	NA	NA	NA	NA	NA	NA	Google Earth, 2013.	NA	NA	NA	NA	NA	NA	NA	NA	NA	NA	NA	NA	NA	NA	NA	NA	NA	NA	NA	NA	NA	NA	NA	NA	NA	NA	NA	NA	NA	NA	NA	TVGD	NA	NA	NA	NA	NA	Chelonia mydas (Linnaeus, 1758)	NA	NA	NA	NA	NA	NA	Animalia; Chordata; Reptilia; Testudines; Cheloniidae	Animalia	Chordata	Reptilia	Testudines	Chelonioidea	Cheloniidae	NA	NA	NA	Chelonia	Chelonia	NA	NA	mydas	NA	NA	SPECIES	NA	NA	NA	ACCEPTED	NA	NA	cece4fc2-1fec-4bb5-a335-7252548e3f0b	US	2026-09-07 00:06:38	NA	NA	NA	NA	NA	COORDINATE_ROUNDED;CONTINENT_DERIVED_FROM_COORDINATES	NA	COORDINATE_ROUNDED;CONTINENT_DERIVED_FROM_COORDINATES	StillImage	TRUE	FALSE	TVGD	TVGD	N	CH2	RP	477	87BWH	83J	NA	NA	NA	3MPC	NA	TVGD	Chelonia mydas	Chelonia mydas (Linnaeus, 1758)	Chelonia mydas	NA	EML	2026-09-07 00:06:38	2026-09-07 00:01:45	NA	TRUE	NA	NA	FALSE	LATIN_AMERICA	NORTH_AMERICA	ECU	Ecuador	ECU.9_1	Galápagos	ECU.9.1_1	Isabela	ECU.9.1.2_1	Tomas De Berlanga (Santo Tomas)	LC
543671311	NA	NA	NA	CC0_1_0	2024-01-04 14:21:00	California Academy of Sciences	NA	NA	NA	http://grbio.org/institution/california-academy-sciences	http://grscicoll.org/institutional-collection/herpetology-0	NA	CAS	HERP	NA	NA	PRESERVED_SPECIMEN	NA	NA	NA	urn:catalog:CAS:HERP:8112	8112	4294	R.H. Beck	NA	NA	NA	NA	Male	Adult	NA	NA	NA	NA	NA	NA	NA	NA	PRESENT	Dry	NA	NA	NA	NA	NA	NA	Mounted specimen.  Complete skeleton in skeletal collection.	NA	NA	NA	NA	NA	NA	NA	NA	NA	NA	NA	NA	NA	NA	1906-09-21	NA	264	264	1906	9	21	21 Sep 1906	NA	NA	NA	NA	NA	NA	NA	NA	NA	South Pacific Ocean; Ecuador; Galapagos Prov.; Galapagos Ids.; Pinta Id.	SOUTH_AMERICA	South Pacific Ocean	Galapagos Ids.	Pinta Id.	EC	Galapagos Prov.	NA	NA	NA	Abingdon Isl. Galapagos Archipelago	NA	NA	NA	NA	NA	NA	NA	0.581111	-90.753056	NA	NA	NA	NA	NA	NA	NA	NA	NA	NA	NA	Google Earth, 2013.	NA	NA	NA	NA	NA	NA	NA	NA	NA	NA	NA	NA	NA	NA	NA	NA	NA	NA	NA	NA	NA	NA	NA	NA	NA	NA	NA	NA	NA	NA	NA	C6Q3T	NA	NA	NA	NA	NA	Chelonoidis abingdonii (Günther, 1877)	NA	NA	NA	NA	NA	NA	Animalia; Chordata; Reptilia; Testudines; Testudinidae	Animalia	Chordata	Reptilia	Testudines	Testudinoidea	Testudinidae	NA	NA	NA	Chelonoidis	Chelonoidis	NA	NA	abingdonii	NA	NA	SPECIES	NA	NA	NA	SYNONYM	NA	NA	cece4fc2-1fec-4bb5-a335-7252548e3f0b	US	2026-09-07 00:06:38	NA	NA	NA	NA	NA	COORDINATE_ROUNDED;CONTINENT_DERIVED_FROM_COORDINATES	NA	COORDINATE_ROUNDED;CONTINENT_DERIVED_FROM_COORDINATES	StillImage	TRUE	FALSE	TVKZ	C6Q3T	N	CH2	RP	477	87BWY	626NZ	NA	NA	NA	3MPP	NA	5Y2Z9	Chelonoidis niger	Chelonoidis niger abingdonii (Günther, 1877)	Chelonoidis abingdonii	NA	EML	2026-09-07 00:06:38	2026-09-07 00:01:45	NA	TRUE	NA	NA	FALSE	LATIN_AMERICA	NORTH_AMERICA	ECU	Ecuador	ECU.9_1	Galápagos	ECU.9.3_1	Santa Cruz	ECU.9.3.3_1	Santa Rosa	NA
543671721	NA	NA	NA	CC0_1_0	2024-01-04 14:21:00	California Academy of Sciences	NA	NA	NA	http://grbio.org/institution/california-academy-sciences	http://grscicoll.org/institutional-collection/herpetology-0	NA	CAS	HERP	NA	NA	PRESERVED_SPECIMEN	NA	NA	NA	urn:catalog:CAS:HERP:8149	8149	gg	R.H. Beck	NA	NA	NA	NA	NA	NA	NA	NA	NA	NA	NA	NA	NA	NA	PRESENT	Dry	NA	NA	NA	NA	NA	NA	Killed 11 Aug 1906.  Miscellaneous postcrania in skeletal collection.	NA	NA	NA	NA	NA	NA	NA	NA	NA	NA	NA	NA	NA	NA	1906-07-10	NA	191	191	1906	7	10	10 Jul 1906	NA	NA	NA	NA	NA	NA	NA	NA	NA	South Pacific Ocean; Ecuador; Galapagos Prov.; Galapagos Ids.; Santa Fe Id.	SOUTH_AMERICA	South Pacific Ocean	Galapagos Ids.	Santa Fe Id.	EC	Galapagos Prov.	NA	NA	NA	Barrington Isl. Galapagos Archipelago	NA	NA	NA	NA	NA	NA	NA	-0.806667	-90.076111	NA	NA	NA	NA	NA	NA	NA	NA	NA	NA	NA	Google Earth, 2013.	NA	NA	NA	NA	NA	NA	NA	NA	NA	NA	NA	NA	NA	NA	NA	NA	NA	NA	NA	NA	NA	NA	NA	NA	NA	NA	NA	NA	NA	NA	NA	3MPP	NA	NA	NA	NA	NA	Chelonoidis Fitzinger, 1835	NA	NA	NA	NA	NA	NA	Animalia; Chordata; Reptilia; Testudines; Testudinidae	Animalia	Chordata	Reptilia	Testudines	Testudinoidea	Testudinidae	NA	NA	NA	Chelonoidis	NA	NA	NA	NA	NA	NA	GENUS	NA	NA	NA	ACCEPTED	NA	NA	cece4fc2-1fec-4bb5-a335-7252548e3f0b	US	2026-09-07 00:06:38	NA	NA	NA	NA	NA	COORDINATE_ROUNDED;CONTINENT_DERIVED_FROM_COORDINATES	NA	COORDINATE_ROUNDED;CONTINENT_DERIVED_FROM_COORDINATES	StillImage	TRUE	FALSE	3MPP	3MPP	N	CH2	RP	477	87BWY	626NZ	NA	NA	NA	3MPP	NA	NA	NA	Chelonoidis Fitzinger, 1835	Chelonoidis	NA	EML	2026-09-07 00:06:38	2026-09-07 00:01:45	NA	TRUE	NA	NA	FALSE	LATIN_AMERICA	NORTH_AMERICA	ECU	Ecuador	ECU.9_1	Galápagos	ECU.9.2_1	San Cristóbal	ECU.9.2.2_1	Isla Santa Mara (Floreana) (Cab.	NA
543672021	NA	NA	NA	CC0_1_0	2024-01-04 14:21:00	California Academy of Sciences	NA	NA	NA	http://grbio.org/institution/california-academy-sciences	http://grscicoll.org/institutional-collection/herpetology-0	NA	CAS	HERP	NA	NA	PRESERVED_SPECIMEN	NA	NA	NA	urn:catalog:CAS:HERP:8176	8176	2903	R.H. Beck	NA	NA	NA	NA	Male	Adult	NA	NA	NA	NA	NA	NA	NA	NA	PRESENT	Dry	NA	NA	NA	NA	NA	NA	Died on board 21 March 1906.  Miscellaneous postcrania.	NA	NA	NA	NA	NA	NA	NA	NA	NA	NA	NA	NA	NA	NA	1906-03-17	NA	76	76	1906	3	17	17-20 Mar 1906	NA	NA	NA	NA	NA	NA	NA	NA	NA	South Pacific Ocean; Ecuador; Galapagos Prov.; Galapagos Ids.; Isabela Id.	SOUTH_AMERICA	South Pacific Ocean	Galapagos Ids.	Isabela Id.	EC	Galapagos Prov.	NA	NA	Iguana Cove	Iguana Cove Albemarle Isl. Galapagos Arch.	NA	NA	NA	NA	NA	NA	NA	-0.986667	-91.445556	NA	NA	NA	NA	NA	NA	NA	NA	NA	NA	NA	Google Earth, 2013.	NA	NA	NA	NA	NA	NA	NA	NA	NA	NA	NA	NA	NA	NA	NA	NA	NA	NA	NA	NA	NA	NA	NA	NA	NA	NA	NA	NA	NA	NA	NA	C6Q49	NA	NA	NA	NA	NA	Chelonoidis vicina (Günther, 1875)	NA	NA	NA	NA	NA	NA	Animalia; Chordata; Reptilia; Testudines; Testudinidae	Animalia	Chordata	Reptilia	Testudines	Testudinoidea	Testudinidae	NA	NA	NA	Chelonoidis	Chelonoidis	NA	NA	vicina	NA	NA	SPECIES	NA	NA	NA	SYNONYM	NA	NA	cece4fc2-1fec-4bb5-a335-7252548e3f0b	US	2026-09-07 00:06:38	NA	NA	NA	NA	NA	COORDINATE_ROUNDED;CONTINENT_DERIVED_FROM_COORDINATES	NA	COORDINATE_ROUNDED;CONTINENT_DERIVED_FROM_COORDINATES	StillImage	TRUE	FALSE	TVLL	C6Q49	N	CH2	RP	477	87BWY	626NZ	NA	NA	NA	3MPP	NA	5Y2Z9	Chelonoidis niger	Chelonoidis niger vicina (Günther, 1874)	Chelonoidis vicina	NA	EML	2026-09-07 00:06:38	2026-09-07 00:01:45	NA	TRUE	NA	NA	FALSE	LATIN_AMERICA	NORTH_AMERICA	ECU	Ecuador	ECU.9_1	Galápagos	ECU.9.1_1	Isabela	ECU.9.1.2_1	Tomas De Berlanga (Santo Tomas)	NA
543672444	NA	NA	NA	CC0_1_0	2024-01-04 14:21:00	California Academy of Sciences	NA	NA	NA	http://grbio.org/institution/california-academy-sciences	http://grscicoll.org/institutional-collection/herpetology-0	NA	CAS	HERP	NA	NA	PRESERVED_SPECIMEN	NA	NA	NA	urn:catalog:CAS:HERP:8214	8214	4452	J.R. Slevin	NA	NA	NA	NA	Female	Adult	NA	NA	NA	NA	NA	NA	NA	NA	PRESENT	Dry	NA	NA	NA	NA	NA	NA	Bought of Native Collector.	NA	NA	NA	NA	NA	NA	NA	NA	NA	NA	NA	NA	NA	NA	1906-09-27	NA	270	270	1906	9	27	27 Sep 1906	NA	NA	NA	NA	NA	NA	NA	NA	NA	South Pacific Ocean; Ecuador; Galapagos Prov.; Galapagos Ids.; Isabela Id.	SOUTH_AMERICA	South Pacific Ocean	Galapagos Ids.	Isabela Id.	EC	Galapagos Prov.	NA	NA	Villamil Mtn	Vilamil Mt., Albemarle Isl., Galapagos Arch.	NA	NA	NA	NA	NA	NA	NA	-0.911944	-91.123611	9656.08	NA	NA	NA	NA	NA	NA	NA	NA	NA	NA	Google Earth, 2013.	NA	NA	NA	NA	NA	NA	NA	NA	NA	NA	NA	NA	NA	NA	NA	NA	NA	NA	NA	NA	NA	NA	NA	NA	NA	NA	NA	NA	NA	NA	NA	C6Q42	NA	NA	NA	NA	NA	Chelonoidis guntheri (Baur, 1889)	NA	NA	NA	NA	NA	NA	Animalia; Chordata; Reptilia; Testudines; Testudinidae	Animalia	Chordata	Reptilia	Testudines	Testudinoidea	Testudinidae	NA	NA	NA	Chelonoidis	Chelonoidis	NA	NA	guntheri	NA	NA	SPECIES	NA	NA	NA	SYNONYM	NA	NA	cece4fc2-1fec-4bb5-a335-7252548e3f0b	US	2026-09-07 00:06:38	NA	NA	NA	NA	NA	COORDINATE_ROUNDED;CONTINENT_DERIVED_FROM_COORDINATES	NA	COORDINATE_ROUNDED;CONTINENT_DERIVED_FROM_COORDINATES	StillImage	TRUE	FALSE	8GPG2	C6Q42	N	CH2	RP	477	87BWY	626NZ	NA	NA	NA	3MPP	NA	5Y2Z9	Chelonoidis niger	Chelonoidis niger guntheri (Baur, 1889)	Chelonoidis guntheri	NA	EML	2026-09-07 00:06:38	2026-09-07 00:01:45	NA	TRUE	NA	NA	FALSE	LATIN_AMERICA	NORTH_AMERICA	ECU	Ecuador	ECU.9_1	Galápagos	ECU.9.1_1	Isabela	ECU.9.1.2_1	Tomas De Berlanga (Santo Tomas)	NA
543671788	NA	NA	NA	CC0_1_0	2024-01-04 14:21:00	California Academy of Sciences	NA	NA	NA	http://grbio.org/institution/california-academy-sciences	http://grscicoll.org/institutional-collection/herpetology-0	NA	CAS	HERP	NA	NA	PRESERVED_SPECIMEN	NA	NA	NA	urn:catalog:CAS:HERP:8155	8155	4008	R.H. Beck	NA	NA	NA	NA	Female	Juvenile	NA	NA	NA	NA	NA	NA	NA	NA	PRESENT	Dry	NA	NA	NA	NA	NA	NA	Killed 21 Aug. 1906.	NA	NA	NA	NA	NA	NA	NA	NA	NA	NA	NA	NA	NA	NA	1906-03-29	NA	88	88	1906	3	29	29 Mar 1906	NA	NA	NA	NA	NA	NA	NA	NA	NA	South Pacific Ocean; Ecuador; Galapagos Prov.; Galapagos Ids.; Isabela Id.	SOUTH_AMERICA	South Pacific Ocean	Galapagos Ids.	Isabela Id.	EC	Galapagos Prov.	NA	NA	vicinity of Tagus Cove	Vic. Tagus Cove, Albemarle Isl. Galapagos Arch.	NA	NA	NA	NA	NA	NA	NA	-0.256389	-91.337778	NA	NA	NA	NA	NA	NA	NA	NA	NA	NA	NA	Google Earth, 2013.	NA	NA	NA	NA	NA	NA	NA	NA	NA	NA	NA	NA	NA	NA	NA	NA	NA	NA	NA	NA	NA	NA	NA	NA	NA	NA	NA	NA	NA	NA	NA	C6Q44	NA	NA	NA	NA	NA	Chelonoidis microphyes (Günther, 1875)	NA	NA	NA	NA	NA	NA	Animalia; Chordata; Reptilia; Testudines; Testudinidae	Animalia	Chordata	Reptilia	Testudines	Testudinoidea	Testudinidae	NA	NA	NA	Chelonoidis	Chelonoidis	NA	NA	microphyes	NA	NA	SPECIES	NA	NA	NA	SYNONYM	NA	NA	cece4fc2-1fec-4bb5-a335-7252548e3f0b	US	2026-09-07 00:06:33	NA	NA	NA	NA	NA	COORDINATE_ROUNDED;CONTINENT_DERIVED_FROM_COORDINATES	NA	COORDINATE_ROUNDED;CONTINENT_DERIVED_FROM_COORDINATES	StillImage	TRUE	FALSE	8GPG3	C6Q44	N	CH2	RP	477	87BWY	626NZ	NA	NA	NA	3MPP	NA	5Y2Z9	Chelonoidis niger	Chelonoidis niger microphyes (Günther, 1875)	Chelonoidis microphyes	NA	EML	2026-09-07 00:06:33	2026-09-07 00:01:45	NA	TRUE	NA	NA	FALSE	LATIN_AMERICA	NORTH_AMERICA	ECU	Ecuador	ECU.9_1	Galápagos	ECU.9.1_1	Isabela	ECU.9.1.2_1	Tomas De Berlanga (Santo Tomas)	NA
543672210	NA	NA	NA	CC0_1_0	2024-01-04 14:21:00	California Academy of Sciences	NA	NA	NA	http://grbio.org/institution/california-academy-sciences	http://grscicoll.org/institutional-collection/herpetology-0	NA	CAS	HERP	NA	NA	PRESERVED_SPECIMEN	NA	NA	NA	urn:catalog:CAS:HERP:8193	8193	3990	R.H. Beck	NA	NA	NA	NA	Female	Adult	NA	NA	NA	NA	NA	NA	NA	NA	PRESENT	Dry	NA	NA	NA	NA	NA	NA	Mounted specimen. Skull.	NA	NA	NA	NA	NA	NA	NA	NA	NA	NA	NA	NA	NA	NA	1906-08-25	NA	237	237	1906	8	25	25 Aug 1906	NA	NA	NA	NA	NA	NA	NA	NA	NA	South Pacific Ocean; Ecuador; Galapagos Prov.; Galapagos Ids.; Isabela Id.	SOUTH_AMERICA	South Pacific Ocean	Galapagos Ids.	Isabela Id.	EC	Galapagos Prov.	NA	NA	SW side of Villamil Mtn	Vilamil Mt., Albemarle Isl. Galapagos Arch.  South-west side.	NA	NA	NA	NA	NA	NA	NA	-0.841667	-91.163333	NA	NA	NA	NA	NA	NA	NA	NA	NA	NA	NA	Google Earth, 2013.	NA	NA	NA	NA	NA	NA	NA	NA	NA	NA	NA	NA	NA	NA	NA	NA	NA	NA	NA	NA	NA	NA	NA	NA	NA	NA	NA	NA	NA	NA	NA	C6Q49	NA	NA	NA	NA	NA	Chelonoidis vicina (Günther, 1875)	NA	NA	NA	NA	NA	NA	Animalia; Chordata; Reptilia; Testudines; Testudinidae	Animalia	Chordata	Reptilia	Testudines	Testudinoidea	Testudinidae	NA	NA	NA	Chelonoidis	Chelonoidis	NA	NA	vicina	NA	NA	SPECIES	NA	NA	NA	SYNONYM	NA	NA	cece4fc2-1fec-4bb5-a335-7252548e3f0b	US	2026-09-07 00:06:33	NA	NA	NA	NA	NA	COORDINATE_ROUNDED;CONTINENT_DERIVED_FROM_COORDINATES	NA	COORDINATE_ROUNDED;CONTINENT_DERIVED_FROM_COORDINATES	StillImage	TRUE	FALSE	TVLL	C6Q49	N	CH2	RP	477	87BWY	626NZ	NA	NA	NA	3MPP	NA	5Y2Z9	Chelonoidis niger	Chelonoidis niger vicina (Günther, 1874)	Chelonoidis vicina	NA	EML	2026-09-07 00:06:33	2026-09-07 00:01:45	NA	TRUE	NA	NA	FALSE	LATIN_AMERICA	NORTH_AMERICA	ECU	Ecuador	ECU.9_1	Galápagos	ECU.9.1_1	Isabela	ECU.9.1.2_1	Tomas De Berlanga (Santo Tomas)	NA
543674555	NA	NA	NA	CC0_1_0	2024-01-04 14:21:00	California Academy of Sciences	NA	NA	NA	http://grbio.org/institution/california-academy-sciences	http://grscicoll.org/institutional-collection/herpetology-0	NA	CAS	HERP	NA	NA	PRESERVED_SPECIMEN	NA	NA	NA	urn:catalog:CAS:HERP:8404	8404	NA	J.R. Slevin and R.H. Beck	NA	NA	NA	NA	NA	Adult	NA	NA	NA	NA	NA	NA	NA	NA	PRESENT	Dry	NA	NA	NA	NA	NA	NA	Skull.	NA	NA	NA	NA	NA	NA	NA	NA	NA	NA	NA	NA	NA	NA	1906-08-24	NA	236	236	1906	8	24	24 Aug 1906	NA	NA	NA	NA	NA	NA	NA	NA	NA	South Pacific Ocean; Ecuador; Galapagos Prov.; Galapagos Ids.; Isabela Id.	SOUTH_AMERICA	South Pacific Ocean	Galapagos Ids.	Isabela Id.	EC	Galapagos Prov.	NA	NA	Villamil Mtn	Vilamil Mt. Albemarle Isl. Galapagos Arch.	NA	NA	NA	NA	NA	NA	NA	-0.841667	-91.163333	NA	NA	NA	NA	NA	NA	NA	NA	NA	NA	NA	Google Earth, 2013.	NA	NA	NA	NA	NA	NA	NA	NA	NA	NA	NA	NA	NA	NA	NA	NA	NA	NA	NA	NA	NA	NA	NA	NA	NA	NA	NA	NA	NA	NA	NA	3MPP	NA	NA	NA	NA	NA	Chelonoidis Fitzinger, 1835	NA	NA	NA	NA	NA	NA	Animalia; Chordata; Reptilia; Testudines; Testudinidae	Animalia	Chordata	Reptilia	Testudines	Testudinoidea	Testudinidae	NA	NA	NA	Chelonoidis	NA	NA	NA	NA	NA	NA	GENUS	NA	NA	NA	ACCEPTED	NA	NA	cece4fc2-1fec-4bb5-a335-7252548e3f0b	US	2026-09-07 00:06:33	NA	NA	NA	NA	NA	COORDINATE_ROUNDED;CONTINENT_DERIVED_FROM_COORDINATES	NA	COORDINATE_ROUNDED;CONTINENT_DERIVED_FROM_COORDINATES	StillImage	TRUE	FALSE	3MPP	3MPP	N	CH2	RP	477	87BWY	626NZ	NA	NA	NA	3MPP	NA	NA	NA	Chelonoidis Fitzinger, 1835	Chelonoidis	NA	EML	2026-09-07 00:06:33	2026-09-07 00:01:45	NA	TRUE	NA	NA	FALSE	LATIN_AMERICA	NORTH_AMERICA	ECU	Ecuador	ECU.9_1	Galápagos	ECU.9.1_1	Isabela	ECU.9.1.2_1	Tomas De Berlanga (Santo Tomas)	NA
543673988	NA	NA	NA	CC0_1_0	2024-01-04 14:21:00	California Academy of Sciences	NA	NA	NA	http://grbio.org/institution/california-academy-sciences	http://grscicoll.org/institutional-collection/herpetology-0	NA	CAS	HERP	NA	NA	PRESERVED_SPECIMEN	NA	NA	NA	urn:catalog:CAS:HERP:8353	8353	3972	R.H. Beck	NA	NA	NA	NA	Female	NA	NA	NA	NA	NA	NA	NA	NA	NA	PRESENT	Dry	NA	NA	NA	NA	NA	NA	NA	NA	NA	NA	NA	NA	NA	NA	NA	NA	NA	NA	NA	NA	NA	1906-08-14	NA	226	226	1906	8	14	14-15 Aug 1906	NA	NA	NA	NA	NA	NA	NA	NA	NA	South Pacific Ocean; Ecuador; Galapagos Prov.; Galapagos Ids.; Pinzon Id.	SOUTH_AMERICA	South Pacific Ocean	Galapagos Ids.	Pinzon Id.	EC	Galapagos Prov.	NA	NA	NA	Duncan Island, Galapagos Arch.	NA	NA	NA	NA	NA	NA	NA	-0.613056	-90.677778	NA	NA	NA	NA	NA	NA	NA	NA	NA	NA	NA	Google Earth, 2013.	NA	NA	NA	NA	NA	NA	NA	NA	NA	NA	NA	NA	NA	NA	NA	NA	NA	NA	NA	NA	NA	NA	NA	NA	NA	NA	NA	NA	NA	NA	NA	C6Q3Z	NA	NA	NA	NA	NA	Chelonoidis duncanensis (Pritchard, 1996)	NA	NA	NA	NA	NA	NA	Animalia; Chordata; Reptilia; Testudines; Testudinidae	Animalia	Chordata	Reptilia	Testudines	Testudinoidea	Testudinidae	NA	NA	NA	Chelonoidis	Chelonoidis	NA	NA	duncanensis	NA	NA	SPECIES	NA	NA	NA	SYNONYM	NA	NA	cece4fc2-1fec-4bb5-a335-7252548e3f0b	US	2026-09-07 00:06:36	NA	NA	NA	NA	NA	COORDINATE_ROUNDED;CONTINENT_DERIVED_FROM_COORDINATES	NA	COORDINATE_ROUNDED;CONTINENT_DERIVED_FROM_COORDINATES	StillImage	TRUE	FALSE	MVBKH	C6Q3Z	N	CH2	RP	477	87BWY	626NZ	NA	NA	NA	3MPP	NA	5Y2Z9	Chelonoidis niger	Chelonoidis niger duncanensis (Pritchard, 1996)	Chelonoidis duncanensis	NA	EML	2026-09-07 00:06:36	2026-09-07 00:01:45	NA	TRUE	NA	NA	FALSE	LATIN_AMERICA	NORTH_AMERICA	ECU	Ecuador	ECU.9_1	Galápagos	ECU.9.3_1	Santa Cruz	ECU.9.3.3_1	Santa Rosa	NA
543672221	NA	NA	NA	CC0_1_0	2024-01-04 14:21:00	California Academy of Sciences	NA	NA	NA	http://grbio.org/institution/california-academy-sciences	http://grscicoll.org/institutional-collection/herpetology-0	NA	CAS	HERP	NA	NA	PRESERVED_SPECIMEN	NA	NA	NA	urn:catalog:CAS:HERP:8194	8194	3993	E.S. King	NA	NA	NA	NA	Male	Adult	NA	NA	NA	NA	NA	NA	NA	NA	PRESENT	Dry	NA	NA	NA	NA	NA	NA	Mounted specimen. Skull separate.	NA	NA	NA	NA	NA	NA	NA	NA	NA	NA	NA	NA	NA	NA	1906-08-27	NA	239	239	1906	8	27	27 Aug 1906	NA	NA	NA	NA	NA	NA	NA	NA	NA	South Pacific Ocean; Ecuador; Galapagos Prov.; Galapagos Ids.; Isabela Id.	SOUTH_AMERICA	South Pacific Ocean	Galapagos Ids.	Isabela Id.	EC	Galapagos Prov.	NA	NA	SW side of Villamil Mtn	Vilamil Mt., Albemarle Isl. Galapagos Arch.  South-west side, Elev. 2900 ft.	2900 ft	NA	NA	NA	NA	NA	NA	-0.841667	-91.163333	NA	NA	NA	NA	NA	NA	NA	NA	NA	NA	NA	Google Earth, 2013.	NA	NA	NA	NA	NA	NA	NA	NA	NA	NA	NA	NA	NA	NA	NA	NA	NA	NA	NA	NA	NA	NA	NA	NA	NA	NA	NA	NA	NA	NA	NA	C6Q42	NA	NA	NA	NA	NA	Chelonoidis guntheri (Baur, 1889)	NA	NA	NA	NA	NA	NA	Animalia; Chordata; Reptilia; Testudines; Testudinidae	Animalia	Chordata	Reptilia	Testudines	Testudinoidea	Testudinidae	NA	NA	NA	Chelonoidis	Chelonoidis	NA	NA	guntheri	NA	NA	SPECIES	NA	NA	NA	SYNONYM	NA	NA	cece4fc2-1fec-4bb5-a335-7252548e3f0b	US	2026-09-07 00:06:37	883.92	NA	NA	NA	NA	COORDINATE_ROUNDED;CONTINENT_DERIVED_FROM_COORDINATES	NA	COORDINATE_ROUNDED;CONTINENT_DERIVED_FROM_COORDINATES	StillImage	TRUE	FALSE	8GPG2	C6Q42	N	CH2	RP	477	87BWY	626NZ	NA	NA	NA	3MPP	NA	5Y2Z9	Chelonoidis niger	Chelonoidis niger guntheri (Baur, 1889)	Chelonoidis guntheri	NA	EML	2026-09-07 00:06:37	2026-09-07 00:01:45	NA	TRUE	NA	NA	FALSE	LATIN_AMERICA	NORTH_AMERICA	ECU	Ecuador	ECU.9_1	Galápagos	ECU.9.1_1	Isabela	ECU.9.1.2_1	Tomas De Berlanga (Santo Tomas)	NA
543672388	NA	NA	NA	CC0_1_0	2024-01-04 14:21:00	California Academy of Sciences	NA	NA	NA	http://grbio.org/institution/california-academy-sciences	http://grscicoll.org/institutional-collection/herpetology-0	NA	CAS	HERP	NA	NA	PRESERVED_SPECIMEN	NA	NA	NA	urn:catalog:CAS:HERP:8209	8209	4015	J.R. Slevin	NA	NA	NA	NA	Female	Adult	NA	NA	NA	NA	NA	NA	NA	NA	PRESENT	Dry	NA	NA	NA	NA	NA	NA	Bought of Native Collector.  Killed on board.	NA	NA	NA	NA	NA	NA	NA	NA	NA	NA	NA	NA	NA	NA	1906-09-14	NA	257	257	1906	9	14	14 Sep 1906	NA	NA	NA	NA	NA	NA	NA	NA	NA	South Pacific Ocean; Ecuador; Galapagos Prov.; Galapagos Ids.; Isabela Id.	SOUTH_AMERICA	South Pacific Ocean	Galapagos Ids.	Isabela Id.	EC	Galapagos Prov.	NA	NA	vicinty of Villamil Mtn	Vic. Vilamil Mt., Albemarle Isl., Galapagos Arch.	NA	NA	NA	NA	NA	NA	NA	-0.911944	-91.123611	9656.08	NA	NA	NA	NA	NA	NA	NA	NA	NA	NA	Google Earth, 2013.	NA	NA	NA	NA	NA	NA	NA	NA	NA	NA	NA	NA	NA	NA	NA	NA	NA	NA	NA	NA	NA	NA	NA	NA	NA	NA	NA	NA	NA	NA	NA	C6Q42	NA	NA	NA	NA	NA	Chelonoidis guntheri (Baur, 1889)	NA	NA	NA	NA	NA	NA	Animalia; Chordata; Reptilia; Testudines; Testudinidae	Animalia	Chordata	Reptilia	Testudines	Testudinoidea	Testudinidae	NA	NA	NA	Chelonoidis	Chelonoidis	NA	NA	guntheri	NA	NA	SPECIES	NA	NA	NA	SYNONYM	NA	NA	cece4fc2-1fec-4bb5-a335-7252548e3f0b	US	2026-09-07 00:06:38	NA	NA	NA	NA	NA	COORDINATE_ROUNDED;CONTINENT_DERIVED_FROM_COORDINATES	NA	COORDINATE_ROUNDED;CONTINENT_DERIVED_FROM_COORDINATES	StillImage	TRUE	FALSE	8GPG2	C6Q42	N	CH2	RP	477	87BWY	626NZ	NA	NA	NA	3MPP	NA	5Y2Z9	Chelonoidis niger	Chelonoidis niger guntheri (Baur, 1889)	Chelonoidis guntheri	NA	EML	2026-09-07 00:06:38	2026-09-07 00:01:45	NA	TRUE	NA	NA	FALSE	LATIN_AMERICA	NORTH_AMERICA	ECU	Ecuador	ECU.9_1	Galápagos	ECU.9.1_1	Isabela	ECU.9.1.2_1	Tomas De Berlanga (Santo Tomas)	NA
543672932	NA	NA	NA	CC0_1_0	2024-01-04 14:21:00	California Academy of Sciences	NA	NA	NA	http://grbio.org/institution/california-academy-sciences	http://grscicoll.org/institutional-collection/herpetology-0	NA	CAS	HERP	NA	NA	PRESERVED_SPECIMEN	NA	NA	NA	urn:catalog:CAS:HERP:8258	8258	4499	J.R. Slevin	NA	NA	NA	NA	Female	Adult	NA	NA	NA	NA	NA	NA	NA	NA	PRESENT	Dry	NA	NA	NA	NA	NA	NA	Bought of Native Collector.  Miscellaneous postcrania.	NA	NA	NA	NA	NA	NA	NA	NA	NA	NA	NA	NA	NA	NA	1906-10-11	NA	284	284	1906	10	11	11 Oct 1906	NA	NA	NA	NA	NA	NA	NA	NA	NA	South Pacific Ocean; Ecuador; Galapagos Prov.; Galapagos Ids.; Isabela Id.	SOUTH_AMERICA	South Pacific Ocean	Galapagos Ids.	Isabela Id.	EC	Galapagos Prov.	NA	NA	Villamil Mtn	Vilamil Mt., Albemarle Isl., Galapagos Arch.	NA	NA	NA	NA	NA	NA	NA	-0.911944	-91.123611	9656.08	NA	NA	NA	NA	NA	NA	NA	NA	NA	NA	Google Earth, 2013.	NA	NA	NA	NA	NA	NA	NA	NA	NA	NA	NA	NA	NA	NA	NA	NA	NA	NA	NA	NA	NA	NA	NA	NA	NA	NA	NA	NA	NA	NA	NA	C6Q49	NA	NA	NA	NA	NA	Chelonoidis vicina (Günther, 1875)	NA	NA	NA	NA	NA	NA	Animalia; Chordata; Reptilia; Testudines; Testudinidae	Animalia	Chordata	Reptilia	Testudines	Testudinoidea	Testudinidae	NA	NA	NA	Chelonoidis	Chelonoidis	NA	NA	vicina	NA	NA	SPECIES	NA	NA	NA	SYNONYM	NA	NA	cece4fc2-1fec-4bb5-a335-7252548e3f0b	US	2026-09-07 00:06:38	NA	NA	NA	NA	NA	COORDINATE_ROUNDED;CONTINENT_DERIVED_FROM_COORDINATES	NA	COORDINATE_ROUNDED;CONTINENT_DERIVED_FROM_COORDINATES	StillImage	TRUE	FALSE	TVLL	C6Q49	N	CH2	RP	477	87BWY	626NZ	NA	NA	NA	3MPP	NA	5Y2Z9	Chelonoidis niger	Chelonoidis niger vicina (Günther, 1874)	Chelonoidis vicina	NA	EML	2026-09-07 00:06:38	2026-09-07 00:01:45	NA	TRUE	NA	NA	FALSE	LATIN_AMERICA	NORTH_AMERICA	ECU	Ecuador	ECU.9_1	Galápagos	ECU.9.1_1	Isabela	ECU.9.1.2_1	Tomas De Berlanga (Santo Tomas)	NA
543675844	NA	NA	NA	CC0_1_0	2024-01-04 14:21:00	California Academy of Sciences	NA	NA	NA	http://grbio.org/institution/california-academy-sciences	http://grscicoll.org/institutional-collection/herpetology-0	NA	CAS	HERP	NA	NA	PRESERVED_SPECIMEN	NA	NA	NA	urn:catalog:CAS:HERP:8520	8520	NA	R.H. Beck	NA	NA	NA	NA	NA	Adult	NA	NA	NA	NA	NA	NA	NA	NA	PRESENT	Dry	NA	NA	NA	NA	NA	NA	NA	NA	NA	NA	NA	NA	NA	NA	NA	NA	NA	NA	NA	NA	NA	1906-07-16	NA	197	197	1906	7	16	16 Jul 1906	NA	NA	NA	NA	NA	NA	NA	NA	NA	South Pacific Ocean; Ecuador; Galapagos Prov.; Galapagos Ids.; Santa Cruz Id.	SOUTH_AMERICA	South Pacific Ocean	Galapagos Ids.	Santa Cruz Id.	EC	Galapagos Prov.	NA	NA	NA	Indefatigable Isl. Galapagos Arch.	NA	NA	NA	NA	NA	NA	NA	-0.747222	-90.308889	NA	NA	NA	NA	NA	NA	NA	NA	NA	NA	NA	Google Earth, 2013.	NA	NA	NA	NA	NA	NA	NA	NA	NA	NA	NA	NA	NA	NA	NA	NA	NA	NA	NA	NA	NA	NA	NA	NA	NA	NA	NA	NA	NA	NA	NA	TVGD	NA	NA	NA	NA	NA	Chelonia mydas (Linnaeus, 1758)	NA	NA	NA	NA	NA	NA	Animalia; Chordata; Reptilia; Testudines; Cheloniidae	Animalia	Chordata	Reptilia	Testudines	Chelonioidea	Cheloniidae	NA	NA	NA	Chelonia	Chelonia	NA	NA	mydas	NA	NA	SPECIES	NA	NA	NA	ACCEPTED	NA	NA	cece4fc2-1fec-4bb5-a335-7252548e3f0b	US	2026-09-07 00:06:38	NA	NA	NA	NA	NA	COORDINATE_ROUNDED;CONTINENT_DERIVED_FROM_COORDINATES	NA	COORDINATE_ROUNDED;CONTINENT_DERIVED_FROM_COORDINATES	StillImage	TRUE	FALSE	TVGD	TVGD	N	CH2	RP	477	87BWH	83J	NA	NA	NA	3MPC	NA	TVGD	Chelonia mydas	Chelonia mydas (Linnaeus, 1758)	Chelonia mydas	NA	EML	2026-09-07 00:06:38	2026-09-07 00:01:45	NA	TRUE	NA	NA	FALSE	LATIN_AMERICA	NORTH_AMERICA	NA	NA	NA	NA	NA	NA	NA	NA	LC
543671655	NA	NA	NA	CC0_1_0	2024-01-04 14:21:00	California Academy of Sciences	NA	NA	NA	http://grbio.org/institution/california-academy-sciences	http://grscicoll.org/institutional-collection/herpetology-0	NA	CAS	HERP	NA	NA	PRESERVED_SPECIMEN	NA	NA	NA	urn:catalog:CAS:HERP:8143	8143	bcc	R.H. Beck	NA	NA	NA	NA	NA	Adult	NA	NA	NA	NA	NA	NA	NA	NA	PRESENT	Dry	NA	NA	NA	JN637236;JN637291	NA	NA	Miscellaneous postcrania in skeletal collection.	NA	NA	NA	NA	NA	NA	NA	NA	NA	NA	NA	NA	NA	NA	1906-07-09	NA	190	190	1906	7	9	9 Jul 1906	NA	NA	NA	NA	NA	NA	NA	NA	NA	South Pacific Ocean; Ecuador; Galapagos Prov.; Galapagos Ids.; Santa Fe Id.	SOUTH_AMERICA	South Pacific Ocean	Galapagos Ids.	Santa Fe Id.	EC	Galapagos Prov.	NA	NA	NA	Barrington Isl. Galapagos Archipelago	NA	NA	NA	NA	NA	NA	NA	-0.806667	-90.076111	NA	NA	NA	NA	NA	NA	NA	NA	NA	NA	NA	Google Earth, 2013.	NA	NA	NA	NA	NA	NA	NA	NA	NA	NA	NA	NA	NA	NA	NA	NA	NA	NA	NA	NA	NA	NA	NA	NA	NA	NA	NA	NA	NA	NA	NA	3MPP	NA	NA	NA	NA	NA	Chelonoidis Fitzinger, 1835	NA	NA	NA	NA	NA	NA	Animalia; Chordata; Reptilia; Testudines; Testudinidae	Animalia	Chordata	Reptilia	Testudines	Testudinoidea	Testudinidae	NA	NA	NA	Chelonoidis	NA	NA	NA	NA	NA	NA	GENUS	NA	NA	NA	ACCEPTED	NA	NA	cece4fc2-1fec-4bb5-a335-7252548e3f0b	US	2026-09-07 00:06:40	NA	NA	NA	NA	NA	COORDINATE_ROUNDED;CONTINENT_DERIVED_FROM_COORDINATES	NA	COORDINATE_ROUNDED;CONTINENT_DERIVED_FROM_COORDINATES	StillImage	TRUE	FALSE	3MPP	3MPP	N	CH2	RP	477	87BWY	626NZ	NA	NA	NA	3MPP	NA	NA	NA	Chelonoidis Fitzinger, 1835	Chelonoidis	NA	EML	2026-09-07 00:06:40	2026-09-07 00:01:45	NA	TRUE	NA	NA	TRUE	LATIN_AMERICA	NORTH_AMERICA	ECU	Ecuador	ECU.9_1	Galápagos	ECU.9.2_1	San Cristóbal	ECU.9.2.2_1	Isla Santa Mara (Floreana) (Cab.	NA
543672488	NA	NA	NA	CC0_1_0	2024-01-04 14:21:00	California Academy of Sciences	NA	NA	NA	http://grbio.org/institution/california-academy-sciences	http://grscicoll.org/institutional-collection/herpetology-0	NA	CAS	HERP	NA	NA	PRESERVED_SPECIMEN	NA	NA	NA	urn:catalog:CAS:HERP:8218	8218	4456	J.R. Slevin	NA	NA	NA	NA	Female	Adult	NA	NA	NA	NA	NA	NA	NA	NA	PRESENT	Dry	NA	NA	NA	NA	NA	NA	Bought of Native Collector. Miscellaneous postcrania in Skel.	NA	NA	NA	NA	NA	NA	NA	NA	NA	NA	NA	NA	NA	NA	1906-09-28	NA	271	271	1906	9	28	28 Sep 1906	NA	NA	NA	NA	NA	NA	NA	NA	NA	South Pacific Ocean; Ecuador; Galapagos Prov.; Galapagos Ids.; Isabela Id.	SOUTH_AMERICA	South Pacific Ocean	Galapagos Ids.	Isabela Id.	EC	Galapagos Prov.	NA	NA	Villamil Mtn	Vilamil Mt., Albemarle Isl., Galapagos Arch.	NA	NA	NA	NA	NA	NA	NA	-0.911944	-91.123611	9656.08	NA	NA	NA	NA	NA	NA	NA	NA	NA	NA	Google Earth, 2013.	NA	NA	NA	NA	NA	NA	NA	NA	NA	NA	NA	NA	NA	NA	NA	NA	NA	NA	NA	NA	NA	NA	NA	NA	NA	NA	NA	NA	NA	NA	NA	C6Q42	NA	NA	NA	NA	NA	Chelonoidis guntheri (Baur, 1889)	NA	NA	NA	NA	NA	NA	Animalia; Chordata; Reptilia; Testudines; Testudinidae	Animalia	Chordata	Reptilia	Testudines	Testudinoidea	Testudinidae	NA	NA	NA	Chelonoidis	Chelonoidis	NA	NA	guntheri	NA	NA	SPECIES	NA	NA	NA	SYNONYM	NA	NA	cece4fc2-1fec-4bb5-a335-7252548e3f0b	US	2026-09-07 00:06:40	NA	NA	NA	NA	NA	COORDINATE_ROUNDED;CONTINENT_DERIVED_FROM_COORDINATES	NA	COORDINATE_ROUNDED;CONTINENT_DERIVED_FROM_COORDINATES	StillImage	TRUE	FALSE	8GPG2	C6Q42	N	CH2	RP	477	87BWY	626NZ	NA	NA	NA	3MPP	NA	5Y2Z9	Chelonoidis niger	Chelonoidis niger guntheri (Baur, 1889)	Chelonoidis guntheri	NA	EML	2026-09-07 00:06:40	2026-09-07 00:01:45	NA	TRUE	NA	NA	FALSE	LATIN_AMERICA	NORTH_AMERICA	ECU	Ecuador	ECU.9_1	Galápagos	ECU.9.1_1	Isabela	ECU.9.1.2_1	Tomas De Berlanga (Santo Tomas)	NA
543674010	NA	NA	NA	CC0_1_0	2024-01-04 14:21:00	California Academy of Sciences	NA	NA	NA	http://grbio.org/institution/california-academy-sciences	http://grscicoll.org/institutional-collection/herpetology-0	NA	CAS	HERP	NA	NA	PRESERVED_SPECIMEN	NA	NA	NA	urn:catalog:CAS:HERP:8355	8355	3974	R.H. Beck	NA	NA	NA	NA	Female	Adult	NA	NA	NA	NA	NA	NA	NA	NA	PRESENT	Dry	NA	NA	NA	NA	NA	NA	NA	NA	NA	NA	NA	NA	NA	NA	NA	NA	NA	NA	NA	NA	NA	1906-08-14	NA	226	226	1906	8	14	14-15 Aug 1906	NA	NA	NA	NA	NA	NA	NA	NA	NA	South Pacific Ocean; Ecuador; Galapagos Prov.; Galapagos Ids.; Pinzon Id.	SOUTH_AMERICA	South Pacific Ocean	Galapagos Ids.	Pinzon Id.	EC	Galapagos Prov.	NA	NA	NA	Duncan Island, Galapagos Arch.	NA	NA	NA	NA	NA	NA	NA	-0.613056	-90.677778	NA	NA	NA	NA	NA	NA	NA	NA	NA	NA	NA	Google Earth, 2013.	NA	NA	NA	NA	NA	NA	NA	NA	NA	NA	NA	NA	NA	NA	NA	NA	NA	NA	NA	NA	NA	NA	NA	NA	NA	NA	NA	NA	NA	NA	NA	C6Q3Z	NA	NA	NA	NA	NA	Chelonoidis duncanensis (Pritchard, 1996)	NA	NA	NA	NA	NA	NA	Animalia; Chordata; Reptilia; Testudines; Testudinidae	Animalia	Chordata	Reptilia	Testudines	Testudinoidea	Testudinidae	NA	NA	NA	Chelonoidis	Chelonoidis	NA	NA	duncanensis	NA	NA	SPECIES	NA	NA	NA	SYNONYM	NA	NA	cece4fc2-1fec-4bb5-a335-7252548e3f0b	US	2026-09-07 00:06:40	NA	NA	NA	NA	NA	COORDINATE_ROUNDED;CONTINENT_DERIVED_FROM_COORDINATES	NA	COORDINATE_ROUNDED;CONTINENT_DERIVED_FROM_COORDINATES	StillImage	TRUE	FALSE	MVBKH	C6Q3Z	N	CH2	RP	477	87BWY	626NZ	NA	NA	NA	3MPP	NA	5Y2Z9	Chelonoidis niger	Chelonoidis niger duncanensis (Pritchard, 1996)	Chelonoidis duncanensis	NA	EML	2026-09-07 00:06:40	2026-09-07 00:01:45	NA	TRUE	NA	NA	FALSE	LATIN_AMERICA	NORTH_AMERICA	ECU	Ecuador	ECU.9_1	Galápagos	ECU.9.3_1	Santa Cruz	ECU.9.3.3_1	Santa Rosa	NA
543672899	NA	NA	NA	CC0_1_0	2024-01-04 14:21:00	California Academy of Sciences	NA	NA	NA	http://grbio.org/institution/california-academy-sciences	http://grscicoll.org/institutional-collection/herpetology-0	NA	CAS	HERP	NA	NA	PRESERVED_SPECIMEN	NA	NA	NA	urn:catalog:CAS:HERP:8255	8255	4496	J.R. Slevin	NA	NA	NA	NA	Male	Adult	NA	NA	NA	NA	NA	NA	NA	NA	PRESENT	Dry	NA	NA	NA	NA	NA	NA	Bought of Native Collector.	NA	NA	NA	NA	NA	NA	NA	NA	NA	NA	NA	NA	NA	NA	1906-10-10	NA	283	283	1906	10	10	10 Oct 1906	NA	NA	NA	NA	NA	NA	NA	NA	NA	South Pacific Ocean; Ecuador; Galapagos Prov.; Galapagos Ids.; Isabela Id.	SOUTH_AMERICA	South Pacific Ocean	Galapagos Ids.	Isabela Id.	EC	Galapagos Prov.	NA	NA	Villamil Mtn	Vilamil Mt., Albemarle Isl., Galapagos Arch.	NA	NA	NA	NA	NA	NA	NA	-0.911944	-91.123611	9656.08	NA	NA	NA	NA	NA	NA	NA	NA	NA	NA	Google Earth, 2013.	NA	NA	NA	NA	NA	NA	NA	NA	NA	NA	NA	NA	NA	NA	NA	NA	NA	NA	NA	NA	NA	NA	NA	NA	NA	NA	NA	NA	NA	NA	NA	C6Q49	NA	NA	NA	NA	NA	Chelonoidis vicina (Günther, 1875)	NA	NA	NA	NA	NA	NA	Animalia; Chordata; Reptilia; Testudines; Testudinidae	Animalia	Chordata	Reptilia	Testudines	Testudinoidea	Testudinidae	NA	NA	NA	Chelonoidis	Chelonoidis	NA	NA	vicina	NA	NA	SPECIES	NA	NA	NA	SYNONYM	NA	NA	cece4fc2-1fec-4bb5-a335-7252548e3f0b	US	2026-09-07 00:06:33	NA	NA	NA	NA	NA	COORDINATE_ROUNDED;CONTINENT_DERIVED_FROM_COORDINATES	NA	COORDINATE_ROUNDED;CONTINENT_DERIVED_FROM_COORDINATES	StillImage	TRUE	FALSE	TVLL	C6Q49	N	CH2	RP	477	87BWY	626NZ	NA	NA	NA	3MPP	NA	5Y2Z9	Chelonoidis niger	Chelonoidis niger vicina (Günther, 1874)	Chelonoidis vicina	NA	EML	2026-09-07 00:06:33	2026-09-07 00:01:45	NA	TRUE	NA	NA	FALSE	LATIN_AMERICA	NORTH_AMERICA	ECU	Ecuador	ECU.9_1	Galápagos	ECU.9.1_1	Isabela	ECU.9.1.2_1	Tomas De Berlanga (Santo Tomas)	NA
543675354	NA	NA	NA	CC0_1_0	2024-01-04 14:21:00	California Academy of Sciences	NA	NA	NA	http://grbio.org/institution/california-academy-sciences	http://grscicoll.org/institutional-collection/herpetology-0	NA	CAS	HERP	NA	NA	PRESERVED_SPECIMEN	NA	NA	NA	urn:catalog:CAS:HERP:8476	8476	2557	R.H. Beck	NA	NA	NA	NA	Female	Adult	NA	NA	NA	NA	NA	NA	NA	NA	PRESENT	Dry	NA	NA	NA	NA	NA	NA	Killed 2 Feb 1906.  Miscellaneous postcrania in skeletal collection.	NA	NA	NA	NA	NA	NA	NA	NA	NA	NA	NA	NA	NA	NA	1906-02-01	NA	32	32	1906	2	1	1 Feb 1906	NA	NA	NA	NA	NA	NA	NA	NA	NA	South Pacific Ocean; Ecuador; Galapagos Prov.; Galapagos Ids.; Espanola Id.	SOUTH_AMERICA	South Pacific Ocean	Galapagos Ids.	Espanola Id.	EC	Galapagos Prov.	NA	NA	NA	Hood Isl. Galapagos Arch.	NA	NA	NA	NA	NA	NA	NA	-1.354167	-89.659861	NA	NA	NA	NA	NA	NA	NA	NA	NA	NA	NA	Google Earth, 2013.	NA	NA	NA	NA	NA	NA	NA	NA	NA	NA	NA	NA	NA	NA	NA	NA	NA	NA	NA	NA	NA	NA	NA	NA	NA	NA	NA	NA	NA	NA	NA	TVGD	NA	NA	NA	NA	NA	Chelonia mydas (Linnaeus, 1758)	NA	NA	NA	NA	NA	NA	Animalia; Chordata; Reptilia; Testudines; Cheloniidae	Animalia	Chordata	Reptilia	Testudines	Chelonioidea	Cheloniidae	NA	NA	NA	Chelonia	Chelonia	NA	NA	mydas	NA	NA	SPECIES	NA	NA	NA	ACCEPTED	NA	NA	cece4fc2-1fec-4bb5-a335-7252548e3f0b	US	2026-09-07 00:06:33	NA	NA	NA	NA	NA	COORDINATE_ROUNDED;CONTINENT_DERIVED_FROM_COORDINATES	NA	COORDINATE_ROUNDED;CONTINENT_DERIVED_FROM_COORDINATES	StillImage	TRUE	FALSE	TVGD	TVGD	N	CH2	RP	477	87BWH	83J	NA	NA	NA	3MPC	NA	TVGD	Chelonia mydas	Chelonia mydas (Linnaeus, 1758)	Chelonia mydas	NA	EML	2026-09-07 00:06:33	2026-09-07 00:01:45	NA	TRUE	NA	NA	FALSE	LATIN_AMERICA	NORTH_AMERICA	ECU	Ecuador	ECU.9_1	Galápagos	ECU.9.2_1	San Cristóbal	ECU.9.2.2_1	Isla Santa Mara (Floreana) (Cab.	LC
543672466	NA	NA	NA	CC0_1_0	2024-01-04 14:21:00	California Academy of Sciences	NA	NA	NA	http://grbio.org/institution/california-academy-sciences	http://grscicoll.org/institutional-collection/herpetology-0	NA	CAS	HERP	NA	NA	PRESERVED_SPECIMEN	NA	NA	NA	urn:catalog:CAS:HERP:8216	8216	4454	J.R. Slevin	NA	NA	NA	NA	Female	Adult	NA	NA	NA	NA	NA	NA	NA	NA	PRESENT	Dry	NA	NA	NA	NA	NA	NA	Bought of Native Collector.	NA	NA	NA	NA	NA	NA	NA	NA	NA	NA	NA	NA	NA	NA	1906-09-28	NA	271	271	1906	9	28	28 Sep 1906	NA	NA	NA	NA	NA	NA	NA	NA	NA	South Pacific Ocean; Ecuador; Galapagos Prov.; Galapagos Ids.; Isabela Id.	SOUTH_AMERICA	South Pacific Ocean	Galapagos Ids.	Isabela Id.	EC	Galapagos Prov.	NA	NA	Villamil Mtn	Vilamil Mt., Albemarle Isl., Galapagos Arch.	NA	NA	NA	NA	NA	NA	NA	-0.911944	-91.123611	9656.08	NA	NA	NA	NA	NA	NA	NA	NA	NA	NA	Google Earth, 2013.	NA	NA	NA	NA	NA	NA	NA	NA	NA	NA	NA	NA	NA	NA	NA	NA	NA	NA	NA	NA	NA	NA	NA	NA	NA	NA	NA	NA	NA	NA	NA	C6Q49	NA	NA	NA	NA	NA	Chelonoidis vicina (Günther, 1875)	NA	NA	NA	NA	NA	NA	Animalia; Chordata; Reptilia; Testudines; Testudinidae	Animalia	Chordata	Reptilia	Testudines	Testudinoidea	Testudinidae	NA	NA	NA	Chelonoidis	Chelonoidis	NA	NA	vicina	NA	NA	SPECIES	NA	NA	NA	SYNONYM	NA	NA	cece4fc2-1fec-4bb5-a335-7252548e3f0b	US	2026-09-07 00:06:38	NA	NA	NA	NA	NA	COORDINATE_ROUNDED;CONTINENT_DERIVED_FROM_COORDINATES	NA	COORDINATE_ROUNDED;CONTINENT_DERIVED_FROM_COORDINATES	StillImage	TRUE	FALSE	TVLL	C6Q49	N	CH2	RP	477	87BWY	626NZ	NA	NA	NA	3MPP	NA	5Y2Z9	Chelonoidis niger	Chelonoidis niger vicina (Günther, 1874)	Chelonoidis vicina	NA	EML	2026-09-07 00:06:38	2026-09-07 00:01:45	NA	TRUE	NA	NA	FALSE	LATIN_AMERICA	NORTH_AMERICA	ECU	Ecuador	ECU.9_1	Galápagos	ECU.9.1_1	Isabela	ECU.9.1.2_1	Tomas De Berlanga (Santo Tomas)	NA
543674465	NA	NA	NA	CC0_1_0	2024-01-04 14:21:00	California Academy of Sciences	NA	NA	NA	http://grbio.org/institution/california-academy-sciences	http://grscicoll.org/institutional-collection/herpetology-0	NA	CAS	HERP	NA	NA	PRESERVED_SPECIMEN	NA	NA	NA	urn:catalog:CAS:HERP:8396	8396	NA	J.R. Slevin and R.H. Beck	NA	NA	NA	NA	NA	Adult	NA	NA	NA	NA	NA	NA	NA	NA	PRESENT	Dry	NA	NA	NA	NA	NA	NA	Skull.	NA	NA	NA	NA	NA	NA	NA	NA	NA	NA	NA	NA	NA	NA	1906-08-24	NA	236	236	1906	8	24	24 Aug 1906	NA	NA	NA	NA	NA	NA	NA	NA	NA	South Pacific Ocean; Ecuador; Galapagos Prov.; Galapagos Ids.; Isabela Id.	SOUTH_AMERICA	South Pacific Ocean	Galapagos Ids.	Isabela Id.	EC	Galapagos Prov.	NA	NA	Villamil Mtn	Vilamil Mt. Albemarle Isl. Galapagos Arch.	NA	NA	NA	NA	NA	NA	NA	-0.841667	-91.163333	NA	NA	NA	NA	NA	NA	NA	NA	NA	NA	NA	Google Earth, 2013.	NA	NA	NA	NA	NA	NA	NA	NA	NA	NA	NA	NA	NA	NA	NA	NA	NA	NA	NA	NA	NA	NA	NA	NA	NA	NA	NA	NA	NA	NA	NA	C6Q42	NA	NA	NA	NA	NA	Chelonoidis guntheri (Baur, 1889)	NA	NA	NA	NA	NA	NA	Animalia; Chordata; Reptilia; Testudines; Testudinidae	Animalia	Chordata	Reptilia	Testudines	Testudinoidea	Testudinidae	NA	NA	NA	Chelonoidis	Chelonoidis	NA	NA	guntheri	NA	NA	SPECIES	NA	NA	NA	SYNONYM	NA	NA	cece4fc2-1fec-4bb5-a335-7252548e3f0b	US	2026-09-07 00:06:38	NA	NA	NA	NA	NA	COORDINATE_ROUNDED;CONTINENT_DERIVED_FROM_COORDINATES	NA	COORDINATE_ROUNDED;CONTINENT_DERIVED_FROM_COORDINATES	StillImage	TRUE	FALSE	8GPG2	C6Q42	N	CH2	RP	477	87BWY	626NZ	NA	NA	NA	3MPP	NA	5Y2Z9	Chelonoidis niger	Chelonoidis niger guntheri (Baur, 1889)	Chelonoidis guntheri	NA	EML	2026-09-07 00:06:38	2026-09-07 00:01:45	NA	TRUE	NA	NA	FALSE	LATIN_AMERICA	NORTH_AMERICA	ECU	Ecuador	ECU.9_1	Galápagos	ECU.9.1_1	Isabela	ECU.9.1.2_1	Tomas De Berlanga (Santo Tomas)	NA
543675521	NA	NA	NA	CC0_1_0	2024-01-04 14:21:00	California Academy of Sciences	NA	NA	NA	http://grbio.org/institution/california-academy-sciences	http://grscicoll.org/institutional-collection/herpetology-0	NA	CAS	HERP	NA	NA	PRESERVED_SPECIMEN	NA	NA	NA	urn:catalog:CAS:HERP:8491	8491	3760	F.T. Nelson	NA	NA	NA	NA	Male	Adult	NA	NA	NA	NA	NA	NA	NA	NA	PRESENT	Dry	NA	NA	NA	NA	NA	NA	Killed 19 Jul 1906.	NA	NA	NA	NA	NA	NA	NA	NA	NA	NA	NA	NA	NA	NA	1906-07-16	NA	197	197	1906	7	16	16 Jul 1906	NA	NA	NA	NA	NA	NA	NA	NA	NA	South Pacific Ocean; Ecuador; Galapagos Prov.; Galapagos Ids.; Santa Cruz Id.	SOUTH_AMERICA	South Pacific Ocean	Galapagos Ids.	Santa Cruz Id.	EC	Galapagos Prov.	NA	NA	Puerta de la Aguada	Indefatigable Isl. Galapagos Arch. Puerta de la Aguada	NA	NA	NA	NA	NA	NA	NA	-0.747222	-90.308889	NA	NA	NA	NA	NA	NA	NA	NA	NA	NA	NA	Google Earth, 2013.	NA	NA	NA	NA	NA	NA	NA	NA	NA	NA	NA	NA	NA	NA	NA	NA	NA	NA	NA	NA	NA	NA	NA	NA	NA	NA	NA	NA	NA	NA	NA	TVGD	NA	NA	NA	NA	NA	Chelonia mydas (Linnaeus, 1758)	NA	NA	NA	NA	NA	NA	Animalia; Chordata; Reptilia; Testudines; Cheloniidae	Animalia	Chordata	Reptilia	Testudines	Chelonioidea	Cheloniidae	NA	NA	NA	Chelonia	Chelonia	NA	NA	mydas	NA	NA	SPECIES	NA	NA	NA	ACCEPTED	NA	NA	cece4fc2-1fec-4bb5-a335-7252548e3f0b	US	2026-09-07 00:06:38	NA	NA	NA	NA	NA	COORDINATE_ROUNDED;CONTINENT_DERIVED_FROM_COORDINATES	NA	COORDINATE_ROUNDED;CONTINENT_DERIVED_FROM_COORDINATES	StillImage	TRUE	FALSE	TVGD	TVGD	N	CH2	RP	477	87BWH	83J	NA	NA	NA	3MPC	NA	TVGD	Chelonia mydas	Chelonia mydas (Linnaeus, 1758)	Chelonia mydas	NA	EML	2026-09-07 00:06:38	2026-09-07 00:01:45	NA	TRUE	NA	NA	FALSE	LATIN_AMERICA	NORTH_AMERICA	NA	NA	NA	NA	NA	NA	NA	NA	LC
543675565	NA	NA	NA	CC0_1_0	2024-01-04 14:21:00	California Academy of Sciences	NA	NA	NA	http://grbio.org/institution/california-academy-sciences	http://grscicoll.org/institutional-collection/herpetology-0	NA	CAS	HERP	NA	NA	PRESERVED_SPECIMEN	NA	NA	NA	urn:catalog:CAS:HERP:8495	8495	3765	F.T. Nelson	NA	NA	NA	NA	Female	Adult	NA	NA	NA	NA	NA	NA	NA	NA	PRESENT	Dry	NA	NA	NA	NA	NA	NA	Killed 25 Jul 1906.	NA	NA	NA	NA	NA	NA	NA	NA	NA	NA	NA	NA	NA	NA	1906-07-24	NA	205	205	1906	7	24	24 Jul 1906	NA	NA	NA	NA	NA	NA	NA	NA	NA	South Pacific Ocean; Ecuador; Galapagos Prov.; Galapagos Ids.; Santa Cruz Id.	SOUTH_AMERICA	South Pacific Ocean	Galapagos Ids.	Santa Cruz Id.	EC	Galapagos Prov.	NA	NA	beach near Conway Bay	Indefatigable Isl. Galapagos Arch. Beach near Conway Bay.	NA	NA	NA	NA	NA	NA	NA	-0.561111	-90.528333	NA	NA	NA	NA	NA	NA	NA	NA	NA	NA	NA	Google Earth, 2013.	NA	NA	NA	NA	NA	NA	NA	NA	NA	NA	NA	NA	NA	NA	NA	NA	NA	NA	NA	NA	NA	NA	NA	NA	NA	NA	NA	NA	NA	NA	NA	TVGD	NA	NA	NA	NA	NA	Chelonia mydas (Linnaeus, 1758)	NA	NA	NA	NA	NA	NA	Animalia; Chordata; Reptilia; Testudines; Cheloniidae	Animalia	Chordata	Reptilia	Testudines	Chelonioidea	Cheloniidae	NA	NA	NA	Chelonia	Chelonia	NA	NA	mydas	NA	NA	SPECIES	NA	NA	NA	ACCEPTED	NA	NA	cece4fc2-1fec-4bb5-a335-7252548e3f0b	US	2026-09-07 00:06:38	NA	NA	NA	NA	NA	COORDINATE_ROUNDED;CONTINENT_DERIVED_FROM_COORDINATES	NA	COORDINATE_ROUNDED;CONTINENT_DERIVED_FROM_COORDINATES	StillImage	TRUE	FALSE	TVGD	TVGD	N	CH2	RP	477	87BWH	83J	NA	NA	NA	3MPC	NA	TVGD	Chelonia mydas	Chelonia mydas (Linnaeus, 1758)	Chelonia mydas	NA	EML	2026-09-07 00:06:38	2026-09-07 00:01:45	NA	TRUE	NA	NA	FALSE	LATIN_AMERICA	NORTH_AMERICA	ECU	Ecuador	ECU.9_1	Galápagos	ECU.9.3_1	Santa Cruz	ECU.9.3.3_1	Santa Rosa	LC
543671422	NA	NA	NA	CC0_1_0	2024-01-04 14:21:00	California Academy of Sciences	NA	NA	NA	http://grbio.org/institution/california-academy-sciences	http://grscicoll.org/institutional-collection/herpetology-0	NA	CAS	HERP	NA	NA	PRESERVED_SPECIMEN	NA	NA	NA	urn:catalog:CAS:HERP:8122	8122	NA	W.H. Ochsner	NA	NA	NA	NA	Female	Adult	NA	NA	NA	NA	NA	NA	NA	NA	PRESENT	Dry	NA	NA	NA	NA	NA	NA	Paratype of Testudo hoodensis Van Denburgh, 1907.  Died in San Francisco 22 Feb 1909.  Mounted specimen. Skull and miscellaneous postcrania in skeletal collection.	NA	NA	NA	NA	NA	NA	NA	NA	NA	NA	NA	NA	NA	NA	1906-06-26	NA	177	177	1906	6	26	26 Jun 1906	NA	NA	NA	NA	NA	NA	NA	NA	NA	South Pacific Ocean; Ecuador; Galapagos Prov.; Galapagos Ids.; Espanola Id.	SOUTH_AMERICA	South Pacific Ocean	Galapagos Ids.	Espanola Id.	EC	Galapagos Prov.	NA	NA	NA	Hood Island Galapagos Archipelago	NA	NA	NA	NA	NA	NA	NA	-1.366389	-89.686389	NA	NA	NA	NA	NA	NA	NA	NA	NA	NA	NA	Google Earth, 2013.	NA	NA	NA	NA	NA	NA	NA	NA	NA	NA	NA	NA	NA	NA	NA	NA	NA	NA	NA	NA	NA	NA	Paratype	J. Van Denburgh	NA	1907-12-20	NA	NA	NA	NA	NA	C6Q43	NA	NA	NA	NA	NA	Chelonoidis hoodensis (Van Denburgh, 1907)	NA	NA	NA	NA	NA	NA	Animalia; Chordata; Reptilia; Testudines; Testudinidae	Animalia	Chordata	Reptilia	Testudines	Testudinoidea	Testudinidae	NA	NA	NA	Chelonoidis	Chelonoidis	NA	NA	hoodensis	NA	NA	SPECIES	NA	NA	NA	SYNONYM	NA	NA	cece4fc2-1fec-4bb5-a335-7252548e3f0b	US	2026-09-07 00:06:33	NA	NA	NA	NA	NA	COORDINATE_ROUNDED;CONTINENT_DERIVED_FROM_COORDINATES	NA	COORDINATE_ROUNDED;CONTINENT_DERIVED_FROM_COORDINATES	StillImage	TRUE	FALSE	TVLD	C6Q43	N	CH2	RP	477	87BWY	626NZ	NA	NA	NA	3MPP	NA	5Y2Z9	Chelonoidis niger	Chelonoidis niger hoodensis (Van Denburgh, 1907)	Chelonoidis hoodensis	NA	EML	2026-09-07 00:06:33	2026-09-07 00:01:45	NA	TRUE	NA	NA	FALSE	LATIN_AMERICA	NORTH_AMERICA	ECU	Ecuador	ECU.9_1	Galápagos	ECU.9.2_1	San Cristóbal	ECU.9.2.2_1	Isla Santa Mara (Floreana) (Cab.	NA
543671766	NA	NA	NA	CC0_1_0	2024-01-04 14:21:00	California Academy of Sciences	NA	NA	NA	http://grbio.org/institution/california-academy-sciences	http://grscicoll.org/institutional-collection/herpetology-0	NA	CAS	HERP	NA	NA	PRESERVED_SPECIMEN	NA	NA	NA	urn:catalog:CAS:HERP:8153	8153	gee	R.H. Beck	NA	NA	NA	NA	NA	NA	NA	NA	NA	NA	NA	NA	NA	NA	PRESENT	Dry	NA	NA	NA	NA	NA	NA	Miscellaneous postcrania in skeletal collection.	NA	NA	NA	NA	NA	NA	NA	NA	NA	NA	NA	NA	NA	NA	1906-07-10	NA	191	191	1906	7	10	10 Jul 1906	NA	NA	NA	NA	NA	NA	NA	NA	NA	South Pacific Ocean; Ecuador; Galapagos Prov.; Galapagos Ids.; Santa Fe Id.	SOUTH_AMERICA	South Pacific Ocean	Galapagos Ids.	Santa Fe Id.	EC	Galapagos Prov.	NA	NA	NA	Barrington Isl. Galapagos Archipelago	NA	NA	NA	NA	NA	NA	NA	-0.806667	-90.076111	NA	NA	NA	NA	NA	NA	NA	NA	NA	NA	NA	Google Earth, 2013.	NA	NA	NA	NA	NA	NA	NA	NA	NA	NA	NA	NA	NA	NA	NA	NA	NA	NA	NA	NA	NA	NA	NA	NA	NA	NA	NA	NA	NA	NA	NA	3MPP	NA	NA	NA	NA	NA	Chelonoidis Fitzinger, 1835	NA	NA	NA	NA	NA	NA	Animalia; Chordata; Reptilia; Testudines; Testudinidae	Animalia	Chordata	Reptilia	Testudines	Testudinoidea	Testudinidae	NA	NA	NA	Chelonoidis	NA	NA	NA	NA	NA	NA	GENUS	NA	NA	NA	ACCEPTED	NA	NA	cece4fc2-1fec-4bb5-a335-7252548e3f0b	US	2026-09-07 00:06:33	NA	NA	NA	NA	NA	COORDINATE_ROUNDED;CONTINENT_DERIVED_FROM_COORDINATES	NA	COORDINATE_ROUNDED;CONTINENT_DERIVED_FROM_COORDINATES	StillImage	TRUE	FALSE	3MPP	3MPP	N	CH2	RP	477	87BWY	626NZ	NA	NA	NA	3MPP	NA	NA	NA	Chelonoidis Fitzinger, 1835	Chelonoidis	NA	EML	2026-09-07 00:06:33	2026-09-07 00:01:45	NA	TRUE	NA	NA	FALSE	LATIN_AMERICA	NORTH_AMERICA	ECU	Ecuador	ECU.9_1	Galápagos	ECU.9.2_1	San Cristóbal	ECU.9.2.2_1	Isla Santa Mara (Floreana) (Cab.	NA
543671511	NA	NA	NA	CC0_1_0	2024-01-04 14:21:00	California Academy of Sciences	NA	NA	NA	http://grbio.org/institution/california-academy-sciences	http://grscicoll.org/institutional-collection/herpetology-0	NA	CAS	HERP	NA	NA	PRESERVED_SPECIMEN	NA	NA	NA	urn:catalog:CAS:HERP:8130	8130	NA	J.R. Slevin and R.H. Beck	NA	NA	NA	NA	NA	NA	NA	NA	NA	NA	NA	NA	NA	NA	PRESENT	Dry	NA	NA	NA	NA	NA	NA	Skull only.	NA	NA	NA	NA	NA	NA	NA	NA	NA	NA	NA	NA	NA	NA	1906-02-12	NA	43	43	1906	2	12	12-14 Feb 1906	NA	NA	NA	NA	NA	NA	NA	NA	NA	South Pacific Ocean; Ecuador; Galapagos Prov.; Galapagos Ids.; San Cristobal Id.	SOUTH_AMERICA	South Pacific Ocean	Galapagos Ids.	San Cristobal Id.	EC	Galapagos Prov.	NA	NA	NA	Chatham Island Galapagos Archipelago	NA	NA	NA	NA	NA	NA	NA	-0.808056	-89.454806	NA	NA	NA	NA	NA	NA	NA	NA	NA	NA	NA	Google Earth, 2013.	NA	NA	NA	NA	NA	NA	NA	NA	NA	NA	NA	NA	NA	NA	NA	NA	NA	NA	NA	NA	NA	NA	NA	NA	NA	NA	NA	NA	NA	NA	NA	C6Q3W	NA	NA	NA	NA	NA	Chelonoidis chathamensis (Van Denburgh, 1907)	NA	NA	NA	NA	NA	NA	Animalia; Chordata; Reptilia; Testudines; Testudinidae	Animalia	Chordata	Reptilia	Testudines	Testudinoidea	Testudinidae	NA	NA	NA	Chelonoidis	Chelonoidis	NA	NA	chathamensis	NA	NA	SPECIES	NA	NA	NA	SYNONYM	NA	NA	cece4fc2-1fec-4bb5-a335-7252548e3f0b	US	2026-09-07 00:06:33	NA	NA	NA	NA	NA	COORDINATE_ROUNDED;CONTINENT_DERIVED_FROM_COORDINATES	NA	COORDINATE_ROUNDED;CONTINENT_DERIVED_FROM_COORDINATES	StillImage	TRUE	FALSE	TVL5	C6Q3W	N	CH2	RP	477	87BWY	626NZ	NA	NA	NA	3MPP	NA	5Y2Z9	Chelonoidis niger	Chelonoidis niger chathamensis (Van Denburgh, 1907)	Chelonoidis chathamensis	NA	EML	2026-09-07 00:06:33	2026-09-07 00:01:45	NA	TRUE	NA	NA	FALSE	LATIN_AMERICA	NORTH_AMERICA	ECU	Ecuador	ECU.9_1	Galápagos	ECU.9.2_1	San Cristóbal	ECU.9.2.1_1	El Progreso	NA
543671533	NA	NA	NA	CC0_1_0	2024-01-04 14:21:00	California Academy of Sciences	NA	NA	NA	http://grbio.org/institution/california-academy-sciences	http://grscicoll.org/institutional-collection/herpetology-0	NA	CAS	HERP	NA	NA	PRESERVED_SPECIMEN	NA	NA	NA	urn:catalog:CAS:HERP:8132	8132	NA	J.R. Slevin and R.H. Beck	NA	NA	NA	NA	NA	NA	NA	NA	NA	NA	NA	NA	NA	NA	PRESENT	Dry	NA	NA	NA	NA	NA	NA	NA	NA	NA	NA	NA	NA	NA	NA	NA	NA	NA	NA	NA	NA	NA	1906-02-12	NA	43	43	1906	2	12	12-14 Feb 1906	NA	NA	NA	NA	NA	NA	NA	NA	NA	South Pacific Ocean; Ecuador; Galapagos Prov.; Galapagos Ids.; San Cristobal Id.	SOUTH_AMERICA	South Pacific Ocean	Galapagos Ids.	San Cristobal Id.	EC	Galapagos Prov.	NA	NA	NA	Chatham Island Galapagos Archipelago	NA	NA	NA	NA	NA	NA	NA	-0.808056	-89.454806	NA	NA	NA	NA	NA	NA	NA	NA	NA	NA	NA	Google Earth, 2013.	NA	NA	NA	NA	NA	NA	NA	NA	NA	NA	NA	NA	NA	NA	NA	NA	NA	NA	NA	NA	NA	NA	NA	NA	NA	NA	NA	NA	NA	NA	NA	C6Q3W	NA	NA	NA	NA	NA	Chelonoidis chathamensis (Van Denburgh, 1907)	NA	NA	NA	NA	NA	NA	Animalia; Chordata; Reptilia; Testudines; Testudinidae	Animalia	Chordata	Reptilia	Testudines	Testudinoidea	Testudinidae	NA	NA	NA	Chelonoidis	Chelonoidis	NA	NA	chathamensis	NA	NA	SPECIES	NA	NA	NA	SYNONYM	NA	NA	cece4fc2-1fec-4bb5-a335-7252548e3f0b	US	2026-09-07 00:06:33	NA	NA	NA	NA	NA	COORDINATE_ROUNDED;CONTINENT_DERIVED_FROM_COORDINATES	NA	COORDINATE_ROUNDED;CONTINENT_DERIVED_FROM_COORDINATES	StillImage	TRUE	FALSE	TVL5	C6Q3W	N	CH2	RP	477	87BWY	626NZ	NA	NA	NA	3MPP	NA	5Y2Z9	Chelonoidis niger	Chelonoidis niger chathamensis (Van Denburgh, 1907)	Chelonoidis chathamensis	NA	EML	2026-09-07 00:06:33	2026-09-07 00:01:45	NA	TRUE	NA	NA	FALSE	LATIN_AMERICA	NORTH_AMERICA	ECU	Ecuador	ECU.9_1	Galápagos	ECU.9.2_1	San Cristóbal	ECU.9.2.1_1	El Progreso	NA
543672143	NA	NA	NA	CC0_1_0	2024-01-04 14:21:00	California Academy of Sciences	NA	NA	NA	http://grbio.org/institution/california-academy-sciences	http://grscicoll.org/institutional-collection/herpetology-0	NA	CAS	HERP	NA	NA	PRESERVED_SPECIMEN	NA	NA	NA	urn:catalog:CAS:HERP:8187	8187	3185	R.H. Beck	NA	NA	NA	NA	Male	Adult	NA	NA	NA	NA	NA	NA	NA	NA	PRESENT	Dry	NA	NA	NA	NA	NA	NA	Miscellaneous postcrania.	NA	NA	NA	NA	NA	NA	NA	NA	NA	NA	NA	NA	NA	NA	1906-04-26	NA	116	116	1906	4	26	26 Apr 1906	NA	NA	NA	NA	NA	NA	NA	NA	NA	South Pacific Ocean; Ecuador; Galapagos Prov.; Galapagos Ids.; Isabela Id.	SOUTH_AMERICA	South Pacific Ocean	Galapagos Ids.	Isabela Id.	EC	Galapagos Prov.	NA	NA	Cobos Settlement, 'Bull beef' Anchorage	Cobos Settlement Albermarle Isl. Galapagos Arch.  'Bull beef' Anchorage.	NA	NA	NA	NA	NA	NA	NA	-1.004917	-91.093778	NA	NA	NA	NA	NA	NA	NA	NA	NA	NA	NA	Google Earth, 2013.	NA	NA	NA	NA	NA	NA	NA	NA	NA	NA	NA	NA	NA	NA	NA	NA	NA	NA	NA	NA	NA	NA	NA	NA	NA	NA	NA	NA	NA	NA	NA	C6Q49	NA	NA	NA	NA	NA	Chelonoidis vicina (Günther, 1875)	NA	NA	NA	NA	NA	NA	Animalia; Chordata; Reptilia; Testudines; Testudinidae	Animalia	Chordata	Reptilia	Testudines	Testudinoidea	Testudinidae	NA	NA	NA	Chelonoidis	Chelonoidis	NA	NA	vicina	NA	NA	SPECIES	NA	NA	NA	SYNONYM	NA	NA	cece4fc2-1fec-4bb5-a335-7252548e3f0b	US	2026-09-07 00:06:33	NA	NA	NA	NA	NA	COORDINATE_ROUNDED;CONTINENT_DERIVED_FROM_COORDINATES	NA	COORDINATE_ROUNDED;CONTINENT_DERIVED_FROM_COORDINATES	StillImage	TRUE	FALSE	TVLL	C6Q49	N	CH2	RP	477	87BWY	626NZ	NA	NA	NA	3MPP	NA	5Y2Z9	Chelonoidis niger	Chelonoidis niger vicina (Günther, 1874)	Chelonoidis vicina	NA	EML	2026-09-07 00:06:33	2026-09-07 00:01:45	NA	TRUE	NA	NA	FALSE	LATIN_AMERICA	NORTH_AMERICA	ECU	Ecuador	ECU.9_1	Galápagos	ECU.9.1_1	Isabela	ECU.9.1.2_1	Tomas De Berlanga (Santo Tomas)	NA
543672788	NA	NA	NA	CC0_1_0	2024-01-04 14:21:00	California Academy of Sciences	NA	NA	NA	http://grbio.org/institution/california-academy-sciences	http://grscicoll.org/institutional-collection/herpetology-0	NA	CAS	HERP	NA	NA	PRESERVED_SPECIMEN	NA	NA	NA	urn:catalog:CAS:HERP:8245	8245	4485	J.R. Slevin	NA	NA	NA	NA	Male	NA	NA	NA	NA	NA	NA	NA	NA	NA	PRESENT	Dry	NA	NA	NA	NA	NA	NA	Bought of Native Collector.  Not in Paper?	NA	NA	NA	NA	NA	NA	NA	NA	NA	NA	NA	NA	NA	NA	1906-10-06	NA	279	279	1906	10	6	6 Oct 1906	NA	NA	NA	NA	NA	NA	NA	NA	NA	South Pacific Ocean; Ecuador; Galapagos Prov.; Galapagos Ids.; Isabela Id.	SOUTH_AMERICA	South Pacific Ocean	Galapagos Ids.	Isabela Id.	EC	Galapagos Prov.	NA	NA	Villamil Mtn	Vilamil Mt., Albemarle Isl., Galapagos Arch.	NA	NA	NA	NA	NA	NA	NA	-0.911944	-91.123611	9656.08	NA	NA	NA	NA	NA	NA	NA	NA	NA	NA	Google Earth, 2013.	NA	NA	NA	NA	NA	NA	NA	NA	NA	NA	NA	NA	NA	NA	NA	NA	NA	NA	NA	NA	NA	NA	NA	NA	NA	NA	NA	NA	NA	NA	NA	3MPP	NA	NA	NA	NA	NA	Chelonoidis Fitzinger, 1835	NA	NA	NA	NA	NA	NA	Animalia; Chordata; Reptilia; Testudines; Testudinidae	Animalia	Chordata	Reptilia	Testudines	Testudinoidea	Testudinidae	NA	NA	NA	Chelonoidis	NA	NA	NA	NA	NA	NA	GENUS	NA	NA	NA	ACCEPTED	NA	NA	cece4fc2-1fec-4bb5-a335-7252548e3f0b	US	2026-09-07 00:06:33	NA	NA	NA	NA	NA	COORDINATE_ROUNDED;CONTINENT_DERIVED_FROM_COORDINATES	NA	COORDINATE_ROUNDED;CONTINENT_DERIVED_FROM_COORDINATES	StillImage	TRUE	FALSE	3MPP	3MPP	N	CH2	RP	477	87BWY	626NZ	NA	NA	NA	3MPP	NA	NA	NA	Chelonoidis Fitzinger, 1835	Chelonoidis	NA	EML	2026-09-07 00:06:33	2026-09-07 00:01:45	NA	TRUE	NA	NA	FALSE	LATIN_AMERICA	NORTH_AMERICA	ECU	Ecuador	ECU.9_1	Galápagos	ECU.9.1_1	Isabela	ECU.9.1.2_1	Tomas De Berlanga (Santo Tomas)	NA
543672810	NA	NA	NA	CC0_1_0	2024-01-04 14:21:00	California Academy of Sciences	NA	NA	NA	http://grbio.org/institution/california-academy-sciences	http://grscicoll.org/institutional-collection/herpetology-0	NA	CAS	HERP	NA	NA	PRESERVED_SPECIMEN	NA	NA	NA	urn:catalog:CAS:HERP:8247	8247	4487	J.R. Slevin	NA	NA	NA	NA	Female	Adult	NA	NA	NA	NA	NA	NA	NA	NA	PRESENT	Dry	NA	NA	NA	NA	NA	NA	Bought of Native Collector.	NA	NA	NA	NA	NA	NA	NA	NA	NA	NA	NA	NA	NA	NA	1906-10-06	NA	279	279	1906	10	6	6 Oct 1906	NA	NA	NA	NA	NA	NA	NA	NA	NA	South Pacific Ocean; Ecuador; Galapagos Prov.; Galapagos Ids.; Isabela Id.	SOUTH_AMERICA	South Pacific Ocean	Galapagos Ids.	Isabela Id.	EC	Galapagos Prov.	NA	NA	Villamil Mtn	Vilamil Mt., Albemarle Isl., Galapagos Arch.	NA	NA	NA	NA	NA	NA	NA	-0.911944	-91.123611	9656.08	NA	NA	NA	NA	NA	NA	NA	NA	NA	NA	Google Earth, 2013.	NA	NA	NA	NA	NA	NA	NA	NA	NA	NA	NA	NA	NA	NA	NA	NA	NA	NA	NA	NA	NA	NA	NA	NA	NA	NA	NA	NA	NA	NA	NA	C6Q42	NA	NA	NA	NA	NA	Chelonoidis guntheri (Baur, 1889)	NA	NA	NA	NA	NA	NA	Animalia; Chordata; Reptilia; Testudines; Testudinidae	Animalia	Chordata	Reptilia	Testudines	Testudinoidea	Testudinidae	NA	NA	NA	Chelonoidis	Chelonoidis	NA	NA	guntheri	NA	NA	SPECIES	NA	NA	NA	SYNONYM	NA	NA	cece4fc2-1fec-4bb5-a335-7252548e3f0b	US	2026-09-07 00:06:33	NA	NA	NA	NA	NA	COORDINATE_ROUNDED;CONTINENT_DERIVED_FROM_COORDINATES	NA	COORDINATE_ROUNDED;CONTINENT_DERIVED_FROM_COORDINATES	StillImage	TRUE	FALSE	8GPG2	C6Q42	N	CH2	RP	477	87BWY	626NZ	NA	NA	NA	3MPP	NA	5Y2Z9	Chelonoidis niger	Chelonoidis niger guntheri (Baur, 1889)	Chelonoidis guntheri	NA	EML	2026-09-07 00:06:33	2026-09-07 00:01:45	NA	TRUE	NA	NA	FALSE	LATIN_AMERICA	NORTH_AMERICA	ECU	Ecuador	ECU.9_1	Galápagos	ECU.9.1_1	Isabela	ECU.9.1.2_1	Tomas De Berlanga (Santo Tomas)	NA
543675454	NA	NA	NA	CC0_1_0	2024-01-04 14:21:00	California Academy of Sciences	NA	NA	NA	http://grbio.org/institution/california-academy-sciences	http://grscicoll.org/institutional-collection/herpetology-0	NA	CAS	HERP	NA	NA	PRESERVED_SPECIMEN	NA	NA	NA	urn:catalog:CAS:HERP:8485	8485	3680	E.W. Gifford	NA	NA	NA	NA	NA	Adult	NA	NA	NA	NA	NA	NA	NA	NA	PRESENT	Dry	NA	NA	NA	NA	NA	NA	Miscellaneous postcrania in skeletal collection.	NA	NA	NA	NA	NA	NA	NA	NA	NA	NA	NA	NA	NA	NA	1906-06-28	NA	179	179	1906	6	28	28 Jun 1906	NA	NA	NA	NA	NA	NA	NA	NA	NA	South Pacific Ocean; Ecuador; Galapagos Prov.; Galapagos Ids.; Espanola Id.	SOUTH_AMERICA	South Pacific Ocean	Galapagos Ids.	Espanola Id.	EC	Galapagos Prov.	NA	NA	NA	Hood Island, Galapagos Arch.	NA	NA	NA	NA	NA	NA	NA	-1.354167	-89.659861	NA	NA	NA	NA	NA	NA	NA	NA	NA	NA	NA	Google Earth, 2013.	NA	NA	NA	NA	NA	NA	NA	NA	NA	NA	NA	NA	NA	NA	NA	NA	NA	NA	NA	NA	NA	NA	NA	NA	NA	NA	NA	NA	NA	NA	NA	TVGD	NA	NA	NA	NA	NA	Chelonia mydas (Linnaeus, 1758)	NA	NA	NA	NA	NA	NA	Animalia; Chordata; Reptilia; Testudines; Cheloniidae	Animalia	Chordata	Reptilia	Testudines	Chelonioidea	Cheloniidae	NA	NA	NA	Chelonia	Chelonia	NA	NA	mydas	NA	NA	SPECIES	NA	NA	NA	ACCEPTED	NA	NA	cece4fc2-1fec-4bb5-a335-7252548e3f0b	US	2026-09-07 00:06:40	NA	NA	NA	NA	NA	COORDINATE_ROUNDED;CONTINENT_DERIVED_FROM_COORDINATES	NA	COORDINATE_ROUNDED;CONTINENT_DERIVED_FROM_COORDINATES	StillImage	TRUE	FALSE	TVGD	TVGD	N	CH2	RP	477	87BWH	83J	NA	NA	NA	3MPC	NA	TVGD	Chelonia mydas	Chelonia mydas (Linnaeus, 1758)	Chelonia mydas	NA	EML	2026-09-07 00:06:40	2026-09-07 00:01:45	NA	TRUE	NA	NA	FALSE	LATIN_AMERICA	NORTH_AMERICA	ECU	Ecuador	ECU.9_1	Galápagos	ECU.9.2_1	San Cristóbal	ECU.9.2.2_1	Isla Santa Mara (Floreana) (Cab.	LC
543672588	NA	NA	NA	CC0_1_0	2024-01-04 14:21:00	California Academy of Sciences	NA	NA	NA	http://grbio.org/institution/california-academy-sciences	http://grscicoll.org/institutional-collection/herpetology-0	NA	CAS	HERP	NA	NA	PRESERVED_SPECIMEN	NA	NA	NA	urn:catalog:CAS:HERP:8227	8227	4465	J.R. Slevin	NA	NA	NA	NA	Female	NA	NA	NA	NA	NA	NA	NA	NA	NA	PRESENT	Dry	NA	NA	NA	NA	NA	NA	Bought of Native Collector.	NA	NA	NA	NA	NA	NA	NA	NA	NA	NA	NA	NA	NA	NA	1906-10-01	NA	274	274	1906	10	1	1 Oct 1906	NA	NA	NA	NA	NA	NA	NA	NA	NA	South Pacific Ocean; Ecuador; Galapagos Prov.; Galapagos Ids.; Isabela Id.	SOUTH_AMERICA	South Pacific Ocean	Galapagos Ids.	Isabela Id.	EC	Galapagos Prov.	NA	NA	Villamil Mtn	Vilamil Mt., Albemarle Isl., Galapagos Arch.	NA	NA	NA	NA	NA	NA	NA	-0.911944	-91.123611	9656.08	NA	NA	NA	NA	NA	NA	NA	NA	NA	NA	Google Earth, 2013.	NA	NA	NA	NA	NA	NA	NA	NA	NA	NA	NA	NA	NA	NA	NA	NA	NA	NA	NA	NA	NA	NA	NA	NA	NA	NA	NA	NA	NA	NA	NA	C6Q49	NA	NA	NA	NA	NA	Chelonoidis vicina (Günther, 1875)	NA	NA	NA	NA	NA	NA	Animalia; Chordata; Reptilia; Testudines; Testudinidae	Animalia	Chordata	Reptilia	Testudines	Testudinoidea	Testudinidae	NA	NA	NA	Chelonoidis	Chelonoidis	NA	NA	vicina	NA	NA	SPECIES	NA	NA	NA	SYNONYM	NA	NA	cece4fc2-1fec-4bb5-a335-7252548e3f0b	US	2026-09-07 00:06:40	NA	NA	NA	NA	NA	COORDINATE_ROUNDED;CONTINENT_DERIVED_FROM_COORDINATES	NA	COORDINATE_ROUNDED;CONTINENT_DERIVED_FROM_COORDINATES	StillImage	TRUE	FALSE	TVLL	C6Q49	N	CH2	RP	477	87BWY	626NZ	NA	NA	NA	3MPP	NA	5Y2Z9	Chelonoidis niger	Chelonoidis niger vicina (Günther, 1874)	Chelonoidis vicina	NA	EML	2026-09-07 00:06:40	2026-09-07 00:01:45	NA	TRUE	NA	NA	FALSE	LATIN_AMERICA	NORTH_AMERICA	ECU	Ecuador	ECU.9_1	Galápagos	ECU.9.1_1	Isabela	ECU.9.1.2_1	Tomas De Berlanga (Santo Tomas)	NA
543672844	NA	NA	NA	CC0_1_0	2024-01-04 14:21:00	California Academy of Sciences	NA	NA	NA	http://grbio.org/institution/california-academy-sciences	http://grscicoll.org/institutional-collection/herpetology-0	NA	CAS	HERP	NA	NA	PRESERVED_SPECIMEN	NA	NA	NA	urn:catalog:CAS:HERP:8250	8250	4490	J.R. Slevin	NA	NA	NA	NA	Female	NA	NA	NA	NA	NA	NA	NA	NA	NA	PRESENT	Dry	NA	NA	NA	NA	NA	NA	Bought of Native Collector.	NA	NA	NA	NA	NA	NA	NA	NA	NA	NA	NA	NA	NA	NA	1906-10-08	NA	281	281	1906	10	8	8 Oct 1906	NA	NA	NA	NA	NA	NA	NA	NA	NA	South Pacific Ocean; Ecuador; Galapagos Prov.; Galapagos Ids.; Isabela Id.	SOUTH_AMERICA	South Pacific Ocean	Galapagos Ids.	Isabela Id.	EC	Galapagos Prov.	NA	NA	Villamil Mtn	Vilamil Mt., Albemarle Isl., Galapagos Arch.	NA	NA	NA	NA	NA	NA	NA	-0.911944	-91.123611	9656.08	NA	NA	NA	NA	NA	NA	NA	NA	NA	NA	Google Earth, 2013.	NA	NA	NA	NA	NA	NA	NA	NA	NA	NA	NA	NA	NA	NA	NA	NA	NA	NA	NA	NA	NA	NA	NA	NA	NA	NA	NA	NA	NA	NA	NA	C6Q42	NA	NA	NA	NA	NA	Chelonoidis guntheri (Baur, 1889)	NA	NA	NA	NA	NA	NA	Animalia; Chordata; Reptilia; Testudines; Testudinidae	Animalia	Chordata	Reptilia	Testudines	Testudinoidea	Testudinidae	NA	NA	NA	Chelonoidis	Chelonoidis	NA	NA	guntheri	NA	NA	SPECIES	NA	NA	NA	SYNONYM	NA	NA	cece4fc2-1fec-4bb5-a335-7252548e3f0b	US	2026-09-07 00:06:40	NA	NA	NA	NA	NA	COORDINATE_ROUNDED;CONTINENT_DERIVED_FROM_COORDINATES	NA	COORDINATE_ROUNDED;CONTINENT_DERIVED_FROM_COORDINATES	StillImage	TRUE	FALSE	8GPG2	C6Q42	N	CH2	RP	477	87BWY	626NZ	NA	NA	NA	3MPP	NA	5Y2Z9	Chelonoidis niger	Chelonoidis niger guntheri (Baur, 1889)	Chelonoidis guntheri	NA	EML	2026-09-07 00:06:40	2026-09-07 00:01:45	NA	TRUE	NA	NA	FALSE	LATIN_AMERICA	NORTH_AMERICA	ECU	Ecuador	ECU.9_1	Galápagos	ECU.9.1_1	Isabela	ECU.9.1.2_1	Tomas De Berlanga (Santo Tomas)	NA
543675821	NA	NA	NA	CC0_1_0	2024-01-04 14:21:00	California Academy of Sciences	NA	NA	NA	http://grbio.org/institution/california-academy-sciences	http://grscicoll.org/institutional-collection/herpetology-0	NA	CAS	HERP	NA	NA	PRESERVED_SPECIMEN	NA	NA	NA	urn:catalog:CAS:HERP:8518	8518	NA	R.H. Beck	NA	NA	NA	NA	NA	Adult	NA	NA	NA	NA	NA	NA	NA	NA	PRESENT	Dry	NA	NA	NA	NA	NA	NA	NA	NA	NA	NA	NA	NA	NA	NA	NA	NA	NA	NA	NA	NA	NA	1906-07-16	NA	197	197	1906	7	16	16 Jul 1906	NA	NA	NA	NA	NA	NA	NA	NA	NA	South Pacific Ocean; Ecuador; Galapagos Prov.; Galapagos Ids.; Santa Cruz Id.	SOUTH_AMERICA	South Pacific Ocean	Galapagos Ids.	Santa Cruz Id.	EC	Galapagos Prov.	NA	NA	NA	Indefatigable Isl. Galapagos Arch.	NA	NA	NA	NA	NA	NA	NA	-0.747222	-90.308889	NA	NA	NA	NA	NA	NA	NA	NA	NA	NA	NA	Google Earth, 2013.	NA	NA	NA	NA	NA	NA	NA	NA	NA	NA	NA	NA	NA	NA	NA	NA	NA	NA	NA	NA	NA	NA	NA	NA	NA	NA	NA	NA	NA	NA	NA	TVGD	NA	NA	NA	NA	NA	Chelonia mydas (Linnaeus, 1758)	NA	NA	NA	NA	NA	NA	Animalia; Chordata; Reptilia; Testudines; Cheloniidae	Animalia	Chordata	Reptilia	Testudines	Chelonioidea	Cheloniidae	NA	NA	NA	Chelonia	Chelonia	NA	NA	mydas	NA	NA	SPECIES	NA	NA	NA	ACCEPTED	NA	NA	cece4fc2-1fec-4bb5-a335-7252548e3f0b	US	2026-09-07 00:06:40	NA	NA	NA	NA	NA	COORDINATE_ROUNDED;CONTINENT_DERIVED_FROM_COORDINATES	NA	COORDINATE_ROUNDED;CONTINENT_DERIVED_FROM_COORDINATES	StillImage	TRUE	FALSE	TVGD	TVGD	N	CH2	RP	477	87BWH	83J	NA	NA	NA	3MPC	NA	TVGD	Chelonia mydas	Chelonia mydas (Linnaeus, 1758)	Chelonia mydas	NA	EML	2026-09-07 00:06:40	2026-09-07 00:01:45	NA	TRUE	NA	NA	FALSE	LATIN_AMERICA	NORTH_AMERICA	NA	NA	NA	NA	NA	NA	NA	NA	LC
543674522	NA	NA	NA	CC0_1_0	2024-01-04 14:21:00	California Academy of Sciences	NA	NA	NA	http://grbio.org/institution/california-academy-sciences	http://grscicoll.org/institutional-collection/herpetology-0	NA	CAS	HERP	NA	NA	PRESERVED_SPECIMEN	NA	NA	NA	urn:catalog:CAS:HERP:8401	8401	NA	J.R. Slevin and R.H. Beck	NA	NA	NA	NA	NA	Adult	NA	NA	NA	NA	NA	NA	NA	NA	PRESENT	Dry	NA	NA	NA	NA	NA	NA	Skull.	NA	NA	NA	NA	NA	NA	NA	NA	NA	NA	NA	NA	NA	NA	1906-08-24	NA	236	236	1906	8	24	24 Aug 1906	NA	NA	NA	NA	NA	NA	NA	NA	NA	South Pacific Ocean; Ecuador; Galapagos Prov.; Galapagos Ids.; Isabela Id.	SOUTH_AMERICA	South Pacific Ocean	Galapagos Ids.	Isabela Id.	EC	Galapagos Prov.	NA	NA	Villamil Mtn	Vilamil Mt. Albemarle Isl. Galapagos Arch.	NA	NA	NA	NA	NA	NA	NA	-0.841667	-91.163333	NA	NA	NA	NA	NA	NA	NA	NA	NA	NA	NA	Google Earth, 2013.	NA	NA	NA	NA	NA	NA	NA	NA	NA	NA	NA	NA	NA	NA	NA	NA	NA	NA	NA	NA	NA	NA	NA	NA	NA	NA	NA	NA	NA	NA	NA	C6Q42	NA	NA	NA	NA	NA	Chelonoidis guntheri (Baur, 1889)	NA	NA	NA	NA	NA	NA	Animalia; Chordata; Reptilia; Testudines; Testudinidae	Animalia	Chordata	Reptilia	Testudines	Testudinoidea	Testudinidae	NA	NA	NA	Chelonoidis	Chelonoidis	NA	NA	guntheri	NA	NA	SPECIES	NA	NA	NA	SYNONYM	NA	NA	cece4fc2-1fec-4bb5-a335-7252548e3f0b	US	2026-09-07 00:06:40	NA	NA	NA	NA	NA	COORDINATE_ROUNDED;CONTINENT_DERIVED_FROM_COORDINATES	NA	COORDINATE_ROUNDED;CONTINENT_DERIVED_FROM_COORDINATES	StillImage	TRUE	FALSE	8GPG2	C6Q42	N	CH2	RP	477	87BWY	626NZ	NA	NA	NA	3MPP	NA	5Y2Z9	Chelonoidis niger	Chelonoidis niger guntheri (Baur, 1889)	Chelonoidis guntheri	NA	EML	2026-09-07 00:06:40	2026-09-07 00:01:45	NA	TRUE	NA	NA	FALSE	LATIN_AMERICA	NORTH_AMERICA	ECU	Ecuador	ECU.9_1	Galápagos	ECU.9.1_1	Isabela	ECU.9.1.2_1	Tomas De Berlanga (Santo Tomas)	NA
543675576	NA	NA	NA	CC0_1_0	2024-01-04 14:21:00	California Academy of Sciences	NA	NA	NA	http://grbio.org/institution/california-academy-sciences	http://grscicoll.org/institutional-collection/herpetology-0	NA	CAS	HERP	NA	NA	PRESERVED_SPECIMEN	NA	NA	NA	urn:catalog:CAS:HERP:8496	8496	3779	F.T. Nelson	NA	NA	NA	NA	Female	Adult	NA	NA	NA	NA	NA	NA	NA	NA	PRESENT	Dry	NA	NA	NA	NA	NA	NA	Killed 26 Jul 1906.	NA	NA	NA	NA	NA	NA	NA	NA	NA	NA	NA	NA	NA	NA	1906-07-24	NA	205	205	1906	7	24	24 Jul 1906	NA	NA	NA	NA	NA	NA	NA	NA	NA	South Pacific Ocean; Ecuador; Galapagos Prov.; Galapagos Ids.; Santa Cruz Id.	SOUTH_AMERICA	South Pacific Ocean	Galapagos Ids.	Santa Cruz Id.	EC	Galapagos Prov.	NA	NA	beach near Conway Bay	Indefatigable Isl. Galapagos Arch. Beach near Conway Bay.	NA	NA	NA	NA	NA	NA	NA	-0.561111	-90.528333	NA	NA	NA	NA	NA	NA	NA	NA	NA	NA	NA	Google Earth, 2013.	NA	NA	NA	NA	NA	NA	NA	NA	NA	NA	NA	NA	NA	NA	NA	NA	NA	NA	NA	NA	NA	NA	NA	NA	NA	NA	NA	NA	NA	NA	NA	TVGD	NA	NA	NA	NA	NA	Chelonia mydas (Linnaeus, 1758)	NA	NA	NA	NA	NA	NA	Animalia; Chordata; Reptilia; Testudines; Cheloniidae	Animalia	Chordata	Reptilia	Testudines	Chelonioidea	Cheloniidae	NA	NA	NA	Chelonia	Chelonia	NA	NA	mydas	NA	NA	SPECIES	NA	NA	NA	ACCEPTED	NA	NA	cece4fc2-1fec-4bb5-a335-7252548e3f0b	US	2026-09-07 00:06:40	NA	NA	NA	NA	NA	COORDINATE_ROUNDED;CONTINENT_DERIVED_FROM_COORDINATES	NA	COORDINATE_ROUNDED;CONTINENT_DERIVED_FROM_COORDINATES	StillImage	TRUE	FALSE	TVGD	TVGD	N	CH2	RP	477	87BWH	83J	NA	NA	NA	3MPC	NA	TVGD	Chelonia mydas	Chelonia mydas (Linnaeus, 1758)	Chelonia mydas	NA	EML	2026-09-07 00:06:40	2026-09-07 00:01:45	NA	TRUE	NA	NA	FALSE	LATIN_AMERICA	NORTH_AMERICA	ECU	Ecuador	ECU.9_1	Galápagos	ECU.9.3_1	Santa Cruz	ECU.9.3.3_1	Santa Rosa	LC
543675888	NA	NA	NA	CC0_1_0	2024-01-04 14:21:00	California Academy of Sciences	NA	NA	NA	http://grbio.org/institution/california-academy-sciences	http://grscicoll.org/institutional-collection/herpetology-0	NA	CAS	HERP	NA	NA	PRESERVED_SPECIMEN	NA	NA	NA	urn:catalog:CAS:HERP:8524	8524	NA	R.H. Beck	NA	NA	NA	NA	NA	Adult	NA	NA	NA	NA	NA	NA	NA	NA	PRESENT	Dry	NA	NA	NA	NA	NA	NA	NA	NA	NA	NA	NA	NA	NA	NA	NA	NA	NA	NA	NA	NA	NA	1906-07-16	NA	197	197	1906	7	16	16 Jul 1906	NA	NA	NA	NA	NA	NA	NA	NA	NA	South Pacific Ocean; Ecuador; Galapagos Prov.; Galapagos Ids.; Santa Cruz Id.	SOUTH_AMERICA	South Pacific Ocean	Galapagos Ids.	Santa Cruz Id.	EC	Galapagos Prov.	NA	NA	NA	Indefatigable Isl. Galapagos Arch.	NA	NA	NA	NA	NA	NA	NA	-0.747222	-90.308889	NA	NA	NA	NA	NA	NA	NA	NA	NA	NA	NA	Google Earth, 2013.	NA	NA	NA	NA	NA	NA	NA	NA	NA	NA	NA	NA	NA	NA	NA	NA	NA	NA	NA	NA	NA	NA	NA	NA	NA	NA	NA	NA	NA	NA	NA	TVGD	NA	NA	NA	NA	NA	Chelonia mydas (Linnaeus, 1758)	NA	NA	NA	NA	NA	NA	Animalia; Chordata; Reptilia; Testudines; Cheloniidae	Animalia	Chordata	Reptilia	Testudines	Chelonioidea	Cheloniidae	NA	NA	NA	Chelonia	Chelonia	NA	NA	mydas	NA	NA	SPECIES	NA	NA	NA	ACCEPTED	NA	NA	cece4fc2-1fec-4bb5-a335-7252548e3f0b	US	2026-09-07 00:06:40	NA	NA	NA	NA	NA	COORDINATE_ROUNDED;CONTINENT_DERIVED_FROM_COORDINATES	NA	COORDINATE_ROUNDED;CONTINENT_DERIVED_FROM_COORDINATES	StillImage	TRUE	FALSE	TVGD	TVGD	N	CH2	RP	477	87BWH	83J	NA	NA	NA	3MPC	NA	TVGD	Chelonia mydas	Chelonia mydas (Linnaeus, 1758)	Chelonia mydas	NA	EML	2026-09-07 00:06:40	2026-09-07 00:01:45	NA	TRUE	NA	NA	FALSE	LATIN_AMERICA	NORTH_AMERICA	NA	NA	NA	NA	NA	NA	NA	NA	LC
543671222	NA	NA	NA	CC0_1_0	2024-01-04 14:21:00	California Academy of Sciences	NA	NA	NA	http://grbio.org/institution/california-academy-sciences	http://grscicoll.org/institutional-collection/herpetology-0	NA	CAS	HERP	NA	NA	PRESERVED_SPECIMEN	NA	NA	NA	urn:catalog:CAS:HERP:8104	8104	NA	R.H. Beck	NA	NA	NA	NA	NA	Adult	NA	NA	NA	NA	NA	NA	NA	NA	PRESENT	Dry	NA	NA	NA	NA	NA	NA	Slevin's notes give locality as 'James Island about 5 miles NW of Sullivan Bay and 5 miles inland; elevation by barmeter 650 ft.'	NA	NA	NA	NA	NA	NA	NA	NA	NA	NA	NA	NA	NA	NA	1906-08-04	NA	216	216	1906	8	4	4 Aug 1906	NA	NA	NA	NA	NA	NA	NA	NA	NA	South Pacific Ocean; Ecuador; Galapagos Prov.; Galapagos Ids.; San Salvador Id.	SOUTH_AMERICA	South Pacific Ocean	Galapagos Ids.	San Salvador Id.	EC	Galapagos Prov.	NA	NA	ca 5 mi NW of Sullivan Bay and 5 mi inland	James Isl. Galapagos Archipelago	650 ft	NA	NA	NA	NA	NA	NA	-0.257931	-90.662006	NA	NA	NA	NA	NA	NA	NA	NA	NA	NA	NA	Google Earth, 2013.	NA	NA	NA	NA	NA	NA	NA	NA	NA	NA	NA	NA	NA	NA	NA	NA	NA	NA	NA	NA	NA	NA	NA	NA	NA	NA	NA	NA	NA	NA	NA	C6Q3X	NA	NA	NA	NA	NA	Chelonoidis darwini (Van Denburgh, 1907)	NA	NA	NA	NA	NA	NA	Animalia; Chordata; Reptilia; Testudines; Testudinidae	Animalia	Chordata	Reptilia	Testudines	Testudinoidea	Testudinidae	NA	NA	NA	Chelonoidis	Chelonoidis	NA	NA	darwini	NA	NA	SPECIES	NA	NA	NA	SYNONYM	NA	NA	cece4fc2-1fec-4bb5-a335-7252548e3f0b	US	2026-09-07 00:06:38	198.12	NA	NA	NA	NA	COORDINATE_ROUNDED;CONTINENT_DERIVED_FROM_COORDINATES	NA	COORDINATE_ROUNDED;CONTINENT_DERIVED_FROM_COORDINATES	StillImage	TRUE	FALSE	TVL7	C6Q3X	N	CH2	RP	477	87BWY	626NZ	NA	NA	NA	3MPP	NA	5Y2Z9	Chelonoidis niger	Chelonoidis niger darwini (Van Denburgh, 1907)	Chelonoidis darwini	NA	EML	2026-09-07 00:06:38	2026-09-07 00:01:45	NA	TRUE	NA	NA	FALSE	LATIN_AMERICA	NORTH_AMERICA	ECU	Ecuador	ECU.9_1	Galápagos	ECU.9.3_1	Santa Cruz	ECU.9.3.1_1	Bellavista	NA
543673977	NA	NA	NA	CC0_1_0	2024-01-04 14:21:00	California Academy of Sciences	NA	NA	NA	http://grbio.org/institution/california-academy-sciences	http://grscicoll.org/institutional-collection/herpetology-0	NA	CAS	HERP	NA	NA	PRESERVED_SPECIMEN	NA	NA	NA	urn:catalog:CAS:HERP:8352	8352	3971	R.H. Beck	NA	NA	NA	NA	Female	Adult	NA	NA	NA	NA	NA	NA	NA	NA	PRESENT	Dry	NA	NA	NA	NA	NA	NA	NA	NA	NA	NA	NA	NA	NA	NA	NA	NA	NA	NA	NA	NA	NA	1906-08-14	NA	226	226	1906	8	14	14-15 Aug 1906	NA	NA	NA	NA	NA	NA	NA	NA	NA	South Pacific Ocean; Ecuador; Galapagos Prov.; Galapagos Ids.; Pinzon Id.	SOUTH_AMERICA	South Pacific Ocean	Galapagos Ids.	Pinzon Id.	EC	Galapagos Prov.	NA	NA	NA	Duncan Island, Galapagos Arch.	NA	NA	NA	NA	NA	NA	NA	-0.613056	-90.677778	NA	NA	NA	NA	NA	NA	NA	NA	NA	NA	NA	Google Earth, 2013.	NA	NA	NA	NA	NA	NA	NA	NA	NA	NA	NA	NA	NA	NA	NA	NA	NA	NA	NA	NA	NA	NA	NA	NA	NA	NA	NA	NA	NA	NA	NA	C6Q3Z	NA	NA	NA	NA	NA	Chelonoidis duncanensis (Pritchard, 1996)	NA	NA	NA	NA	NA	NA	Animalia; Chordata; Reptilia; Testudines; Testudinidae	Animalia	Chordata	Reptilia	Testudines	Testudinoidea	Testudinidae	NA	NA	NA	Chelonoidis	Chelonoidis	NA	NA	duncanensis	NA	NA	SPECIES	NA	NA	NA	SYNONYM	NA	NA	cece4fc2-1fec-4bb5-a335-7252548e3f0b	US	2026-09-07 00:06:38	NA	NA	NA	NA	NA	COORDINATE_ROUNDED;CONTINENT_DERIVED_FROM_COORDINATES	NA	COORDINATE_ROUNDED;CONTINENT_DERIVED_FROM_COORDINATES	StillImage	TRUE	FALSE	MVBKH	C6Q3Z	N	CH2	RP	477	87BWY	626NZ	NA	NA	NA	3MPP	NA	5Y2Z9	Chelonoidis niger	Chelonoidis niger duncanensis (Pritchard, 1996)	Chelonoidis duncanensis	NA	EML	2026-09-07 00:06:38	2026-09-07 00:01:45	NA	TRUE	NA	NA	FALSE	LATIN_AMERICA	NORTH_AMERICA	ECU	Ecuador	ECU.9_1	Galápagos	ECU.9.3_1	Santa Cruz	ECU.9.3.3_1	Santa Rosa	NA
543672110	NA	NA	NA	CC0_1_0	2024-01-04 14:21:00	California Academy of Sciences	NA	NA	NA	http://grbio.org/institution/california-academy-sciences	http://grscicoll.org/institutional-collection/herpetology-0	NA	CAS	HERP	NA	NA	PRESERVED_SPECIMEN	NA	NA	NA	urn:catalog:CAS:HERP:8184	8184	2896	R.H. Beck	NA	NA	NA	NA	NA	Adult	NA	NA	NA	NA	NA	NA	NA	NA	PRESENT	Dry	NA	NA	NA	NA	NA	NA	On board 16 Mar 1906.  Miscellaneous postcrania in skeletal collection.	NA	NA	NA	NA	NA	NA	NA	NA	NA	NA	NA	NA	NA	NA	1906-03-12	NA	71	71	1906	3	12	12 Mar 1906	NA	NA	NA	NA	NA	NA	NA	NA	NA	South Pacific Ocean; Ecuador; Galapagos Prov.; Galapagos Ids.; Isabela Id.	SOUTH_AMERICA	South Pacific Ocean	Galapagos Ids.	Isabela Id.	EC	Galapagos Prov.	NA	NA	Cobos Settlement, 'Bull beef' Anchorage	Cobos Settlement Albermarle Isl. Galapagos Arch.  'Bull beef' Anchorage.	NA	NA	NA	NA	NA	NA	NA	-1.004917	-91.093778	NA	NA	NA	NA	NA	NA	NA	NA	NA	NA	NA	Google Earth, 2013.	NA	NA	NA	NA	NA	NA	NA	NA	NA	NA	NA	NA	NA	NA	NA	NA	NA	NA	NA	NA	NA	NA	NA	NA	NA	NA	NA	NA	NA	NA	NA	C6Q49	NA	NA	NA	NA	NA	Chelonoidis vicina (Günther, 1875)	NA	NA	NA	NA	NA	NA	Animalia; Chordata; Reptilia; Testudines; Testudinidae	Animalia	Chordata	Reptilia	Testudines	Testudinoidea	Testudinidae	NA	NA	NA	Chelonoidis	Chelonoidis	NA	NA	vicina	NA	NA	SPECIES	NA	NA	NA	SYNONYM	NA	NA	cece4fc2-1fec-4bb5-a335-7252548e3f0b	US	2026-09-07 00:06:33	NA	NA	NA	NA	NA	COORDINATE_ROUNDED;CONTINENT_DERIVED_FROM_COORDINATES	NA	COORDINATE_ROUNDED;CONTINENT_DERIVED_FROM_COORDINATES	StillImage	TRUE	FALSE	TVLL	C6Q49	N	CH2	RP	477	87BWY	626NZ	NA	NA	NA	3MPP	NA	5Y2Z9	Chelonoidis niger	Chelonoidis niger vicina (Günther, 1874)	Chelonoidis vicina	NA	EML	2026-09-07 00:06:33	2026-09-07 00:01:45	NA	TRUE	NA	NA	FALSE	LATIN_AMERICA	NORTH_AMERICA	ECU	Ecuador	ECU.9_1	Galápagos	ECU.9.1_1	Isabela	ECU.9.1.2_1	Tomas De Berlanga (Santo Tomas)	NA
543672322	NA	NA	NA	CC0_1_0	2024-01-04 14:21:00	California Academy of Sciences	NA	NA	NA	http://grbio.org/institution/california-academy-sciences	http://grscicoll.org/institutional-collection/herpetology-0	NA	CAS	HERP	NA	NA	PRESERVED_SPECIMEN	NA	NA	NA	urn:catalog:CAS:HERP:8203	8203	4007	J.R. Slevin	NA	NA	NA	NA	Female	Adult	NA	NA	NA	NA	NA	NA	NA	NA	PRESENT	Dry	NA	NA	NA	NA	NA	NA	Bought of Native Collector.  Miscellaneous postcrania in skeletal collection.	NA	NA	NA	NA	NA	NA	NA	NA	NA	NA	NA	NA	NA	NA	1906-09-07	NA	250	250	1906	9	7	7 Sep 1906	NA	NA	NA	NA	NA	NA	NA	NA	NA	South Pacific Ocean; Ecuador; Galapagos Prov.; Galapagos Ids.; Isabela Id.	SOUTH_AMERICA	South Pacific Ocean	Galapagos Ids.	Isabela Id.	EC	Galapagos Prov.	NA	NA	vicinty of Villamil Mtn	Vic. Vilamil Mt., Albemarle Isl., Galapagos Arch.	NA	NA	NA	NA	NA	NA	NA	-0.911944	-91.123611	9656.08	NA	NA	NA	NA	NA	NA	NA	NA	NA	NA	Google Earth, 2013.	NA	NA	NA	NA	NA	NA	NA	NA	NA	NA	NA	NA	NA	NA	NA	NA	NA	NA	NA	NA	NA	NA	NA	NA	NA	NA	NA	NA	NA	NA	NA	C6Q49	NA	NA	NA	NA	NA	Chelonoidis vicina (Günther, 1875)	NA	NA	NA	NA	NA	NA	Animalia; Chordata; Reptilia; Testudines; Testudinidae	Animalia	Chordata	Reptilia	Testudines	Testudinoidea	Testudinidae	NA	NA	NA	Chelonoidis	Chelonoidis	NA	NA	vicina	NA	NA	SPECIES	NA	NA	NA	SYNONYM	NA	NA	cece4fc2-1fec-4bb5-a335-7252548e3f0b	US	2026-09-07 00:06:33	NA	NA	NA	NA	NA	COORDINATE_ROUNDED;CONTINENT_DERIVED_FROM_COORDINATES	NA	COORDINATE_ROUNDED;CONTINENT_DERIVED_FROM_COORDINATES	StillImage	TRUE	FALSE	TVLL	C6Q49	N	CH2	RP	477	87BWY	626NZ	NA	NA	NA	3MPP	NA	5Y2Z9	Chelonoidis niger	Chelonoidis niger vicina (Günther, 1874)	Chelonoidis vicina	NA	EML	2026-09-07 00:06:33	2026-09-07 00:01:45	NA	TRUE	NA	NA	FALSE	LATIN_AMERICA	NORTH_AMERICA	ECU	Ecuador	ECU.9_1	Galápagos	ECU.9.1_1	Isabela	ECU.9.1.2_1	Tomas De Berlanga (Santo Tomas)	NA
543672910	NA	NA	NA	CC0_1_0	2024-01-04 14:21:00	California Academy of Sciences	NA	NA	NA	http://grbio.org/institution/california-academy-sciences	http://grscicoll.org/institutional-collection/herpetology-0	NA	CAS	HERP	NA	NA	PRESERVED_SPECIMEN	NA	NA	NA	urn:catalog:CAS:HERP:8256	8256	4497	J.R. Slevin	NA	NA	NA	NA	Male	Adult	NA	NA	NA	NA	NA	NA	NA	NA	PRESENT	Dry	NA	NA	NA	NA	NA	NA	Bought of Native Collector.  Skull in Skel.	NA	NA	NA	NA	NA	NA	NA	NA	NA	NA	NA	NA	NA	NA	1906-10-11	NA	284	284	1906	10	11	11 Oct 1906	NA	NA	NA	NA	NA	NA	NA	NA	NA	South Pacific Ocean; Ecuador; Galapagos Prov.; Galapagos Ids.; Isabela Id.	SOUTH_AMERICA	South Pacific Ocean	Galapagos Ids.	Isabela Id.	EC	Galapagos Prov.	NA	NA	Villamil Mtn	Vilamil Mt., Albemarle Isl., Galapagos Arch.	NA	NA	NA	NA	NA	NA	NA	-0.911944	-91.123611	9656.08	NA	NA	NA	NA	NA	NA	NA	NA	NA	NA	Google Earth, 2013.	NA	NA	NA	NA	NA	NA	NA	NA	NA	NA	NA	NA	NA	NA	NA	NA	NA	NA	NA	NA	NA	NA	NA	NA	NA	NA	NA	NA	NA	NA	NA	C6Q42	NA	NA	NA	NA	NA	Chelonoidis guntheri (Baur, 1889)	NA	NA	NA	NA	NA	NA	Animalia; Chordata; Reptilia; Testudines; Testudinidae	Animalia	Chordata	Reptilia	Testudines	Testudinoidea	Testudinidae	NA	NA	NA	Chelonoidis	Chelonoidis	NA	NA	guntheri	NA	NA	SPECIES	NA	NA	NA	SYNONYM	NA	NA	cece4fc2-1fec-4bb5-a335-7252548e3f0b	US	2026-09-07 00:06:33	NA	NA	NA	NA	NA	COORDINATE_ROUNDED;CONTINENT_DERIVED_FROM_COORDINATES	NA	COORDINATE_ROUNDED;CONTINENT_DERIVED_FROM_COORDINATES	StillImage	TRUE	FALSE	8GPG2	C6Q42	N	CH2	RP	477	87BWY	626NZ	NA	NA	NA	3MPP	NA	5Y2Z9	Chelonoidis niger	Chelonoidis niger guntheri (Baur, 1889)	Chelonoidis guntheri	NA	EML	2026-09-07 00:06:33	2026-09-07 00:01:45	NA	TRUE	NA	NA	FALSE	LATIN_AMERICA	NORTH_AMERICA	ECU	Ecuador	ECU.9_1	Galápagos	ECU.9.1_1	Isabela	ECU.9.1.2_1	Tomas De Berlanga (Santo Tomas)	NA
543674655	NA	NA	NA	CC0_1_0	2024-01-04 14:21:00	California Academy of Sciences	NA	NA	NA	http://grbio.org/institution/california-academy-sciences	http://grscicoll.org/institutional-collection/herpetology-0	NA	CAS	HERP	NA	NA	PRESERVED_SPECIMEN	NA	NA	NA	urn:catalog:CAS:HERP:8413	8413	NA	J.R. Slevin and R.H. Beck	NA	NA	NA	NA	NA	Adult	NA	NA	NA	NA	NA	NA	NA	NA	PRESENT	Dry	NA	NA	NA	NA	NA	NA	Skull.	NA	NA	NA	NA	NA	NA	NA	NA	NA	NA	NA	NA	NA	NA	1906-08-24	NA	236	236	1906	8	24	24 Aug 1906	NA	NA	NA	NA	NA	NA	NA	NA	NA	South Pacific Ocean; Ecuador; Galapagos Prov.; Galapagos Ids.; Isabela Id.	SOUTH_AMERICA	South Pacific Ocean	Galapagos Ids.	Isabela Id.	EC	Galapagos Prov.	NA	NA	Villamil Mtn	Vilamil Mt. Albemarle Isl. Galapagos Arch.	NA	NA	NA	NA	NA	NA	NA	-0.841667	-91.163333	NA	NA	NA	NA	NA	NA	NA	NA	NA	NA	NA	Google Earth, 2013.	NA	NA	NA	NA	NA	NA	NA	NA	NA	NA	NA	NA	NA	NA	NA	NA	NA	NA	NA	NA	NA	NA	NA	NA	NA	NA	NA	NA	NA	NA	NA	C6Q42	NA	NA	NA	NA	NA	Chelonoidis guntheri (Baur, 1889)	NA	NA	NA	NA	NA	NA	Animalia; Chordata; Reptilia; Testudines; Testudinidae	Animalia	Chordata	Reptilia	Testudines	Testudinoidea	Testudinidae	NA	NA	NA	Chelonoidis	Chelonoidis	NA	NA	guntheri	NA	NA	SPECIES	NA	NA	NA	SYNONYM	NA	NA	cece4fc2-1fec-4bb5-a335-7252548e3f0b	US	2026-09-07 00:06:33	NA	NA	NA	NA	NA	COORDINATE_ROUNDED;CONTINENT_DERIVED_FROM_COORDINATES	NA	COORDINATE_ROUNDED;CONTINENT_DERIVED_FROM_COORDINATES	StillImage	TRUE	FALSE	8GPG2	C6Q42	N	CH2	RP	477	87BWY	626NZ	NA	NA	NA	3MPP	NA	5Y2Z9	Chelonoidis niger	Chelonoidis niger guntheri (Baur, 1889)	Chelonoidis guntheri	NA	EML	2026-09-07 00:06:33	2026-09-07 00:01:45	NA	TRUE	NA	NA	FALSE	LATIN_AMERICA	NORTH_AMERICA	ECU	Ecuador	ECU.9_1	Galápagos	ECU.9.1_1	Isabela	ECU.9.1.2_1	Tomas De Berlanga (Santo Tomas)	NA
543675365	NA	NA	NA	CC0_1_0	2024-01-04 14:21:00	California Academy of Sciences	NA	NA	NA	http://grbio.org/institution/california-academy-sciences	http://grscicoll.org/institutional-collection/herpetology-0	NA	CAS	HERP	NA	NA	PRESERVED_SPECIMEN	NA	NA	NA	urn:catalog:CAS:HERP:8477	8477	3182	W.H. Ochsner	NA	NA	NA	NA	Female	Adult	NA	NA	NA	NA	NA	NA	NA	NA	PRESENT	Dry	NA	NA	NA	NA	NA	NA	Killed 20 Apr 1906.  Miscellaneous postcrania in skeletal collection.	NA	NA	NA	NA	NA	NA	NA	NA	NA	NA	NA	NA	NA	NA	1906-04-12	NA	102	102	1906	4	12	12 Apr 1906	NA	NA	NA	NA	NA	NA	NA	NA	NA	South Pacific Ocean; Ecuador; Galapagos Prov.; Galapagos Ids.; Isabela Id.	SOUTH_AMERICA	South Pacific Ocean	Galapagos Ids.	Isabela Id.	EC	Galapagos Prov.	NA	NA	Banks Bay	Banks Bay, Albemarle Isl. Galapagos Arch.	NA	NA	NA	NA	NA	NA	NA	-0.0575	-91.409167	NA	NA	NA	NA	NA	NA	NA	NA	NA	NA	NA	Google Earth, 2013.	NA	NA	NA	NA	NA	NA	NA	NA	NA	NA	NA	NA	NA	NA	NA	NA	NA	NA	NA	NA	NA	NA	NA	NA	NA	NA	NA	NA	NA	NA	NA	TVGD	NA	NA	NA	NA	NA	Chelonia mydas (Linnaeus, 1758)	NA	NA	NA	NA	NA	NA	Animalia; Chordata; Reptilia; Testudines; Cheloniidae	Animalia	Chordata	Reptilia	Testudines	Chelonioidea	Cheloniidae	NA	NA	NA	Chelonia	Chelonia	NA	NA	mydas	NA	NA	SPECIES	NA	NA	NA	ACCEPTED	NA	NA	cece4fc2-1fec-4bb5-a335-7252548e3f0b	US	2026-09-07 00:06:33	NA	NA	NA	NA	NA	COORDINATE_ROUNDED;CONTINENT_DERIVED_FROM_COORDINATES	NA	COORDINATE_ROUNDED;CONTINENT_DERIVED_FROM_COORDINATES	StillImage	TRUE	FALSE	TVGD	TVGD	N	CH2	RP	477	87BWH	83J	NA	NA	NA	3MPC	NA	TVGD	Chelonia mydas	Chelonia mydas (Linnaeus, 1758)	Chelonia mydas	NA	EML	2026-09-07 00:06:33	2026-09-07 00:01:45	NA	TRUE	NA	NA	FALSE	LATIN_AMERICA	NORTH_AMERICA	NA	NA	NA	NA	NA	NA	NA	NA	LC
543673088	NA	NA	NA	CC0_1_0	2024-01-04 14:21:00	California Academy of Sciences	NA	NA	NA	http://grbio.org/institution/california-academy-sciences	http://grscicoll.org/institutional-collection/herpetology-0	NA	CAS	HERP	NA	NA	PRESERVED_SPECIMEN	NA	NA	NA	urn:catalog:CAS:HERP:8272	8272	4504	J.R. Slevin	NA	NA	NA	NA	Female	Adult	NA	NA	NA	NA	NA	NA	NA	NA	PRESENT	Dry	NA	NA	NA	NA	NA	NA	Bought of Native Collector.  Not in Paper?  Miscellaneous postcrania.	NA	NA	NA	NA	NA	NA	NA	NA	NA	NA	NA	NA	NA	NA	1906-10-13	NA	286	286	1906	10	13	13 Oct 1906	NA	NA	NA	NA	NA	NA	NA	NA	NA	South Pacific Ocean; Ecuador; Galapagos Prov.; Galapagos Ids.; Isabela Id.	SOUTH_AMERICA	South Pacific Ocean	Galapagos Ids.	Isabela Id.	EC	Galapagos Prov.	NA	NA	Villamil Mtn	Vilamil Mt., Albemarle Isl., Galapagos Arch.	NA	NA	NA	NA	NA	NA	NA	-0.911944	-91.123611	9656.08	NA	NA	NA	NA	NA	NA	NA	NA	NA	NA	Google Earth, 2013.	NA	NA	NA	NA	NA	NA	NA	NA	NA	NA	NA	NA	NA	NA	NA	NA	NA	NA	NA	NA	NA	NA	NA	NA	NA	NA	NA	NA	NA	NA	NA	3MPP	NA	NA	NA	NA	NA	Chelonoidis Fitzinger, 1835	NA	NA	NA	NA	NA	NA	Animalia; Chordata; Reptilia; Testudines; Testudinidae	Animalia	Chordata	Reptilia	Testudines	Testudinoidea	Testudinidae	NA	NA	NA	Chelonoidis	NA	NA	NA	NA	NA	NA	GENUS	NA	NA	NA	ACCEPTED	NA	NA	cece4fc2-1fec-4bb5-a335-7252548e3f0b	US	2026-09-07 00:06:33	NA	NA	NA	NA	NA	COORDINATE_ROUNDED;CONTINENT_DERIVED_FROM_COORDINATES	NA	COORDINATE_ROUNDED;CONTINENT_DERIVED_FROM_COORDINATES	StillImage	TRUE	FALSE	3MPP	3MPP	N	CH2	RP	477	87BWY	626NZ	NA	NA	NA	3MPP	NA	NA	NA	Chelonoidis Fitzinger, 1835	Chelonoidis	NA	EML	2026-09-07 00:06:33	2026-09-07 00:01:45	NA	TRUE	NA	NA	FALSE	LATIN_AMERICA	NORTH_AMERICA	ECU	Ecuador	ECU.9_1	Galápagos	ECU.9.1_1	Isabela	ECU.9.1.2_1	Tomas De Berlanga (Santo Tomas)	NA
543674511	NA	NA	NA	CC0_1_0	2024-01-04 14:21:00	California Academy of Sciences	NA	NA	NA	http://grbio.org/institution/california-academy-sciences	http://grscicoll.org/institutional-collection/herpetology-0	NA	CAS	HERP	NA	NA	PRESERVED_SPECIMEN	NA	NA	NA	urn:catalog:CAS:HERP:8400	8400	NA	J.R. Slevin and R.H. Beck	NA	NA	NA	NA	NA	Adult	NA	NA	NA	NA	NA	NA	NA	NA	PRESENT	Dry	NA	NA	NA	NA	NA	NA	Skull.	NA	NA	NA	NA	NA	NA	NA	NA	NA	NA	NA	NA	NA	NA	1906-08-24	NA	236	236	1906	8	24	24 Aug 1906	NA	NA	NA	NA	NA	NA	NA	NA	NA	South Pacific Ocean; Ecuador; Galapagos Prov.; Galapagos Ids.; Isabela Id.	SOUTH_AMERICA	South Pacific Ocean	Galapagos Ids.	Isabela Id.	EC	Galapagos Prov.	NA	NA	Villamil Mtn	Vilamil Mt. Albemarle Isl. Galapagos Arch.	NA	NA	NA	NA	NA	NA	NA	-0.841667	-91.163333	NA	NA	NA	NA	NA	NA	NA	NA	NA	NA	NA	Google Earth, 2013.	NA	NA	NA	NA	NA	NA	NA	NA	NA	NA	NA	NA	NA	NA	NA	NA	NA	NA	NA	NA	NA	NA	NA	NA	NA	NA	NA	NA	NA	NA	NA	C6Q42	NA	NA	NA	NA	NA	Chelonoidis guntheri (Baur, 1889)	NA	NA	NA	NA	NA	NA	Animalia; Chordata; Reptilia; Testudines; Testudinidae	Animalia	Chordata	Reptilia	Testudines	Testudinoidea	Testudinidae	NA	NA	NA	Chelonoidis	Chelonoidis	NA	NA	guntheri	NA	NA	SPECIES	NA	NA	NA	SYNONYM	NA	NA	cece4fc2-1fec-4bb5-a335-7252548e3f0b	US	2026-09-07 00:06:33	NA	NA	NA	NA	NA	COORDINATE_ROUNDED;CONTINENT_DERIVED_FROM_COORDINATES	NA	COORDINATE_ROUNDED;CONTINENT_DERIVED_FROM_COORDINATES	StillImage	TRUE	FALSE	8GPG2	C6Q42	N	CH2	RP	477	87BWY	626NZ	NA	NA	NA	3MPP	NA	5Y2Z9	Chelonoidis niger	Chelonoidis niger guntheri (Baur, 1889)	Chelonoidis guntheri	NA	EML	2026-09-07 00:06:33	2026-09-07 00:01:45	NA	TRUE	NA	NA	FALSE	LATIN_AMERICA	NORTH_AMERICA	ECU	Ecuador	ECU.9_1	Galápagos	ECU.9.1_1	Isabela	ECU.9.1.2_1	Tomas De Berlanga (Santo Tomas)	NA
543674710	NA	NA	NA	CC0_1_0	2024-01-04 14:21:00	California Academy of Sciences	NA	NA	NA	http://grbio.org/institution/california-academy-sciences	http://grscicoll.org/institutional-collection/herpetology-0	NA	CAS	HERP	NA	NA	PRESERVED_SPECIMEN	NA	NA	NA	urn:catalog:CAS:HERP:8418	8418	NA	J.R. Slevin	NA	NA	NA	NA	NA	Adult	NA	NA	NA	NA	NA	NA	NA	NA	PRESENT	Dry	NA	NA	NA	NA	NA	NA	NA	NA	NA	NA	NA	NA	NA	NA	NA	NA	NA	NA	NA	NA	NA	1906-08-01	NA	213	213	1906	8	1	1 Aug-14 Sep 1906	NA	NA	NA	NA	NA	NA	NA	NA	NA	South Pacific Ocean; Ecuador; Galapagos Prov.; Galapagos Ids.; Isabela Id.	SOUTH_AMERICA	South Pacific Ocean	Galapagos Ids.	Isabela Id.	EC	Galapagos Prov.	NA	NA	Villamil	Vilamil, Albemarle Isl., Galapagos Arch.	NA	NA	NA	NA	NA	NA	NA	-0.911944	-91.123611	9656.08	NA	NA	NA	NA	NA	NA	NA	NA	NA	NA	Google Earth, 2013.	NA	NA	NA	NA	NA	NA	NA	NA	NA	NA	NA	NA	NA	NA	NA	NA	NA	NA	NA	NA	NA	NA	NA	NA	NA	NA	NA	NA	NA	NA	NA	C6Q49	NA	NA	NA	NA	NA	Chelonoidis vicina (Günther, 1875)	NA	NA	NA	NA	NA	NA	Animalia; Chordata; Reptilia; Testudines; Testudinidae	Animalia	Chordata	Reptilia	Testudines	Testudinoidea	Testudinidae	NA	NA	NA	Chelonoidis	Chelonoidis	NA	NA	vicina	NA	NA	SPECIES	NA	NA	NA	SYNONYM	NA	NA	cece4fc2-1fec-4bb5-a335-7252548e3f0b	US	2026-09-07 00:06:33	NA	NA	NA	NA	NA	COORDINATE_ROUNDED;CONTINENT_DERIVED_FROM_COORDINATES	NA	COORDINATE_ROUNDED;CONTINENT_DERIVED_FROM_COORDINATES	StillImage	TRUE	FALSE	TVLL	C6Q49	N	CH2	RP	477	87BWY	626NZ	NA	NA	NA	3MPP	NA	5Y2Z9	Chelonoidis niger	Chelonoidis niger vicina (Günther, 1874)	Chelonoidis vicina	NA	EML	2026-09-07 00:06:33	2026-09-07 00:01:45	NA	TRUE	NA	NA	FALSE	LATIN_AMERICA	NORTH_AMERICA	ECU	Ecuador	ECU.9_1	Galápagos	ECU.9.1_1	Isabela	ECU.9.1.2_1	Tomas De Berlanga (Santo Tomas)	NA
543671877	NA	NA	NA	CC0_1_0	2024-01-04 14:21:00	California Academy of Sciences	NA	NA	NA	http://grbio.org/institution/california-academy-sciences	http://grscicoll.org/institutional-collection/herpetology-0	NA	CAS	HERP	NA	NA	PRESERVED_SPECIMEN	NA	NA	NA	urn:catalog:CAS:HERP:8163	8163	2938	R.H. Beck	NA	NA	NA	NA	Male	Adult	NA	NA	NA	NA	NA	NA	NA	NA	PRESENT	Dry	NA	NA	NA	NA	NA	NA	NA	NA	NA	NA	NA	NA	NA	NA	NA	NA	NA	NA	NA	NA	NA	1906-03-28	NA	87	87	1906	3	28	28 Mar 1906	NA	NA	NA	NA	NA	NA	NA	NA	NA	South Pacific Ocean; Ecuador; Galapagos Prov.; Galapagos Ids.; Isabela Id.	SOUTH_AMERICA	South Pacific Ocean	Galapagos Ids.	Isabela Id.	EC	Galapagos Prov.	NA	NA	Tagus Cove	Tagus Cove, Albemarle Isl. Galapagos Arch.	NA	NA	NA	NA	NA	NA	NA	-0.249167	-91.327778	NA	NA	NA	NA	NA	NA	NA	NA	NA	NA	NA	Google Earth, 2013.	NA	NA	NA	NA	NA	NA	NA	NA	NA	NA	NA	NA	NA	NA	NA	NA	NA	NA	NA	NA	NA	NA	NA	NA	NA	NA	NA	NA	NA	NA	NA	C6Q44	NA	NA	NA	NA	NA	Chelonoidis microphyes (Günther, 1875)	NA	NA	NA	NA	NA	NA	Animalia; Chordata; Reptilia; Testudines; Testudinidae	Animalia	Chordata	Reptilia	Testudines	Testudinoidea	Testudinidae	NA	NA	NA	Chelonoidis	Chelonoidis	NA	NA	microphyes	NA	NA	SPECIES	NA	NA	NA	SYNONYM	NA	NA	cece4fc2-1fec-4bb5-a335-7252548e3f0b	US	2026-09-07 00:06:33	NA	NA	NA	NA	NA	COORDINATE_ROUNDED;CONTINENT_DERIVED_FROM_COORDINATES	NA	COORDINATE_ROUNDED;CONTINENT_DERIVED_FROM_COORDINATES	StillImage	TRUE	FALSE	8GPG3	C6Q44	N	CH2	RP	477	87BWY	626NZ	NA	NA	NA	3MPP	NA	5Y2Z9	Chelonoidis niger	Chelonoidis niger microphyes (Günther, 1875)	Chelonoidis microphyes	NA	EML	2026-09-07 00:06:33	2026-09-07 00:01:45	NA	TRUE	NA	NA	FALSE	LATIN_AMERICA	NORTH_AMERICA	ECU	Ecuador	ECU.9_1	Galápagos	ECU.9.1_1	Isabela	ECU.9.1.2_1	Tomas De Berlanga (Santo Tomas)	NA
543673032	NA	NA	NA	CC0_1_0	2024-01-04 14:21:00	California Academy of Sciences	NA	NA	NA	http://grbio.org/institution/california-academy-sciences	http://grscicoll.org/institutional-collection/herpetology-0	NA	CAS	HERP	NA	NA	PRESERVED_SPECIMEN	NA	NA	NA	urn:catalog:CAS:HERP:8267	8267	R.T.	J.R. Slevin	NA	NA	NA	NA	Female	Adult	NA	NA	NA	NA	NA	NA	NA	NA	PRESENT	Dry	NA	NA	NA	NA	NA	NA	Died in San Francisco Jan 1907.  Bought of Native Collector.  Skull and beak in skeletal collection.	NA	NA	NA	NA	NA	NA	NA	NA	NA	NA	NA	NA	NA	NA	1906-08-01	NA	213	213	1906	8	1	1 Aug-4 Sep 1906	NA	NA	NA	NA	NA	NA	NA	NA	NA	South Pacific Ocean; Ecuador; Galapagos Prov.; Galapagos Ids.; Isabela Id.	SOUTH_AMERICA	South Pacific Ocean	Galapagos Ids.	Isabela Id.	EC	Galapagos Prov.	NA	NA	vicinty of Villamil Mtn	Vic. Vilamil Mt., Albemarle Isl., Galapagos Arch.	NA	NA	NA	NA	NA	NA	NA	-0.911944	-91.123611	9656.08	NA	NA	NA	NA	NA	NA	NA	NA	NA	NA	Google Earth, 2013.	NA	NA	NA	NA	NA	NA	NA	NA	NA	NA	NA	NA	NA	NA	NA	NA	NA	NA	NA	NA	NA	NA	NA	NA	NA	NA	NA	NA	NA	NA	NA	C6Q42	NA	NA	NA	NA	NA	Chelonoidis guntheri (Baur, 1889)	NA	NA	NA	NA	NA	NA	Animalia; Chordata; Reptilia; Testudines; Testudinidae	Animalia	Chordata	Reptilia	Testudines	Testudinoidea	Testudinidae	NA	NA	NA	Chelonoidis	Chelonoidis	NA	NA	guntheri	NA	NA	SPECIES	NA	NA	NA	SYNONYM	NA	NA	cece4fc2-1fec-4bb5-a335-7252548e3f0b	US	2026-09-07 00:06:33	NA	NA	NA	NA	NA	COORDINATE_ROUNDED;CONTINENT_DERIVED_FROM_COORDINATES	NA	COORDINATE_ROUNDED;CONTINENT_DERIVED_FROM_COORDINATES	StillImage	TRUE	FALSE	8GPG2	C6Q42	N	CH2	RP	477	87BWY	626NZ	NA	NA	NA	3MPP	NA	5Y2Z9	Chelonoidis niger	Chelonoidis niger guntheri (Baur, 1889)	Chelonoidis guntheri	NA	EML	2026-09-07 00:06:33	2026-09-07 00:01:45	NA	TRUE	NA	NA	FALSE	LATIN_AMERICA	NORTH_AMERICA	ECU	Ecuador	ECU.9_1	Galápagos	ECU.9.1_1	Isabela	ECU.9.1.2_1	Tomas De Berlanga (Santo Tomas)	NA
543675432	NA	NA	NA	CC0_1_0	2024-01-04 14:21:00	California Academy of Sciences	NA	NA	NA	http://grbio.org/institution/california-academy-sciences	http://grscicoll.org/institutional-collection/herpetology-0	NA	CAS	HERP	NA	NA	PRESERVED_SPECIMEN	NA	NA	NA	urn:catalog:CAS:HERP:8483	8483	3629	E.W. Gifford	NA	NA	NA	NA	Female	Adult	NA	NA	NA	NA	NA	NA	NA	NA	PRESENT	Dry	NA	NA	NA	NA	NA	NA	Killed 5 Jul 1906.  Miscellaneous postcrania in skeletal collection.	NA	NA	NA	NA	NA	NA	NA	NA	NA	NA	NA	NA	NA	NA	1906-06-28	NA	179	179	1906	6	28	28 Jun 1906	NA	NA	NA	NA	NA	NA	NA	NA	NA	South Pacific Ocean; Ecuador; Galapagos Prov.; Galapagos Ids.; Espanola Id.	SOUTH_AMERICA	South Pacific Ocean	Galapagos Ids.	Espanola Id.	EC	Galapagos Prov.	NA	NA	NA	Hood Island, Galapagos Arch.	NA	NA	NA	NA	NA	NA	NA	-1.354167	-89.659861	NA	NA	NA	NA	NA	NA	NA	NA	NA	NA	NA	Google Earth, 2013.	NA	NA	NA	NA	NA	NA	NA	NA	NA	NA	NA	NA	NA	NA	NA	NA	NA	NA	NA	NA	NA	NA	NA	NA	NA	NA	NA	NA	NA	NA	NA	TVGD	NA	NA	NA	NA	NA	Chelonia mydas (Linnaeus, 1758)	NA	NA	NA	NA	NA	NA	Animalia; Chordata; Reptilia; Testudines; Cheloniidae	Animalia	Chordata	Reptilia	Testudines	Chelonioidea	Cheloniidae	NA	NA	NA	Chelonia	Chelonia	NA	NA	mydas	NA	NA	SPECIES	NA	NA	NA	ACCEPTED	NA	NA	cece4fc2-1fec-4bb5-a335-7252548e3f0b	US	2026-09-07 00:06:33	NA	NA	NA	NA	NA	COORDINATE_ROUNDED;CONTINENT_DERIVED_FROM_COORDINATES	NA	COORDINATE_ROUNDED;CONTINENT_DERIVED_FROM_COORDINATES	StillImage	TRUE	FALSE	TVGD	TVGD	N	CH2	RP	477	87BWH	83J	NA	NA	NA	3MPC	NA	TVGD	Chelonia mydas	Chelonia mydas (Linnaeus, 1758)	Chelonia mydas	NA	EML	2026-09-07 00:06:33	2026-09-07 00:01:45	NA	TRUE	NA	NA	FALSE	LATIN_AMERICA	NORTH_AMERICA	ECU	Ecuador	ECU.9_1	Galápagos	ECU.9.2_1	San Cristóbal	ECU.9.2.2_1	Isla Santa Mara (Floreana) (Cab.	LC
543675410	NA	NA	NA	CC0_1_0	2024-01-04 14:21:00	California Academy of Sciences	NA	NA	NA	http://grbio.org/institution/california-academy-sciences	http://grscicoll.org/institutional-collection/herpetology-0	NA	CAS	HERP	NA	NA	PRESERVED_SPECIMEN	NA	NA	NA	urn:catalog:CAS:HERP:8481	8481	3467	J.R. Slevin	NA	NA	NA	NA	Female	Adult	NA	NA	NA	NA	NA	NA	NA	NA	PRESENT	Dry	NA	NA	NA	NA	NA	NA	NA	NA	NA	NA	NA	NA	NA	NA	NA	NA	NA	NA	NA	NA	NA	1906-06-18	NA	169	169	1906	6	18	18 Jun 1906	NA	NA	NA	NA	NA	NA	NA	NA	NA	South Pacific Ocean	NA	South Pacific Ocean	NA	NA	EC	NA	NA	NA	2 40 S, 91 20 00 W, approximately 175 mi S of Isla Espanola	Lat 2 40 S. Long. 91 20 00 W	NA	NA	NA	NA	NA	NA	NA	-2.666667	-91.333333	NA	NA	NA	NA	NA	NA	NA	NA	NA	NA	NA	Collector's notes.	NA	NA	NA	NA	NA	NA	NA	NA	NA	NA	NA	NA	NA	NA	NA	NA	NA	NA	NA	NA	NA	NA	NA	NA	NA	NA	NA	NA	NA	NA	NA	3TB2H	NA	NA	NA	NA	NA	Lepidochelys olivacea (Eschscholtz, 1829)	NA	NA	NA	NA	NA	NA	Animalia; Chordata; Reptilia; Testudines; Cheloniidae	Animalia	Chordata	Reptilia	Testudines	Chelonioidea	Cheloniidae	NA	NA	NA	Lepidochelys	Lepidochelys	NA	NA	olivacea	NA	NA	SPECIES	NA	NA	NA	ACCEPTED	NA	NA	cece4fc2-1fec-4bb5-a335-7252548e3f0b	US	2026-09-07 00:06:33	NA	NA	NA	NA	NA	COORDINATE_ROUNDED;COUNTRY_DERIVED_FROM_COORDINATES;GEODETIC_DATUM_ASSUMED_WGS84	NA	COORDINATE_ROUNDED;COUNTRY_DERIVED_FROM_COORDINATES;GEODETIC_DATUM_ASSUMED_WGS84	StillImage	TRUE	FALSE	3TB2H	3TB2H	N	CH2	RP	477	87BWH	83J	NA	NA	NA	5CG2	NA	3TB2H	Lepidochelys olivacea	Lepidochelys olivacea (Eschscholtz, 1829)	Lepidochelys olivacea	NA	EML	2026-09-07 00:06:33	2026-09-07 00:01:45	NA	TRUE	NA	NA	FALSE	LATIN_AMERICA	NORTH_AMERICA	NA	NA	NA	NA	NA	NA	NA	NA	VU
543621231	NA	NA	NA	CC0_1_0	2024-01-04 14:21:00	California Academy of Sciences	NA	NA	NA	http://grbio.org/institution/california-academy-sciences	http://grscicoll.org/institutional-collection/herpetology-0	NA	CAS	HERP	NA	NA	PRESERVED_SPECIMEN	NA	NA	NA	urn:catalog:CAS:HERP:36048	36048	NA	J.R. Slevin	NA	NA	NA	NA	NA	NA	NA	NA	NA	NA	NA	NA	NA	NA	PRESENT	Dry	NA	NA	NA	NA	NA	NA	Miscellaneous weathered postcrania.	NA	NA	NA	NA	NA	NA	NA	NA	NA	NA	NA	NA	NA	NA	1906-08-11	NA	223	223	1906	8	11	11 Aug 1906	NA	NA	NA	NA	NA	NA	NA	NA	NA	South Pacific Ocean; Ecuador; Galapagos Prov.; Galapagos Ids.; Isabela Id.	SOUTH_AMERICA	South Pacific Ocean	Galapagos Ids.	Isabela Id.	EC	Galapagos Prov.	NA	NA	Cowley Mt.	Albemarle Island, Galapagos Arch., Cowley Mt.	NA	NA	NA	NA	NA	NA	NA	-0.456944	-91.050833	NA	NA	NA	NA	NA	NA	NA	NA	NA	NA	NA	Google Earth, 2013.	NA	NA	NA	NA	NA	NA	NA	NA	NA	NA	NA	NA	NA	NA	NA	NA	NA	NA	NA	NA	NA	NA	NA	NA	NA	NA	NA	NA	NA	NA	NA	3MPP	NA	NA	NA	NA	NA	Chelonoidis Fitzinger, 1835	NA	NA	NA	NA	NA	NA	Animalia; Chordata; Reptilia; Testudines; Testudinidae	Animalia	Chordata	Reptilia	Testudines	Testudinoidea	Testudinidae	NA	NA	NA	Chelonoidis	NA	NA	NA	NA	NA	NA	GENUS	NA	NA	NA	ACCEPTED	NA	NA	cece4fc2-1fec-4bb5-a335-7252548e3f0b	US	2026-09-07 00:06:39	NA	NA	NA	NA	NA	COORDINATE_ROUNDED;CONTINENT_DERIVED_FROM_COORDINATES	NA	COORDINATE_ROUNDED;CONTINENT_DERIVED_FROM_COORDINATES	StillImage	TRUE	FALSE	3MPP	3MPP	N	CH2	RP	477	87BWY	626NZ	NA	NA	NA	3MPP	NA	NA	NA	Chelonoidis Fitzinger, 1835	Chelonoidis	NA	EML	2026-09-07 00:06:39	2026-09-07 00:01:45	NA	TRUE	NA	NA	FALSE	LATIN_AMERICA	NORTH_AMERICA	ECU	Ecuador	ECU.9_1	Galápagos	ECU.9.1_1	Isabela	ECU.9.1.2_1	Tomas De Berlanga (Santo Tomas)	NA
543675543	NA	NA	NA	CC0_1_0	2024-01-04 14:21:00	California Academy of Sciences	NA	NA	NA	http://grbio.org/institution/california-academy-sciences	http://grscicoll.org/institutional-collection/herpetology-0	NA	CAS	HERP	NA	NA	PRESERVED_SPECIMEN	NA	NA	NA	urn:catalog:CAS:HERP:8493	8493	3763	F.T. Nelson	NA	NA	NA	NA	Female	Adult	NA	NA	NA	NA	NA	NA	NA	NA	PRESENT	Dry	NA	NA	NA	NA	NA	NA	Killed 21 Jul 1906.	NA	NA	NA	NA	NA	NA	NA	NA	NA	NA	NA	NA	NA	NA	1906-07-16	NA	197	197	1906	7	16	16 Jul 1906	NA	NA	NA	NA	NA	NA	NA	NA	NA	South Pacific Ocean; Ecuador; Galapagos Prov.; Galapagos Ids.; Santa Cruz Id.	SOUTH_AMERICA	South Pacific Ocean	Galapagos Ids.	Santa Cruz Id.	EC	Galapagos Prov.	NA	NA	Puerta de la Aguada	Indefatigable Isl. Galapagos Arch. Puerta de la Aguada	NA	NA	NA	NA	NA	NA	NA	-0.747222	-90.308889	NA	NA	NA	NA	NA	NA	NA	NA	NA	NA	NA	Google Earth, 2013.	NA	NA	NA	NA	NA	NA	NA	NA	NA	NA	NA	NA	NA	NA	NA	NA	NA	NA	NA	NA	NA	NA	NA	NA	NA	NA	NA	NA	NA	NA	NA	TVGD	NA	NA	NA	NA	NA	Chelonia mydas (Linnaeus, 1758)	NA	NA	NA	NA	NA	NA	Animalia; Chordata; Reptilia; Testudines; Cheloniidae	Animalia	Chordata	Reptilia	Testudines	Chelonioidea	Cheloniidae	NA	NA	NA	Chelonia	Chelonia	NA	NA	mydas	NA	NA	SPECIES	NA	NA	NA	ACCEPTED	NA	NA	cece4fc2-1fec-4bb5-a335-7252548e3f0b	US	2026-09-07 00:06:40	NA	NA	NA	NA	NA	COORDINATE_ROUNDED;CONTINENT_DERIVED_FROM_COORDINATES	NA	COORDINATE_ROUNDED;CONTINENT_DERIVED_FROM_COORDINATES	StillImage	TRUE	FALSE	TVGD	TVGD	N	CH2	RP	477	87BWH	83J	NA	NA	NA	3MPC	NA	TVGD	Chelonia mydas	Chelonia mydas (Linnaeus, 1758)	Chelonia mydas	NA	EML	2026-09-07 00:06:40	2026-09-07 00:01:45	NA	TRUE	NA	NA	FALSE	LATIN_AMERICA	NORTH_AMERICA	NA	NA	NA	NA	NA	NA	NA	NA	LC
543671710	NA	NA	NA	CC0_1_0	2024-01-04 14:21:00	California Academy of Sciences	NA	NA	NA	http://grbio.org/institution/california-academy-sciences	http://grscicoll.org/institutional-collection/herpetology-0	NA	CAS	HERP	NA	NA	PRESERVED_SPECIMEN	NA	NA	NA	urn:catalog:CAS:HERP:8148	8148	g	R.H. Beck	NA	NA	NA	NA	NA	NA	NA	NA	NA	NA	NA	NA	NA	NA	PRESENT	Dry	NA	NA	NA	JN637231;JN637238;JN637292	NA	NA	Miscellaneous postcrania in skeletal collection.	NA	NA	NA	NA	NA	NA	NA	NA	NA	NA	NA	NA	NA	NA	1906-07-10	NA	191	191	1906	7	10	10 Jul 1906	NA	NA	NA	NA	NA	NA	NA	NA	NA	South Pacific Ocean; Ecuador; Galapagos Prov.; Galapagos Ids.; Santa Fe Id.	SOUTH_AMERICA	South Pacific Ocean	Galapagos Ids.	Santa Fe Id.	EC	Galapagos Prov.	NA	NA	NA	Barrington Isl. Galapagos Archipelago	NA	NA	NA	NA	NA	NA	NA	-0.806667	-90.076111	NA	NA	NA	NA	NA	NA	NA	NA	NA	NA	NA	Google Earth, 2013.	NA	NA	NA	NA	NA	NA	NA	NA	NA	NA	NA	NA	NA	NA	NA	NA	NA	NA	NA	NA	NA	NA	NA	NA	NA	NA	NA	NA	NA	NA	NA	3MPP	NA	NA	NA	NA	NA	Chelonoidis Fitzinger, 1835	NA	NA	NA	NA	NA	NA	Animalia; Chordata; Reptilia; Testudines; Testudinidae	Animalia	Chordata	Reptilia	Testudines	Testudinoidea	Testudinidae	NA	NA	NA	Chelonoidis	NA	NA	NA	NA	NA	NA	GENUS	NA	NA	NA	ACCEPTED	NA	NA	cece4fc2-1fec-4bb5-a335-7252548e3f0b	US	2026-09-07 00:06:33	NA	NA	NA	NA	NA	COORDINATE_ROUNDED;CONTINENT_DERIVED_FROM_COORDINATES	NA	COORDINATE_ROUNDED;CONTINENT_DERIVED_FROM_COORDINATES	StillImage	TRUE	FALSE	3MPP	3MPP	N	CH2	RP	477	87BWY	626NZ	NA	NA	NA	3MPP	NA	NA	NA	Chelonoidis Fitzinger, 1835	Chelonoidis	NA	EML	2026-09-07 00:06:33	2026-09-07 00:01:45	NA	TRUE	NA	NA	TRUE	LATIN_AMERICA	NORTH_AMERICA	ECU	Ecuador	ECU.9_1	Galápagos	ECU.9.2_1	San Cristóbal	ECU.9.2.2_1	Isla Santa Mara (Floreana) (Cab.	NA
543672355	NA	NA	NA	CC0_1_0	2024-01-04 14:21:00	California Academy of Sciences	NA	NA	NA	http://grbio.org/institution/california-academy-sciences	http://grscicoll.org/institutional-collection/herpetology-0	NA	CAS	HERP	NA	NA	PRESERVED_SPECIMEN	NA	NA	NA	urn:catalog:CAS:HERP:8206	8206	4012	J.R. Slevin	NA	NA	NA	NA	Female	Adult	NA	NA	NA	NA	NA	NA	NA	NA	PRESENT	Dry	NA	NA	NA	NA	NA	NA	Bought of Native Collector.  Killed on board.  Miscellaneous postcrania in skeletal collection.	NA	NA	NA	NA	NA	NA	NA	NA	NA	NA	NA	NA	NA	NA	1906-09-10	NA	253	253	1906	9	10	10 Sep 1906	NA	NA	NA	NA	NA	NA	NA	NA	NA	South Pacific Ocean; Ecuador; Galapagos Prov.; Galapagos Ids.; Isabela Id.	SOUTH_AMERICA	South Pacific Ocean	Galapagos Ids.	Isabela Id.	EC	Galapagos Prov.	NA	NA	vicinty of Villamil Mtn	Vic. Vilamil Mt., Albemarle Isl., Galapagos Arch.	NA	NA	NA	NA	NA	NA	NA	-0.911944	-91.123611	9656.08	NA	NA	NA	NA	NA	NA	NA	NA	NA	NA	Google Earth, 2013.	NA	NA	NA	NA	NA	NA	NA	NA	NA	NA	NA	NA	NA	NA	NA	NA	NA	NA	NA	NA	NA	NA	NA	NA	NA	NA	NA	NA	NA	NA	NA	C6Q42	NA	NA	NA	NA	NA	Chelonoidis guntheri (Baur, 1889)	NA	NA	NA	NA	NA	NA	Animalia; Chordata; Reptilia; Testudines; Testudinidae	Animalia	Chordata	Reptilia	Testudines	Testudinoidea	Testudinidae	NA	NA	NA	Chelonoidis	Chelonoidis	NA	NA	guntheri	NA	NA	SPECIES	NA	NA	NA	SYNONYM	NA	NA	cece4fc2-1fec-4bb5-a335-7252548e3f0b	US	2026-09-07 00:06:33	NA	NA	NA	NA	NA	COORDINATE_ROUNDED;CONTINENT_DERIVED_FROM_COORDINATES	NA	COORDINATE_ROUNDED;CONTINENT_DERIVED_FROM_COORDINATES	StillImage	TRUE	FALSE	8GPG2	C6Q42	N	CH2	RP	477	87BWY	626NZ	NA	NA	NA	3MPP	NA	5Y2Z9	Chelonoidis niger	Chelonoidis niger guntheri (Baur, 1889)	Chelonoidis guntheri	NA	EML	2026-09-07 00:06:33	2026-09-07 00:01:45	NA	TRUE	NA	NA	FALSE	LATIN_AMERICA	NORTH_AMERICA	ECU	Ecuador	ECU.9_1	Galápagos	ECU.9.1_1	Isabela	ECU.9.1.2_1	Tomas De Berlanga (Santo Tomas)	NA
543675866	NA	NA	NA	CC0_1_0	2024-01-04 14:21:00	California Academy of Sciences	NA	NA	NA	http://grbio.org/institution/california-academy-sciences	http://grscicoll.org/institutional-collection/herpetology-0	NA	CAS	HERP	NA	NA	PRESERVED_SPECIMEN	NA	NA	NA	urn:catalog:CAS:HERP:8522	8522	NA	R.H. Beck	NA	NA	NA	NA	NA	Adult	NA	NA	NA	NA	NA	NA	NA	NA	PRESENT	Dry	NA	NA	NA	NA	NA	NA	NA	NA	NA	NA	NA	NA	NA	NA	NA	NA	NA	NA	NA	NA	NA	1906-07-16	NA	197	197	1906	7	16	16 Jul 1906	NA	NA	NA	NA	NA	NA	NA	NA	NA	South Pacific Ocean; Ecuador; Galapagos Prov.; Galapagos Ids.; Santa Cruz Id.	SOUTH_AMERICA	South Pacific Ocean	Galapagos Ids.	Santa Cruz Id.	EC	Galapagos Prov.	NA	NA	NA	Indefatigable Isl. Galapagos Arch.	NA	NA	NA	NA	NA	NA	NA	-0.747222	-90.308889	NA	NA	NA	NA	NA	NA	NA	NA	NA	NA	NA	Google Earth, 2013.	NA	NA	NA	NA	NA	NA	NA	NA	NA	NA	NA	NA	NA	NA	NA	NA	NA	NA	NA	NA	NA	NA	NA	NA	NA	NA	NA	NA	NA	NA	NA	TVGD	NA	NA	NA	NA	NA	Chelonia mydas (Linnaeus, 1758)	NA	NA	NA	NA	NA	NA	Animalia; Chordata; Reptilia; Testudines; Cheloniidae	Animalia	Chordata	Reptilia	Testudines	Chelonioidea	Cheloniidae	NA	NA	NA	Chelonia	Chelonia	NA	NA	mydas	NA	NA	SPECIES	NA	NA	NA	ACCEPTED	NA	NA	cece4fc2-1fec-4bb5-a335-7252548e3f0b	US	2026-09-07 00:06:33	NA	NA	NA	NA	NA	COORDINATE_ROUNDED;CONTINENT_DERIVED_FROM_COORDINATES	NA	COORDINATE_ROUNDED;CONTINENT_DERIVED_FROM_COORDINATES	StillImage	TRUE	FALSE	TVGD	TVGD	N	CH2	RP	477	87BWH	83J	NA	NA	NA	3MPC	NA	TVGD	Chelonia mydas	Chelonia mydas (Linnaeus, 1758)	Chelonia mydas	NA	EML	2026-09-07 00:06:33	2026-09-07 00:01:45	NA	TRUE	NA	NA	FALSE	LATIN_AMERICA	NORTH_AMERICA	NA	NA	NA	NA	NA	NA	NA	NA	LC
543671333	NA	NA	NA	CC0_1_0	2024-01-04 14:21:00	California Academy of Sciences	NA	NA	NA	http://grbio.org/institution/california-academy-sciences	http://grscicoll.org/institutional-collection/herpetology-0	NA	CAS	HERP	NA	NA	PRESERVED_SPECIMEN	NA	NA	NA	urn:catalog:CAS:HERP:8114	8114	NA	R.H. Beck	NA	NA	NA	NA	Male	NA	NA	NA	NA	NA	NA	NA	NA	NA	PRESENT	Dry	NA	NA	NA	NA	NA	NA	Died in San Francisco 20 May 1907.  Miscellaneous postcrania in skeletal collection.	NA	NA	NA	NA	NA	NA	NA	NA	NA	NA	NA	NA	NA	NA	1906-04-11	NA	101	101	1906	4	11	11-12 Apr 1906	NA	NA	NA	NA	NA	NA	NA	NA	NA	South Pacific Ocean; Ecuador; Galapagos Prov.; Galapagos Ids.; Isabela Id.	SOUTH_AMERICA	South Pacific Ocean	Galapagos Ids.	Isabela Id.	EC	Galapagos Prov.	NA	NA	Banks Bay	Banks Bay, Albemarle Isl. Galapagos Archipelago	NA	NA	NA	NA	NA	NA	NA	-0.035833	-91.376111	NA	NA	NA	NA	NA	NA	NA	NA	NA	NA	NA	Google Earth, 2013.	NA	NA	NA	NA	NA	NA	NA	NA	NA	NA	NA	NA	NA	NA	NA	NA	NA	NA	NA	NA	NA	NA	NA	NA	NA	NA	NA	NA	NA	NA	NA	C6Q3V	NA	NA	NA	NA	NA	Chelonoidis becki (Rothschild, 1901)	NA	NA	NA	NA	NA	NA	Animalia; Chordata; Reptilia; Testudines; Testudinidae	Animalia	Chordata	Reptilia	Testudines	Testudinoidea	Testudinidae	NA	NA	NA	Chelonoidis	Chelonoidis	NA	NA	becki	NA	NA	SPECIES	NA	NA	NA	SYNONYM	NA	NA	cece4fc2-1fec-4bb5-a335-7252548e3f0b	US	2026-09-07 00:06:36	NA	NA	NA	NA	NA	COORDINATE_ROUNDED;CONTINENT_DERIVED_FROM_COORDINATES	NA	COORDINATE_ROUNDED;CONTINENT_DERIVED_FROM_COORDINATES	StillImage	TRUE	FALSE	TVL2	C6Q3V	N	CH2	RP	477	87BWY	626NZ	NA	NA	NA	3MPP	NA	5Y2Z9	Chelonoidis niger	Chelonoidis niger becki (Rothschild, 1901)	Chelonoidis becki	NA	EML	2026-09-07 00:06:36	2026-09-07 00:01:45	NA	TRUE	NA	NA	FALSE	LATIN_AMERICA	NORTH_AMERICA	ECU	Ecuador	ECU.9_1	Galápagos	ECU.9.1_1	Isabela	ECU.9.1.2_1	Tomas De Berlanga (Santo Tomas)	NA
543675498	NA	NA	NA	CC0_1_0	2024-01-04 14:21:00	California Academy of Sciences	NA	NA	NA	http://grbio.org/institution/california-academy-sciences	http://grscicoll.org/institutional-collection/herpetology-0	NA	CAS	HERP	NA	NA	PRESERVED_SPECIMEN	NA	NA	NA	urn:catalog:CAS:HERP:8489	8489	3755	F.T. Nelson	NA	NA	NA	NA	Female	Adult	NA	NA	NA	NA	NA	NA	NA	NA	PRESENT	Dry	NA	NA	NA	NA	NA	NA	Killed 17 Jul 1906.	NA	NA	NA	NA	NA	NA	NA	NA	NA	NA	NA	NA	NA	NA	1906-07-16	NA	197	197	1906	7	16	16 Jul 1906	NA	NA	NA	NA	NA	NA	NA	NA	NA	South Pacific Ocean; Ecuador; Galapagos Prov.; Galapagos Ids.; Santa Cruz Id.	SOUTH_AMERICA	South Pacific Ocean	Galapagos Ids.	Santa Cruz Id.	EC	Galapagos Prov.	NA	NA	Puerta de la Aguada	Indefatigable Isl. Galapagos Arch. Puerta de la Aguada	NA	NA	NA	NA	NA	NA	NA	-0.747222	-90.308889	NA	NA	NA	NA	NA	NA	NA	NA	NA	NA	NA	Google Earth, 2013.	NA	NA	NA	NA	NA	NA	NA	NA	NA	NA	NA	NA	NA	NA	NA	NA	NA	NA	NA	NA	NA	NA	NA	NA	NA	NA	NA	NA	NA	NA	NA	TVGD	NA	NA	NA	NA	NA	Chelonia mydas (Linnaeus, 1758)	NA	NA	NA	NA	NA	NA	Animalia; Chordata; Reptilia; Testudines; Cheloniidae	Animalia	Chordata	Reptilia	Testudines	Chelonioidea	Cheloniidae	NA	NA	NA	Chelonia	Chelonia	NA	NA	mydas	NA	NA	SPECIES	NA	NA	NA	ACCEPTED	NA	NA	cece4fc2-1fec-4bb5-a335-7252548e3f0b	US	2026-09-07 00:06:36	NA	NA	NA	NA	NA	COORDINATE_ROUNDED;CONTINENT_DERIVED_FROM_COORDINATES	NA	COORDINATE_ROUNDED;CONTINENT_DERIVED_FROM_COORDINATES	StillImage	TRUE	FALSE	TVGD	TVGD	N	CH2	RP	477	87BWH	83J	NA	NA	NA	3MPC	NA	TVGD	Chelonia mydas	Chelonia mydas (Linnaeus, 1758)	Chelonia mydas	NA	EML	2026-09-07 00:06:36	2026-09-07 00:01:45	NA	TRUE	NA	NA	FALSE	LATIN_AMERICA	NORTH_AMERICA	NA	NA	NA	NA	NA	NA	NA	NA	LC
543621234	NA	NA	NA	CC0_1_0	2024-01-04 14:21:00	California Academy of Sciences	NA	NA	NA	http://grbio.org/institution/california-academy-sciences	http://grscicoll.org/institutional-collection/herpetology-0	NA	CAS	HERP	NA	NA	PRESERVED_SPECIMEN	NA	NA	NA	urn:catalog:CAS:HERP:36050	36050	NA	J.R. Slevin	NA	NA	NA	NA	NA	NA	NA	NA	NA	NA	NA	NA	NA	NA	PRESENT	Dry	NA	NA	NA	NA	NA	NA	Miscellaneous weathered postcrania.	NA	NA	NA	NA	NA	NA	NA	NA	NA	NA	NA	NA	NA	NA	1906-08-11	NA	223	223	1906	8	11	11 Aug 1906	NA	NA	NA	NA	NA	NA	NA	NA	NA	South Pacific Ocean; Ecuador; Galapagos Prov.; Galapagos Ids.; Isabela Id.	SOUTH_AMERICA	South Pacific Ocean	Galapagos Ids.	Isabela Id.	EC	Galapagos Prov.	NA	NA	Cowley Mt.	Albemarle Island, Galapagos Arch., Cowley Mt.	NA	NA	NA	NA	NA	NA	NA	-0.456944	-91.050833	NA	NA	NA	NA	NA	NA	NA	NA	NA	NA	NA	Google Earth, 2013.	NA	NA	NA	NA	NA	NA	NA	NA	NA	NA	NA	NA	NA	NA	NA	NA	NA	NA	NA	NA	NA	NA	NA	NA	NA	NA	NA	NA	NA	NA	NA	3MPP	NA	NA	NA	NA	NA	Chelonoidis Fitzinger, 1835	NA	NA	NA	NA	NA	NA	Animalia; Chordata; Reptilia; Testudines; Testudinidae	Animalia	Chordata	Reptilia	Testudines	Testudinoidea	Testudinidae	NA	NA	NA	Chelonoidis	NA	NA	NA	NA	NA	NA	GENUS	NA	NA	NA	ACCEPTED	NA	NA	cece4fc2-1fec-4bb5-a335-7252548e3f0b	US	2026-09-07 00:06:31	NA	NA	NA	NA	NA	COORDINATE_ROUNDED;CONTINENT_DERIVED_FROM_COORDINATES	NA	COORDINATE_ROUNDED;CONTINENT_DERIVED_FROM_COORDINATES	StillImage	TRUE	FALSE	3MPP	3MPP	N	CH2	RP	477	87BWY	626NZ	NA	NA	NA	3MPP	NA	NA	NA	Chelonoidis Fitzinger, 1835	Chelonoidis	NA	EML	2026-09-07 00:06:31	2026-09-07 00:01:45	NA	TRUE	NA	NA	FALSE	LATIN_AMERICA	NORTH_AMERICA	ECU	Ecuador	ECU.9_1	Galápagos	ECU.9.1_1	Isabela	ECU.9.1.2_1	Tomas De Berlanga (Santo Tomas)	NA
543671388	NA	NA	NA	CC0_1_0	2024-01-04 14:21:00	California Academy of Sciences	NA	NA	NA	http://grbio.org/institution/california-academy-sciences	http://grscicoll.org/institutional-collection/herpetology-0	NA	CAS	HERP	NA	NA	PRESERVED_SPECIMEN	NA	NA	NA	urn:catalog:CAS:HERP:8119	8119	4020	R.H. Beck	NA	NA	NA	NA	Male	NA	NA	NA	NA	NA	NA	NA	NA	NA	PRESENT	Dry	NA	NA	NA	NA	NA	NA	NA	NA	NA	NA	NA	NA	NA	NA	NA	NA	NA	NA	NA	NA	NA	1906-04-11	NA	101	101	1906	4	11	11-12 Apr 1906	NA	NA	NA	NA	NA	NA	NA	NA	NA	South Pacific Ocean; Ecuador; Galapagos Prov.; Galapagos Ids.; Isabela Id.	SOUTH_AMERICA	South Pacific Ocean	Galapagos Ids.	Isabela Id.	EC	Galapagos Prov.	NA	NA	Banks Bay	Banks Bay, Albemarle Isl. Galapagos Archipelago	NA	NA	NA	NA	NA	NA	NA	-0.035833	-91.376111	NA	NA	NA	NA	NA	NA	NA	NA	NA	NA	NA	Google Earth, 2013.	NA	NA	NA	NA	NA	NA	NA	NA	NA	NA	NA	NA	NA	NA	NA	NA	NA	NA	NA	NA	NA	NA	NA	NA	NA	NA	NA	NA	NA	NA	NA	C6Q3V	NA	NA	NA	NA	NA	Chelonoidis becki (Rothschild, 1901)	NA	NA	NA	NA	NA	NA	Animalia; Chordata; Reptilia; Testudines; Testudinidae	Animalia	Chordata	Reptilia	Testudines	Testudinoidea	Testudinidae	NA	NA	NA	Chelonoidis	Chelonoidis	NA	NA	becki	NA	NA	SPECIES	NA	NA	NA	SYNONYM	NA	NA	cece4fc2-1fec-4bb5-a335-7252548e3f0b	US	2026-09-07 00:06:33	NA	NA	NA	NA	NA	COORDINATE_ROUNDED;CONTINENT_DERIVED_FROM_COORDINATES	NA	COORDINATE_ROUNDED;CONTINENT_DERIVED_FROM_COORDINATES	StillImage	TRUE	FALSE	TVL2	C6Q3V	N	CH2	RP	477	87BWY	626NZ	NA	NA	NA	3MPP	NA	5Y2Z9	Chelonoidis niger	Chelonoidis niger becki (Rothschild, 1901)	Chelonoidis becki	NA	EML	2026-09-07 00:06:33	2026-09-07 00:01:45	NA	TRUE	NA	NA	FALSE	LATIN_AMERICA	NORTH_AMERICA	ECU	Ecuador	ECU.9_1	Galápagos	ECU.9.1_1	Isabela	ECU.9.1.2_1	Tomas De Berlanga (Santo Tomas)	NA
543671955	NA	NA	NA	CC0_1_0	2024-01-04 14:21:00	California Academy of Sciences	NA	NA	NA	http://grbio.org/institution/california-academy-sciences	http://grscicoll.org/institutional-collection/herpetology-0	NA	CAS	HERP	NA	NA	PRESERVED_SPECIMEN	NA	NA	NA	urn:catalog:CAS:HERP:8170	8170	2893	E.S. King	NA	NA	NA	NA	Male	Adult	NA	NA	NA	NA	NA	NA	NA	NA	PRESENT	Dry	NA	NA	NA	NA	NA	NA	On board 16 March 1906.  Miscellaneous postcrania in skeletal collection.	NA	NA	NA	NA	NA	NA	NA	NA	NA	NA	NA	NA	NA	NA	1906-03-15	NA	74	74	1906	3	15	15 Mar 1906	NA	NA	NA	NA	NA	NA	NA	NA	NA	South Pacific Ocean; Ecuador; Galapagos Prov.; Galapagos Ids.; Isabela Id.	SOUTH_AMERICA	South Pacific Ocean	Galapagos Ids.	Isabela Id.	EC	Galapagos Prov.	NA	NA	vicinity of Cape Rose	Vic. Cape Rose Albemarle Isl. Galapagos Arch.	NA	NA	NA	NA	NA	NA	NA	-1.030833	-91.22	NA	NA	NA	NA	NA	NA	NA	NA	NA	NA	NA	Google Earth, 2013.	NA	NA	NA	NA	NA	NA	NA	NA	NA	NA	NA	NA	NA	NA	NA	NA	NA	NA	NA	NA	NA	NA	NA	NA	NA	NA	NA	NA	NA	NA	NA	C6Q44	NA	NA	NA	NA	NA	Chelonoidis microphyes (Günther, 1875)	NA	NA	NA	NA	NA	NA	Animalia; Chordata; Reptilia; Testudines; Testudinidae	Animalia	Chordata	Reptilia	Testudines	Testudinoidea	Testudinidae	NA	NA	NA	Chelonoidis	Chelonoidis	NA	NA	microphyes	NA	NA	SPECIES	NA	NA	NA	SYNONYM	NA	NA	cece4fc2-1fec-4bb5-a335-7252548e3f0b	US	2026-09-07 00:06:33	NA	NA	NA	NA	NA	COORDINATE_ROUNDED;CONTINENT_DERIVED_FROM_COORDINATES	NA	COORDINATE_ROUNDED;CONTINENT_DERIVED_FROM_COORDINATES	StillImage	TRUE	FALSE	8GPG3	C6Q44	N	CH2	RP	477	87BWY	626NZ	NA	NA	NA	3MPP	NA	5Y2Z9	Chelonoidis niger	Chelonoidis niger microphyes (Günther, 1875)	Chelonoidis microphyes	NA	EML	2026-09-07 00:06:33	2026-09-07 00:01:45	NA	TRUE	NA	NA	FALSE	LATIN_AMERICA	NORTH_AMERICA	ECU	Ecuador	ECU.9_1	Galápagos	ECU.9.1_1	Isabela	ECU.9.1.2_1	Tomas De Berlanga (Santo Tomas)	NA
543672433	NA	NA	NA	CC0_1_0	2024-01-04 14:21:00	California Academy of Sciences	NA	NA	NA	http://grbio.org/institution/california-academy-sciences	http://grscicoll.org/institutional-collection/herpetology-0	NA	CAS	HERP	NA	NA	PRESERVED_SPECIMEN	NA	NA	NA	urn:catalog:CAS:HERP:8213	8213	4451	J.R. Slevin	NA	NA	NA	NA	Female	Adult	NA	NA	NA	NA	NA	NA	NA	NA	PRESENT	Dry	NA	NA	NA	NA	NA	NA	Bought of Native Collector.  Miscellaneous postcrania in skeletal collection.	NA	NA	NA	NA	NA	NA	NA	NA	NA	NA	NA	NA	NA	NA	1906-09-26	NA	269	269	1906	9	26	26 Sep 1906	NA	NA	NA	NA	NA	NA	NA	NA	NA	South Pacific Ocean; Ecuador; Galapagos Prov.; Galapagos Ids.; Isabela Id.	SOUTH_AMERICA	South Pacific Ocean	Galapagos Ids.	Isabela Id.	EC	Galapagos Prov.	NA	NA	Villamil Mtn	Vilamil Mt., Albemarle Isl., Galapagos Arch.	NA	NA	NA	NA	NA	NA	NA	-0.911944	-91.123611	9656.08	NA	NA	NA	NA	NA	NA	NA	NA	NA	NA	Google Earth, 2013.	NA	NA	NA	NA	NA	NA	NA	NA	NA	NA	NA	NA	NA	NA	NA	NA	NA	NA	NA	NA	NA	NA	NA	NA	NA	NA	NA	NA	NA	NA	NA	C6Q49	NA	NA	NA	NA	NA	Chelonoidis vicina (Günther, 1875)	NA	NA	NA	NA	NA	NA	Animalia; Chordata; Reptilia; Testudines; Testudinidae	Animalia	Chordata	Reptilia	Testudines	Testudinoidea	Testudinidae	NA	NA	NA	Chelonoidis	Chelonoidis	NA	NA	vicina	NA	NA	SPECIES	NA	NA	NA	SYNONYM	NA	NA	cece4fc2-1fec-4bb5-a335-7252548e3f0b	US	2026-09-07 00:06:33	NA	NA	NA	NA	NA	COORDINATE_ROUNDED;CONTINENT_DERIVED_FROM_COORDINATES	NA	COORDINATE_ROUNDED;CONTINENT_DERIVED_FROM_COORDINATES	StillImage	TRUE	FALSE	TVLL	C6Q49	N	CH2	RP	477	87BWY	626NZ	NA	NA	NA	3MPP	NA	5Y2Z9	Chelonoidis niger	Chelonoidis niger vicina (Günther, 1874)	Chelonoidis vicina	NA	EML	2026-09-07 00:06:33	2026-09-07 00:01:45	NA	TRUE	NA	NA	FALSE	LATIN_AMERICA	NORTH_AMERICA	ECU	Ecuador	ECU.9_1	Galápagos	ECU.9.1_1	Isabela	ECU.9.1.2_1	Tomas De Berlanga (Santo Tomas)	NA
543675376	NA	NA	NA	CC0_1_0	2024-01-04 14:21:00	California Academy of Sciences	NA	NA	NA	http://grbio.org/institution/california-academy-sciences	http://grscicoll.org/institutional-collection/herpetology-0	NA	CAS	HERP	NA	NA	PRESERVED_SPECIMEN	NA	NA	NA	urn:catalog:CAS:HERP:8478	8478	3221	J.R. Slevin	NA	NA	NA	NA	NA	NA	NA	NA	NA	NA	NA	NA	NA	NA	PRESENT	Alcohol	NA	NA	NA	NA	NA	NA	NA	NA	NA	NA	NA	NA	NA	NA	NA	NA	NA	NA	NA	NA	NA	1906-05-01	NA	121	121	1906	5	1	1 May 1906	NA	NA	NA	NA	NA	NA	NA	NA	NA	South Pacific Ocean; Ecuador; Galapagos Prov.; Galapagos Ids.; Isabela Id.	SOUTH_AMERICA	South Pacific Ocean	Galapagos Ids.	Isabela Id.	EC	Galapagos Prov.	NA	NA	Villamil	Vilamil, Albemarle Isl. Galapagos Arch.	NA	NA	NA	NA	NA	NA	NA	-0.964167	-90.963333	NA	NA	NA	NA	NA	NA	NA	NA	NA	NA	NA	Google Earth, 2013.	NA	NA	NA	NA	NA	NA	NA	NA	NA	NA	NA	NA	NA	NA	NA	NA	NA	NA	NA	NA	NA	NA	NA	NA	NA	NA	NA	NA	NA	NA	NA	TVGD	NA	NA	NA	NA	NA	Chelonia mydas (Linnaeus, 1758)	NA	NA	NA	NA	NA	NA	Animalia; Chordata; Reptilia; Testudines; Cheloniidae	Animalia	Chordata	Reptilia	Testudines	Chelonioidea	Cheloniidae	NA	NA	NA	Chelonia	Chelonia	NA	NA	mydas	NA	NA	SPECIES	NA	NA	NA	ACCEPTED	NA	NA	cece4fc2-1fec-4bb5-a335-7252548e3f0b	US	2026-09-07 00:06:33	NA	NA	NA	NA	NA	COORDINATE_ROUNDED;CONTINENT_DERIVED_FROM_COORDINATES	NA	COORDINATE_ROUNDED;CONTINENT_DERIVED_FROM_COORDINATES	StillImage	TRUE	FALSE	TVGD	TVGD	N	CH2	RP	477	87BWH	83J	NA	NA	NA	3MPC	NA	TVGD	Chelonia mydas	Chelonia mydas (Linnaeus, 1758)	Chelonia mydas	NA	EML	2026-09-07 00:06:33	2026-09-07 00:01:45	NA	TRUE	NA	NA	FALSE	LATIN_AMERICA	NORTH_AMERICA	NA	NA	NA	NA	NA	NA	NA	NA	LC
543671866	NA	NA	NA	CC0_1_0	2024-01-04 14:21:00	California Academy of Sciences	NA	NA	NA	http://grbio.org/institution/california-academy-sciences	http://grscicoll.org/institutional-collection/herpetology-0	NA	CAS	HERP	NA	NA	PRESERVED_SPECIMEN	NA	NA	NA	urn:catalog:CAS:HERP:8162	8162	2937	R.H. Beck	NA	NA	NA	NA	Male	Adult	NA	NA	NA	NA	NA	NA	NA	NA	PRESENT	Dry	NA	NA	NA	NA	NA	NA	Miscellaneous postcrania.	NA	NA	NA	NA	NA	NA	NA	NA	NA	NA	NA	NA	NA	NA	1906-03-27	NA	86	86	1906	3	27	27 Mar 1906	NA	NA	NA	NA	NA	NA	NA	NA	NA	South Pacific Ocean; Ecuador; Galapagos Prov.; Galapagos Ids.; Isabela Id.	SOUTH_AMERICA	South Pacific Ocean	Galapagos Ids.	Isabela Id.	EC	Galapagos Prov.	NA	NA	Tagus Cove	Tagus Cove, Albemarle Isl. Galapagos Arch.	NA	NA	NA	NA	NA	NA	NA	-0.248889	-91.325556	NA	NA	NA	NA	NA	NA	NA	NA	NA	NA	NA	Google Earth, 2013.	NA	NA	NA	NA	NA	NA	NA	NA	NA	NA	NA	NA	NA	NA	NA	NA	NA	NA	NA	NA	NA	NA	NA	NA	NA	NA	NA	NA	NA	NA	NA	C6Q44	NA	NA	NA	NA	NA	Chelonoidis microphyes (Günther, 1875)	NA	NA	NA	NA	NA	NA	Animalia; Chordata; Reptilia; Testudines; Testudinidae	Animalia	Chordata	Reptilia	Testudines	Testudinoidea	Testudinidae	NA	NA	NA	Chelonoidis	Chelonoidis	NA	NA	microphyes	NA	NA	SPECIES	NA	NA	NA	SYNONYM	NA	NA	cece4fc2-1fec-4bb5-a335-7252548e3f0b	US	2026-09-07 00:06:33	NA	NA	NA	NA	NA	COORDINATE_ROUNDED;CONTINENT_DERIVED_FROM_COORDINATES	NA	COORDINATE_ROUNDED;CONTINENT_DERIVED_FROM_COORDINATES	StillImage	TRUE	FALSE	8GPG3	C6Q44	N	CH2	RP	477	87BWY	626NZ	NA	NA	NA	3MPP	NA	5Y2Z9	Chelonoidis niger	Chelonoidis niger microphyes (Günther, 1875)	Chelonoidis microphyes	NA	EML	2026-09-07 00:06:33	2026-09-07 00:01:45	NA	TRUE	NA	NA	FALSE	LATIN_AMERICA	NORTH_AMERICA	ECU	Ecuador	ECU.9_1	Galápagos	ECU.9.1_1	Isabela	ECU.9.1.2_1	Tomas De Berlanga (Santo Tomas)	NA
543671988	NA	NA	NA	CC0_1_0	2024-01-04 14:21:00	California Academy of Sciences	NA	NA	NA	http://grbio.org/institution/california-academy-sciences	http://grscicoll.org/institutional-collection/herpetology-0	NA	CAS	HERP	NA	NA	PRESERVED_SPECIMEN	NA	NA	NA	urn:catalog:CAS:HERP:8173	8173	3183	R.H. Beck	NA	NA	NA	NA	Female	Adult	NA	NA	NA	NA	NA	NA	NA	NA	PRESENT	Dry	NA	NA	NA	NA	NA	NA	On board 24 April 1906.  Miscellaneous postcrania in skeletal collection.	NA	NA	NA	NA	NA	NA	NA	NA	NA	NA	NA	NA	NA	NA	1906-03-15	NA	74	74	1906	3	15	15 Mar 1906	NA	NA	NA	NA	NA	NA	NA	NA	NA	South Pacific Ocean; Ecuador; Galapagos Prov.; Galapagos Ids.; Isabela Id.	SOUTH_AMERICA	South Pacific Ocean	Galapagos Ids.	Isabela Id.	EC	Galapagos Prov.	NA	NA	vicinity of Cape Rose	Vic. Cape Rose Albemarle Isl. Galapagos Arch.	NA	NA	NA	NA	NA	NA	NA	-1.030833	-91.22	NA	NA	NA	NA	NA	NA	NA	NA	NA	NA	NA	Google Earth, 2013.	NA	NA	NA	NA	NA	NA	NA	NA	NA	NA	NA	NA	NA	NA	NA	NA	NA	NA	NA	NA	NA	NA	NA	NA	NA	NA	NA	NA	NA	NA	NA	C6Q44	NA	NA	NA	NA	NA	Chelonoidis microphyes (Günther, 1875)	NA	NA	NA	NA	NA	NA	Animalia; Chordata; Reptilia; Testudines; Testudinidae	Animalia	Chordata	Reptilia	Testudines	Testudinoidea	Testudinidae	NA	NA	NA	Chelonoidis	Chelonoidis	NA	NA	microphyes	NA	NA	SPECIES	NA	NA	NA	SYNONYM	NA	NA	cece4fc2-1fec-4bb5-a335-7252548e3f0b	US	2026-09-07 00:06:33	NA	NA	NA	NA	NA	COORDINATE_ROUNDED;CONTINENT_DERIVED_FROM_COORDINATES	NA	COORDINATE_ROUNDED;CONTINENT_DERIVED_FROM_COORDINATES	StillImage	TRUE	FALSE	8GPG3	C6Q44	N	CH2	RP	477	87BWY	626NZ	NA	NA	NA	3MPP	NA	5Y2Z9	Chelonoidis niger	Chelonoidis niger microphyes (Günther, 1875)	Chelonoidis microphyes	NA	EML	2026-09-07 00:06:33	2026-09-07 00:01:45	NA	TRUE	NA	NA	FALSE	LATIN_AMERICA	NORTH_AMERICA	ECU	Ecuador	ECU.9_1	Galápagos	ECU.9.1_1	Isabela	ECU.9.1.2_1	Tomas De Berlanga (Santo Tomas)	NA
543672032	NA	NA	NA	CC0_1_0	2024-01-04 14:21:00	California Academy of Sciences	NA	NA	NA	http://grbio.org/institution/california-academy-sciences	http://grscicoll.org/institutional-collection/herpetology-0	NA	CAS	HERP	NA	NA	PRESERVED_SPECIMEN	NA	NA	NA	urn:catalog:CAS:HERP:8177	8177	2924	R.H. Beck	NA	NA	NA	NA	Male	Adult	NA	NA	NA	NA	NA	NA	NA	NA	PRESENT	Dry	NA	NA	NA	NA	NA	NA	Died on board 22 March 1906.  Skull.	NA	NA	NA	NA	NA	NA	NA	NA	NA	NA	NA	NA	NA	NA	1906-03-17	NA	76	76	1906	3	17	17-20 Mar 1906	NA	NA	NA	NA	NA	NA	NA	NA	NA	South Pacific Ocean; Ecuador; Galapagos Prov.; Galapagos Ids.; Isabela Id.	SOUTH_AMERICA	South Pacific Ocean	Galapagos Ids.	Isabela Id.	EC	Galapagos Prov.	NA	NA	Iguana Cove	Iguana Cove Albemarle Isl. Galapagos Arch.	NA	NA	NA	NA	NA	NA	NA	-0.986667	-91.445556	NA	NA	NA	NA	NA	NA	NA	NA	NA	NA	NA	Google Earth, 2013.	NA	NA	NA	NA	NA	NA	NA	NA	NA	NA	NA	NA	NA	NA	NA	NA	NA	NA	NA	NA	NA	NA	NA	NA	NA	NA	NA	NA	NA	NA	NA	C6Q49	NA	NA	NA	NA	NA	Chelonoidis vicina (Günther, 1875)	NA	NA	NA	NA	NA	NA	Animalia; Chordata; Reptilia; Testudines; Testudinidae	Animalia	Chordata	Reptilia	Testudines	Testudinoidea	Testudinidae	NA	NA	NA	Chelonoidis	Chelonoidis	NA	NA	vicina	NA	NA	SPECIES	NA	NA	NA	SYNONYM	NA	NA	cece4fc2-1fec-4bb5-a335-7252548e3f0b	US	2026-09-07 00:06:33	NA	NA	NA	NA	NA	COORDINATE_ROUNDED;CONTINENT_DERIVED_FROM_COORDINATES	NA	COORDINATE_ROUNDED;CONTINENT_DERIVED_FROM_COORDINATES	StillImage	TRUE	FALSE	TVLL	C6Q49	N	CH2	RP	477	87BWY	626NZ	NA	NA	NA	3MPP	NA	5Y2Z9	Chelonoidis niger	Chelonoidis niger vicina (Günther, 1874)	Chelonoidis vicina	NA	EML	2026-09-07 00:06:33	2026-09-07 00:01:45	NA	TRUE	NA	NA	FALSE	LATIN_AMERICA	NORTH_AMERICA	ECU	Ecuador	ECU.9_1	Galápagos	ECU.9.1_1	Isabela	ECU.9.1.2_1	Tomas De Berlanga (Santo Tomas)	NA
543674021	NA	NA	NA	CC0_1_0	2024-01-04 14:21:00	California Academy of Sciences	NA	NA	NA	http://grbio.org/institution/california-academy-sciences	http://grscicoll.org/institutional-collection/herpetology-0	NA	CAS	HERP	NA	NA	PRESERVED_SPECIMEN	NA	NA	NA	urn:catalog:CAS:HERP:8356	8356	3977	R.H. Beck	NA	NA	NA	NA	Male	Adult	NA	NA	NA	NA	NA	NA	NA	NA	PRESENT	Dry	NA	NA	NA	NA	NA	NA	NA	NA	NA	NA	NA	NA	NA	NA	NA	NA	NA	NA	NA	NA	NA	1906-08-14	NA	226	226	1906	8	14	14-15 Aug 1906	NA	NA	NA	NA	NA	NA	NA	NA	NA	South Pacific Ocean; Ecuador; Galapagos Prov.; Galapagos Ids.; Pinzon Id.	SOUTH_AMERICA	South Pacific Ocean	Galapagos Ids.	Pinzon Id.	EC	Galapagos Prov.	NA	NA	NA	Duncan Island, Galapagos Arch.	NA	NA	NA	NA	NA	NA	NA	-0.613056	-90.677778	NA	NA	NA	NA	NA	NA	NA	NA	NA	NA	NA	Google Earth, 2013.	NA	NA	NA	NA	NA	NA	NA	NA	NA	NA	NA	NA	NA	NA	NA	NA	NA	NA	NA	NA	NA	NA	NA	NA	NA	NA	NA	NA	NA	NA	NA	C6Q3Z	NA	NA	NA	NA	NA	Chelonoidis duncanensis (Pritchard, 1996)	NA	NA	NA	NA	NA	NA	Animalia; Chordata; Reptilia; Testudines; Testudinidae	Animalia	Chordata	Reptilia	Testudines	Testudinoidea	Testudinidae	NA	NA	NA	Chelonoidis	Chelonoidis	NA	NA	duncanensis	NA	NA	SPECIES	NA	NA	NA	SYNONYM	NA	NA	cece4fc2-1fec-4bb5-a335-7252548e3f0b	US	2026-09-07 00:06:33	NA	NA	NA	NA	NA	COORDINATE_ROUNDED;CONTINENT_DERIVED_FROM_COORDINATES	NA	COORDINATE_ROUNDED;CONTINENT_DERIVED_FROM_COORDINATES	StillImage	TRUE	FALSE	MVBKH	C6Q3Z	N	CH2	RP	477	87BWY	626NZ	NA	NA	NA	3MPP	NA	5Y2Z9	Chelonoidis niger	Chelonoidis niger duncanensis (Pritchard, 1996)	Chelonoidis duncanensis	NA	EML	2026-09-07 00:06:33	2026-09-07 00:01:45	NA	TRUE	NA	NA	FALSE	LATIN_AMERICA	NORTH_AMERICA	ECU	Ecuador	ECU.9_1	Galápagos	ECU.9.3_1	Santa Cruz	ECU.9.3.3_1	Santa Rosa	NA
543674821	NA	NA	NA	CC0_1_0	2024-01-04 14:21:00	California Academy of Sciences	NA	NA	NA	http://grbio.org/institution/california-academy-sciences	http://grscicoll.org/institutional-collection/herpetology-0	NA	CAS	HERP	NA	NA	PRESERVED_SPECIMEN	NA	NA	NA	urn:catalog:CAS:HERP:8428	8428	NA	NA	NA	NA	NA	NA	NA	Egg	NA	NA	NA	NA	NA	NA	NA	NA	PRESENT	Dry	NA	NA	NA	NA	NA	NA	Seven eggs.  Orig. No. O.  Date given as end of Aug 1906.	NA	NA	NA	NA	NA	NA	NA	NA	NA	NA	NA	NA	NA	NA	1906-08	NA	NA	NA	1906	8	NA	Aug 1906	NA	NA	NA	NA	NA	NA	NA	NA	NA	South Pacific Ocean; Ecuador; Galapagos Prov.; Galapagos Ids.; Isabela Id.	SOUTH_AMERICA	South Pacific Ocean	Galapagos Ids.	Isabela Id.	EC	Galapagos Prov.	NA	NA	Villamil Mtn	Vilamil Mt., Albemarle Island, Galapagos Arch.	NA	NA	NA	NA	NA	NA	NA	-0.911944	-91.123611	9656.08	NA	NA	NA	NA	NA	NA	NA	NA	NA	NA	Google Earth, 2013.	NA	NA	NA	NA	NA	NA	NA	NA	NA	NA	NA	NA	NA	NA	NA	NA	NA	NA	NA	NA	NA	NA	NA	NA	NA	NA	NA	NA	NA	NA	NA	3MPP	NA	NA	NA	NA	NA	Chelonoidis Fitzinger, 1835	NA	NA	NA	NA	NA	NA	Animalia; Chordata; Reptilia; Testudines; Testudinidae	Animalia	Chordata	Reptilia	Testudines	Testudinoidea	Testudinidae	NA	NA	NA	Chelonoidis	NA	NA	NA	NA	NA	NA	GENUS	NA	NA	NA	ACCEPTED	NA	NA	cece4fc2-1fec-4bb5-a335-7252548e3f0b	US	2026-09-07 00:06:33	NA	NA	NA	NA	NA	COORDINATE_ROUNDED;CONTINENT_DERIVED_FROM_COORDINATES	NA	COORDINATE_ROUNDED;CONTINENT_DERIVED_FROM_COORDINATES	StillImage	TRUE	FALSE	3MPP	3MPP	N	CH2	RP	477	87BWY	626NZ	NA	NA	NA	3MPP	NA	NA	NA	Chelonoidis Fitzinger, 1835	Chelonoidis	NA	EML	2026-09-07 00:06:33	2026-09-07 00:01:45	NA	TRUE	NA	NA	FALSE	LATIN_AMERICA	NORTH_AMERICA	ECU	Ecuador	ECU.9_1	Galápagos	ECU.9.1_1	Isabela	ECU.9.1.2_1	Tomas De Berlanga (Santo Tomas)	NA
543671610	NA	NA	NA	CC0_1_0	2024-01-04 14:21:00	California Academy of Sciences	NA	NA	NA	http://grbio.org/institution/california-academy-sciences	http://grscicoll.org/institutional-collection/herpetology-0	NA	CAS	HERP	NA	NA	PRESERVED_SPECIMEN	NA	NA	NA	urn:catalog:CAS:HERP:8139	8139	NA	R.H. Beck	NA	NA	NA	NA	NA	NA	NA	NA	NA	NA	NA	NA	NA	NA	PRESENT	Dry	NA	NA	NA	NA	NA	NA	Original number 'abc.'  Miscellaneous postcrania in skeletal collection.	NA	NA	NA	NA	NA	NA	NA	NA	NA	NA	NA	NA	NA	NA	1906-06-30	NA	181	181	1906	6	30	30 Jun 1906	NA	NA	NA	NA	NA	NA	NA	NA	NA	South Pacific Ocean; Ecuador; Galapagos Prov.; Galapagos Ids.; Espanola Id.	SOUTH_AMERICA	South Pacific Ocean	Galapagos Ids.	Espanola Id.	EC	Galapagos Prov.	NA	NA	NA	Hood Isl. Galapagos Archipelago	NA	NA	NA	NA	NA	NA	NA	-1.361944	-89.723333	NA	NA	NA	NA	NA	NA	NA	NA	NA	NA	NA	Google Earth, 2013.	NA	NA	NA	NA	NA	NA	NA	NA	NA	NA	NA	NA	NA	NA	NA	NA	NA	NA	NA	NA	NA	NA	NA	NA	NA	NA	NA	NA	NA	NA	NA	C6Q43	NA	NA	NA	NA	NA	Chelonoidis hoodensis (Van Denburgh, 1907)	NA	NA	NA	NA	NA	NA	Animalia; Chordata; Reptilia; Testudines; Testudinidae	Animalia	Chordata	Reptilia	Testudines	Testudinoidea	Testudinidae	NA	NA	NA	Chelonoidis	Chelonoidis	NA	NA	hoodensis	NA	NA	SPECIES	NA	NA	NA	SYNONYM	NA	NA	cece4fc2-1fec-4bb5-a335-7252548e3f0b	US	2026-09-07 00:06:40	NA	NA	NA	NA	NA	COORDINATE_ROUNDED;CONTINENT_DERIVED_FROM_COORDINATES	NA	COORDINATE_ROUNDED;CONTINENT_DERIVED_FROM_COORDINATES	StillImage	TRUE	FALSE	TVLD	C6Q43	N	CH2	RP	477	87BWY	626NZ	NA	NA	NA	3MPP	NA	5Y2Z9	Chelonoidis niger	Chelonoidis niger hoodensis (Van Denburgh, 1907)	Chelonoidis hoodensis	NA	EML	2026-09-07 00:06:40	2026-09-07 00:01:45	NA	TRUE	NA	NA	FALSE	LATIN_AMERICA	NORTH_AMERICA	ECU	Ecuador	ECU.9_1	Galápagos	ECU.9.2_1	San Cristóbal	ECU.9.2.2_1	Isla Santa Mara (Floreana) (Cab.	NA
543672411	NA	NA	NA	CC0_1_0	2024-01-04 14:21:00	California Academy of Sciences	NA	NA	NA	http://grbio.org/institution/california-academy-sciences	http://grscicoll.org/institutional-collection/herpetology-0	NA	CAS	HERP	NA	NA	PRESERVED_SPECIMEN	NA	NA	NA	urn:catalog:CAS:HERP:8211	8211	4435	J.R. Slevin	NA	NA	NA	NA	Male	Adult	NA	NA	NA	NA	NA	NA	NA	NA	PRESENT	Dry	NA	NA	NA	NA	NA	NA	Bought of Native Collector.	NA	NA	NA	NA	NA	NA	NA	NA	NA	NA	NA	NA	NA	NA	1906-09-26	NA	269	269	1906	9	26	26 Sep 1906	NA	NA	NA	NA	NA	NA	NA	NA	NA	South Pacific Ocean; Ecuador; Galapagos Prov.; Galapagos Ids.; Isabela Id.	SOUTH_AMERICA	South Pacific Ocean	Galapagos Ids.	Isabela Id.	EC	Galapagos Prov.	NA	NA	Villamil Mtn	Vilamil Mt., Albemarle Isl., Galapagos Arch.	NA	NA	NA	NA	NA	NA	NA	-0.911944	-91.123611	9656.08	NA	NA	NA	NA	NA	NA	NA	NA	NA	NA	Google Earth, 2013.	NA	NA	NA	NA	NA	NA	NA	NA	NA	NA	NA	NA	NA	NA	NA	NA	NA	NA	NA	NA	NA	NA	NA	NA	NA	NA	NA	NA	NA	NA	NA	C6Q49	NA	NA	NA	NA	NA	Chelonoidis vicina (Günther, 1875)	NA	NA	NA	NA	NA	NA	Animalia; Chordata; Reptilia; Testudines; Testudinidae	Animalia	Chordata	Reptilia	Testudines	Testudinoidea	Testudinidae	NA	NA	NA	Chelonoidis	Chelonoidis	NA	NA	vicina	NA	NA	SPECIES	NA	NA	NA	SYNONYM	NA	NA	cece4fc2-1fec-4bb5-a335-7252548e3f0b	US	2026-09-07 00:06:40	NA	NA	NA	NA	NA	COORDINATE_ROUNDED;CONTINENT_DERIVED_FROM_COORDINATES	NA	COORDINATE_ROUNDED;CONTINENT_DERIVED_FROM_COORDINATES	StillImage	TRUE	FALSE	TVLL	C6Q49	N	CH2	RP	477	87BWY	626NZ	NA	NA	NA	3MPP	NA	5Y2Z9	Chelonoidis niger	Chelonoidis niger vicina (Günther, 1874)	Chelonoidis vicina	NA	EML	2026-09-07 00:06:40	2026-09-07 00:01:45	NA	TRUE	NA	NA	FALSE	LATIN_AMERICA	NORTH_AMERICA	ECU	Ecuador	ECU.9_1	Galápagos	ECU.9.1_1	Isabela	ECU.9.1.2_1	Tomas De Berlanga (Santo Tomas)	NA
543672610	NA	NA	NA	CC0_1_0	2024-01-04 14:21:00	California Academy of Sciences	NA	NA	NA	http://grbio.org/institution/california-academy-sciences	http://grscicoll.org/institutional-collection/herpetology-0	NA	CAS	HERP	NA	NA	PRESERVED_SPECIMEN	NA	NA	NA	urn:catalog:CAS:HERP:8229	8229	4468	J.R. Slevin	NA	NA	NA	NA	Female	Adult	NA	NA	NA	NA	NA	NA	NA	NA	PRESENT	Dry	NA	NA	NA	NA	NA	NA	Bought of Native Collector.  Miscellaneous postcrania.	NA	NA	NA	NA	NA	NA	NA	NA	NA	NA	NA	NA	NA	NA	1906-10-02	NA	275	275	1906	10	2	2 Oct 1906	NA	NA	NA	NA	NA	NA	NA	NA	NA	South Pacific Ocean; Ecuador; Galapagos Prov.; Galapagos Ids.; Isabela Id.	SOUTH_AMERICA	South Pacific Ocean	Galapagos Ids.	Isabela Id.	EC	Galapagos Prov.	NA	NA	Villamil Mtn	Vilamil Mt., Albemarle Isl., Galapagos Arch.	NA	NA	NA	NA	NA	NA	NA	-0.911944	-91.123611	9656.08	NA	NA	NA	NA	NA	NA	NA	NA	NA	NA	Google Earth, 2013.	NA	NA	NA	NA	NA	NA	NA	NA	NA	NA	NA	NA	NA	NA	NA	NA	NA	NA	NA	NA	NA	NA	NA	NA	NA	NA	NA	NA	NA	NA	NA	C6Q49	NA	NA	NA	NA	NA	Chelonoidis vicina (Günther, 1875)	NA	NA	NA	NA	NA	NA	Animalia; Chordata; Reptilia; Testudines; Testudinidae	Animalia	Chordata	Reptilia	Testudines	Testudinoidea	Testudinidae	NA	NA	NA	Chelonoidis	Chelonoidis	NA	NA	vicina	NA	NA	SPECIES	NA	NA	NA	SYNONYM	NA	NA	cece4fc2-1fec-4bb5-a335-7252548e3f0b	US	2026-09-07 00:06:40	NA	NA	NA	NA	NA	COORDINATE_ROUNDED;CONTINENT_DERIVED_FROM_COORDINATES	NA	COORDINATE_ROUNDED;CONTINENT_DERIVED_FROM_COORDINATES	StillImage	TRUE	FALSE	TVLL	C6Q49	N	CH2	RP	477	87BWY	626NZ	NA	NA	NA	3MPP	NA	5Y2Z9	Chelonoidis niger	Chelonoidis niger vicina (Günther, 1874)	Chelonoidis vicina	NA	EML	2026-09-07 00:06:40	2026-09-07 00:01:45	NA	TRUE	NA	NA	FALSE	LATIN_AMERICA	NORTH_AMERICA	ECU	Ecuador	ECU.9_1	Galápagos	ECU.9.1_1	Isabela	ECU.9.1.2_1	Tomas De Berlanga (Santo Tomas)	NA
543674432	NA	NA	NA	CC0_1_0	2024-01-04 14:21:00	California Academy of Sciences	NA	NA	NA	http://grbio.org/institution/california-academy-sciences	http://grscicoll.org/institutional-collection/herpetology-0	NA	CAS	HERP	NA	NA	PRESERVED_SPECIMEN	NA	NA	NA	urn:catalog:CAS:HERP:8393	8393	3982	E.S. King	NA	NA	NA	NA	NA	Adult	NA	NA	NA	NA	NA	NA	NA	NA	PRESENT	Dry	NA	NA	NA	NA	NA	NA	Skull and miscellaneous postcrania.	NA	NA	NA	NA	NA	NA	NA	NA	NA	NA	NA	NA	NA	NA	1906-08-23	NA	235	235	1906	8	23	23 Aug 1906	NA	NA	NA	NA	NA	NA	NA	NA	NA	South Pacific Ocean; Ecuador; Galapagos Prov.; Galapagos Ids.; Isabela Id.	SOUTH_AMERICA	South Pacific Ocean	Galapagos Ids.	Isabela Id.	EC	Galapagos Prov.	NA	NA	NA	Albemarle Island Galapagos Arch.	NA	NA	NA	NA	NA	NA	NA	-0.841667	-91.163333	NA	NA	NA	NA	NA	NA	NA	NA	NA	NA	NA	Google Earth, 2013.	NA	NA	NA	NA	NA	NA	NA	NA	NA	NA	NA	NA	NA	NA	NA	NA	NA	NA	NA	NA	NA	NA	NA	NA	NA	NA	NA	NA	NA	NA	NA	3MPP	NA	NA	NA	NA	NA	Chelonoidis Fitzinger, 1835	NA	NA	NA	NA	NA	NA	Animalia; Chordata; Reptilia; Testudines; Testudinidae	Animalia	Chordata	Reptilia	Testudines	Testudinoidea	Testudinidae	NA	NA	NA	Chelonoidis	NA	NA	NA	NA	NA	NA	GENUS	NA	NA	NA	ACCEPTED	NA	NA	cece4fc2-1fec-4bb5-a335-7252548e3f0b	US	2026-09-07 00:06:40	NA	NA	NA	NA	NA	COORDINATE_ROUNDED;CONTINENT_DERIVED_FROM_COORDINATES	NA	COORDINATE_ROUNDED;CONTINENT_DERIVED_FROM_COORDINATES	StillImage	TRUE	FALSE	3MPP	3MPP	N	CH2	RP	477	87BWY	626NZ	NA	NA	NA	3MPP	NA	NA	NA	Chelonoidis Fitzinger, 1835	Chelonoidis	NA	EML	2026-09-07 00:06:40	2026-09-07 00:01:45	NA	TRUE	NA	NA	FALSE	LATIN_AMERICA	NORTH_AMERICA	ECU	Ecuador	ECU.9_1	Galápagos	ECU.9.1_1	Isabela	ECU.9.1.2_1	Tomas De Berlanga (Santo Tomas)	NA
543654504	NA	NA	NA	CC0_1_0	2024-01-04 14:21:00	California Academy of Sciences	NA	NA	NA	http://grbio.org/institution/california-academy-sciences	http://grscicoll.org/institutional-collection/herpetology-0	NA	CAS	HERP	NA	NA	PRESERVED_SPECIMEN	NA	NA	NA	urn:catalog:CAS:HERP:65995	65995	NA	C.H. Townsend	NA	NA	NA	NA	NA	NA	NA	NA	NA	NA	NA	NA	NA	NA	PRESENT	Dry	NA	NA	NA	NA	NA	NA	Carapace (no scutes) and bones.	NA	NA	NA	NA	NA	NA	NA	NA	NA	NA	NA	NA	NA	NA	1928-04	NA	NA	NA	1928	4	NA	Apr 1928	NA	NA	NA	NA	NA	NA	NA	NA	NA	South Pacific Ocean; Ecuador; Galapagos Prov.; Galapagos Ids.; Floreana Id.	SOUTH_AMERICA	South Pacific Ocean	Galapagos Ids.	Floreana Id.	EC	Galapagos Prov.	NA	NA	NA	Charles Island, Galapagos Islands	NA	NA	NA	NA	NA	NA	NA	-1.306944	-90.442778	9656.08	NA	NA	NA	NA	NA	NA	NA	NA	NA	NA	Google Earth, 2013.	NA	NA	NA	NA	NA	NA	NA	NA	NA	NA	NA	NA	NA	NA	NA	NA	NA	NA	NA	NA	NA	NA	NA	NA	NA	NA	NA	NA	NA	NA	NA	3MPP	NA	NA	NA	NA	NA	Chelonoidis Fitzinger, 1835	NA	NA	NA	NA	NA	NA	Animalia; Chordata; Reptilia; Testudines; Testudinidae	Animalia	Chordata	Reptilia	Testudines	Testudinoidea	Testudinidae	NA	NA	NA	Chelonoidis	NA	NA	NA	NA	NA	NA	GENUS	NA	NA	NA	ACCEPTED	NA	NA	cece4fc2-1fec-4bb5-a335-7252548e3f0b	US	2026-09-07 00:06:32	NA	NA	NA	NA	NA	COORDINATE_ROUNDED;CONTINENT_DERIVED_FROM_COORDINATES;TAXON_MATCH_HIGHERRANK	NA	COORDINATE_ROUNDED;CONTINENT_DERIVED_FROM_COORDINATES	StillImage	TRUE	FALSE	3MPP	3MPP	N	CH2	RP	477	87BWY	626NZ	NA	NA	NA	3MPP	NA	NA	NA	Chelonoidis Fitzinger, 1835	Chelonoidis galapagoensis	NA	EML	2026-09-07 00:06:32	2026-09-07 00:01:45	NA	TRUE	NA	NA	FALSE	LATIN_AMERICA	NORTH_AMERICA	ECU	Ecuador	ECU.9_1	Galápagos	ECU.9.2_1	San Cristóbal	ECU.9.2.2_1	Isla Santa Mara (Floreana) (Cab.	NA
543720241	NA	NA	NA	CC0_1_0	2024-01-04 14:21:00	California Academy of Sciences	NA	NA	NA	http://grbio.org/institution/california-academy-sciences	http://grscicoll.org/institutional-collection/herpetology-0	NA	CAS	SUR	NA	NA	PRESERVED_SPECIMEN	NA	NA	NA	urn:catalog:CAS:SUR:13298	13298	NA	A. Funkhouser	NA	NA	NA	NA	NA	Juvenile	NA	NA	NA	NA	NA	NA	NA	NA	PRESENT	Alcohol	NA	NA	NA	NA	NA	NA	NA	NA	NA	NA	NA	NA	NA	NA	NA	NA	NA	NA	NA	NA	NA	1950-10-20	NA	293	293	1950	10	20	20 Oct 1950	NA	NA	NA	NA	NA	NA	NA	NA	NA	South America; Ecuador; Pichincha Prov.	SOUTH_AMERICA	NA	NA	NA	EC	Pichincha Prov.	NA	NA	Rd to Chone, 9 km W of Santo Domingo de los Colorados, Hacienda Espinosa	Hacienda Espinosa, 9 K. W. of Santo Domingo de los Colorados, rd. to Chone, Prov. de Pichincha, N.W. Ecuador	NA	NA	NA	NA	NA	NA	NA	-0.241111	-79.258889	3994	NA	NA	DMS	NA	NA	NA	NA	NA	NA	NA	Map SA17-3 (Santo Domingo de los Colorados) map 1:250,000. IGM Ecuador	Assumed on rd to Chone	NA	NA	NA	NA	NA	NA	NA	NA	NA	NA	NA	NA	NA	NA	NA	NA	NA	NA	NA	NA	NA	NA	A. Funkhouser	NA	NA	NA	NA	NA	NA	NA	TWRY	NA	NA	NA	NA	NA	Chelydra serpentina rosignonii (Bocourt, 1868)	NA	NA	NA	NA	NA	NA	Animalia; Chordata; Reptilia; Testudines; Chelydridae	Animalia	Chordata	Reptilia	Testudines	Chelydroidea	Chelydridae	NA	NA	NA	Chelydra	Chelydra	NA	NA	serpentina	rosignonii	NA	SUBSPECIES	NA	NA	NA	SYNONYM	NA	NA	cece4fc2-1fec-4bb5-a335-7252548e3f0b	US	2026-09-07 00:06:38	NA	NA	NA	NA	NA	COORDINATE_ROUNDED;GEODETIC_DATUM_ASSUMED_WGS84;GEODETIC_DATUM_INVALID;TAXON_MATCH_FUZZY	NA	COORDINATE_ROUNDED;GEODETIC_DATUM_ASSUMED_WGS84;GEODETIC_DATUM_INVALID	StillImage	TRUE	FALSE	MVQ9W	TWRY	N	CH2	RP	477	8GK5T	83M	NA	NA	NA	3MQM	NA	TWRY	Chelydra rossignonii	Chelydra rossignonii (Bocourt, 1868)	Chelydra serpentina rossignoni	NA	EML	2026-09-07 00:06:38	2026-09-07 00:01:45	NA	TRUE	NA	NA	FALSE	LATIN_AMERICA	NORTH_AMERICA	ECU	Ecuador	ECU.21_1	Santo Domingo de los Tsachilas	ECU.21.2_1	Santo Domingo	ECU.21.2.7_1	Santo Domingo De Los Colorados	NA
543720240	NA	NA	NA	CC0_1_0	2024-01-04 14:21:00	California Academy of Sciences	NA	NA	NA	http://grbio.org/institution/california-academy-sciences	http://grscicoll.org/institutional-collection/herpetology-0	NA	CAS	SUR	NA	NA	PRESERVED_SPECIMEN	NA	NA	NA	urn:catalog:CAS:SUR:13297	13297	NA	A. Funkhouser	NA	NA	NA	NA	NA	NA	NA	NA	NA	NA	NA	NA	NA	NA	PRESENT	Alcohol	NA	NA	NA	NA	NA	NA	NA	NA	NA	NA	NA	NA	NA	NA	NA	NA	NA	NA	NA	NA	NA	1950-10-07	NA	280	280	1950	10	7	7 Oct 1950	NA	NA	NA	NA	NA	NA	NA	NA	NA	South America; Ecuador; Pichincha Prov.	SOUTH_AMERICA	NA	NA	NA	EC	Pichincha Prov.	NA	NA	Rd to Chone, 9 km W of Santo Domingo de los Colorados, Hacienda Espinosa	Hacienda Espinosa, 9 K. W. of Santo Domingo de los Colorados, rd. to Chone, Prov. de Pichincha, N.W. Ecuador	NA	NA	NA	NA	NA	NA	NA	-0.241111	-79.258889	3994	NA	NA	DMS	NA	NA	NA	NA	NA	NA	NA	Map SA17-3 (Santo Domingo de los Colorados) map 1:250,000. IGM Ecuador	Assumed on rd to Chone	NA	NA	NA	NA	NA	NA	NA	NA	NA	NA	NA	NA	NA	NA	NA	NA	NA	NA	NA	NA	NA	NA	NA	NA	NA	NA	NA	NA	NA	NA	78TNP	NA	NA	NA	NA	NA	Rhinoclemmys annulata (Gray, 1860)	NA	NA	NA	NA	NA	NA	Animalia; Chordata; Reptilia; Testudines; Bataguridae	Animalia	Chordata	Reptilia	Testudines	Testudinoidea	Geoemydidae	NA	NA	NA	Rhinoclemmys	Rhinoclemmys	NA	NA	annulata	NA	NA	SPECIES	NA	NA	NA	ACCEPTED	NA	NA	cece4fc2-1fec-4bb5-a335-7252548e3f0b	US	2026-09-07 00:06:40	NA	NA	NA	NA	NA	COORDINATE_ROUNDED;GEODETIC_DATUM_ASSUMED_WGS84;GEODETIC_DATUM_INVALID	NA	COORDINATE_ROUNDED;GEODETIC_DATUM_ASSUMED_WGS84;GEODETIC_DATUM_INVALID	StillImage	TRUE	FALSE	78TNP	78TNP	N	CH2	RP	477	87BWY	623VH	NA	NA	NA	78P2	NA	78TNP	Rhinoclemmys annulata	Rhinoclemmys annulata (Gray, 1860)	Rhinoclemmys annulata	NA	EML	2026-09-07 00:06:40	2026-09-07 00:01:45	NA	TRUE	NA	NA	FALSE	LATIN_AMERICA	NORTH_AMERICA	ECU	Ecuador	ECU.21_1	Santo Domingo de los Tsachilas	ECU.21.2_1	Santo Domingo	ECU.21.2.7_1	Santo Domingo De Los Colorados	NT
543625189	NA	NA	NA	CC0_1_0	2024-01-04 14:21:00	California Academy of Sciences	NA	NA	NA	http://grbio.org/institution/california-academy-sciences	http://grscicoll.org/institutional-collection/herpetology-0	NA	CAS	HERP	NA	NA	PRESERVED_SPECIMEN	NA	NA	NA	urn:catalog:CAS:HERP:39610	39610	NA	NA	NA	NA	NA	NA	NA	NA	NA	NA	NA	NA	NA	NA	NA	NA	PRESENT	Cast	NA	NA	NA	NA	NA	NA	Cast of supposed large male (including cast of skull).  Died in London England 1897.  Presented by Lord Rothschild.	NA	NA	NA	NA	NA	NA	NA	NA	NA	NA	NA	NA	NA	NA	NA	NA	NA	NA	NA	NA	NA	NA	NA	NA	NA	NA	NA	NA	NA	NA	NA	South Pacific Ocean; Ecuador; Galapagos Prov.; Galapagos Ids.; Santiago Id.	SOUTH_AMERICA	South Pacific Ocean	Galapagos Ids.	Santiago Id.	EC	Galapagos Prov.	NA	NA	NA	Rotumah Island	NA	NA	NA	NA	NA	NA	NA	NA	NA	NA	NA	NA	NA	NA	NA	NA	NA	NA	NA	NA	NA	NA	NA	NA	NA	NA	NA	NA	NA	NA	NA	NA	NA	NA	NA	NA	NA	NA	NA	NA	NA	NA	NA	NA	NA	NA	NA	NA	NA	NA	NA	NA	C6Q3X	NA	NA	NA	NA	NA	Chelonoidis darwini (Van Denburgh, 1907)	NA	NA	NA	NA	NA	NA	Animalia; Chordata; Reptilia; Testudines; Testudinidae	Animalia	Chordata	Reptilia	Testudines	Testudinoidea	Testudinidae	NA	NA	NA	Chelonoidis	Chelonoidis	NA	NA	darwini	NA	NA	SPECIES	NA	NA	NA	SYNONYM	NA	NA	cece4fc2-1fec-4bb5-a335-7252548e3f0b	US	2026-09-07 00:06:32	NA	NA	NA	NA	NA	CONTINENT_DERIVED_FROM_COUNTRY	NA	CONTINENT_DERIVED_FROM_COUNTRY	StillImage	FALSE	FALSE	TVL7	C6Q3X	N	CH2	RP	477	87BWY	626NZ	NA	NA	NA	3MPP	NA	5Y2Z9	Chelonoidis niger	Chelonoidis niger darwini (Van Denburgh, 1907)	Chelonoidis darwini	NA	EML	2026-09-07 00:06:32	2026-09-07 00:01:45	NA	TRUE	NA	NA	FALSE	LATIN_AMERICA	NORTH_AMERICA	NA	NA	NA	NA	NA	NA	NA	NA	NA
543625185	NA	NA	NA	CC0_1_0	2024-01-04 14:21:00	California Academy of Sciences	NA	NA	NA	http://grbio.org/institution/california-academy-sciences	http://grscicoll.org/institutional-collection/herpetology-0	NA	CAS	HERP	NA	NA	PRESERVED_SPECIMEN	NA	NA	NA	urn:catalog:CAS:HERP:39607	39607	NA	NA	NA	NA	NA	NA	NA	NA	NA	NA	NA	NA	NA	NA	NA	NA	PRESENT	Cast	NA	NA	NA	NA	NA	NA	Cast of carapace minus plastron.  Presented by Lord Rothschild.	NA	NA	NA	NA	NA	NA	NA	NA	NA	NA	NA	NA	NA	NA	NA	NA	NA	NA	NA	NA	NA	NA	NA	NA	NA	NA	NA	NA	NA	NA	NA	South Pacific Ocean; Ecuador; Galapagos Prov.; Galapagos Ids.	SOUTH_AMERICA	South Pacific Ocean	Galapagos Ids.	NA	EC	Galapagos Prov.	NA	NA	NA	NA	NA	NA	NA	NA	NA	NA	NA	NA	NA	NA	NA	NA	NA	NA	NA	NA	NA	NA	NA	NA	NA	NA	NA	NA	NA	NA	NA	NA	NA	NA	NA	NA	NA	NA	NA	NA	NA	NA	NA	NA	NA	NA	NA	NA	NA	NA	NA	NA	NA	NA	NA	NA	3MPP	NA	NA	NA	NA	NA	Chelonoidis Fitzinger, 1835	NA	NA	NA	NA	NA	NA	Animalia; Chordata; Reptilia; Testudines; Testudinidae	Animalia	Chordata	Reptilia	Testudines	Testudinoidea	Testudinidae	NA	NA	NA	Chelonoidis	NA	NA	NA	NA	NA	NA	GENUS	NA	NA	NA	ACCEPTED	NA	NA	cece4fc2-1fec-4bb5-a335-7252548e3f0b	US	2026-09-07 00:06:39	NA	NA	NA	NA	NA	CONTINENT_DERIVED_FROM_COUNTRY;TAXON_MATCH_HIGHERRANK	NA	CONTINENT_DERIVED_FROM_COUNTRY	StillImage	FALSE	FALSE	3MPP	3MPP	N	CH2	RP	477	87BWY	626NZ	NA	NA	NA	3MPP	NA	NA	NA	Chelonoidis Fitzinger, 1835	Chelonoidis elephantopus	NA	EML	2026-09-07 00:06:39	2026-09-07 00:01:45	NA	TRUE	NA	NA	FALSE	LATIN_AMERICA	NORTH_AMERICA	NA	NA	NA	NA	NA	NA	NA	NA	NA
543636709	NA	NA	NA	CC0_1_0	2024-01-04 14:21:00	California Academy of Sciences	NA	NA	NA	http://grbio.org/institution/california-academy-sciences	http://grscicoll.org/institutional-collection/herpetology-0	NA	CAS	HERP	NA	NA	PRESERVED_SPECIMEN	NA	NA	NA	urn:catalog:CAS:HERP:4998	4998	NA	NA	NA	NA	NA	NA	Female	NA	NA	NA	NA	NA	NA	NA	NA	NA	PRESENT	NA	NA	NA	NA	NA	NA	NA	Bought by the Academy, 11 Nov 1904, from Mrs. Wm. Johnson of 922 5th Ave Oakland, Cal.  Price $6.00 apiece.  These tortoises were living and had been kept by Mrs. Johnson since May 1901 when they, with several others were brought to San Francisco by Capt. W.P. Noyes of the W.S. Phelps, who procured them on Albemarle Island.  Died during winter 1904-05, apparently from cold.  Sex determined by J. Van Denburgh.  Lost in the earthquake and fire of 1906.	NA	NA	NA	NA	NA	NA	NA	NA	NA	NA	NA	NA	NA	NA	NA	NA	NA	NA	NA	NA	NA	NA	NA	NA	NA	NA	NA	NA	NA	NA	NA	South Pacific Ocean; Ecuador; Galapagos Prov.; Galapagos Ids.; Isabela Id.	SOUTH_AMERICA	South Pacific Ocean	Galapagos Ids.	Isabela Id.	EC	Galapagos Prov.	NA	NA	NA	Albermarle Island, Galapagos, Ecuador.	NA	NA	NA	NA	NA	NA	NA	-0.911944	-91.123611	9656.08	NA	NA	NA	NA	NA	NA	NA	NA	NA	NA	Google Earth, 2013.	NA	NA	NA	NA	NA	NA	NA	NA	NA	NA	NA	NA	NA	NA	NA	NA	NA	NA	NA	NA	NA	NA	NA	NA	NA	NA	NA	NA	NA	NA	NA	3MPP	NA	NA	NA	NA	NA	Chelonoidis Fitzinger, 1835	NA	NA	NA	NA	NA	NA	Animalia; Chordata; Reptilia; Testudines; Testudinidae	Animalia	Chordata	Reptilia	Testudines	Testudinoidea	Testudinidae	NA	NA	NA	Chelonoidis	NA	NA	NA	NA	NA	NA	GENUS	NA	NA	NA	ACCEPTED	NA	NA	cece4fc2-1fec-4bb5-a335-7252548e3f0b	US	2026-09-07 00:06:32	NA	NA	NA	NA	NA	COORDINATE_ROUNDED;CONTINENT_DERIVED_FROM_COORDINATES	NA	COORDINATE_ROUNDED;CONTINENT_DERIVED_FROM_COORDINATES	StillImage	TRUE	FALSE	3MPP	3MPP	N	CH2	RP	477	87BWY	626NZ	NA	NA	NA	3MPP	NA	NA	NA	Chelonoidis Fitzinger, 1835	Chelonoidis	NA	EML	2026-09-07 00:06:32	2026-09-07 00:01:45	NA	TRUE	NA	NA	FALSE	LATIN_AMERICA	NORTH_AMERICA	ECU	Ecuador	ECU.9_1	Galápagos	ECU.9.1_1	Isabela	ECU.9.1.2_1	Tomas De Berlanga (Santo Tomas)	NA
543633944	NA	NA	NA	CC0_1_0	2024-01-04 14:21:00	California Academy of Sciences	NA	NA	NA	http://grbio.org/institution/california-academy-sciences	http://grscicoll.org/institutional-collection/herpetology-0	NA	CAS	HERP	NA	NA	PRESERVED_SPECIMEN	NA	NA	NA	urn:catalog:CAS:HERP:47490	47490	NA	NA	NA	NA	NA	NA	NA	Adult	NA	NA	NA	NA	NA	NA	NA	NA	PRESENT	Cast	NA	NA	NA	NA	NA	NA	Cast of TYPE of Testudo nigrita.  History and sex unknown.  Presented by Lord Rothschild.  See Gunther Gigantic Land Tortoises, British Museum, p. 70, specimen no. 2.	NA	NA	NA	NA	NA	NA	NA	NA	NA	NA	NA	NA	NA	NA	NA	NA	NA	NA	NA	NA	NA	NA	NA	NA	NA	NA	NA	NA	NA	NA	NA	South Pacific Ocean; Ecuador; Galapagos Prov.; Galapagos Ids.	SOUTH_AMERICA	South Pacific Ocean	Galapagos Ids.	NA	EC	Galapagos Prov.	NA	NA	NA	NA	NA	NA	NA	NA	NA	NA	NA	NA	NA	NA	NA	NA	NA	NA	NA	NA	NA	NA	NA	NA	NA	NA	NA	NA	NA	NA	NA	NA	NA	NA	NA	NA	NA	NA	NA	NA	NA	NA	NA	NA	NA	NA	NA	NA	NA	NA	NA	NA	NA	NA	NA	NA	3MPP	NA	NA	NA	NA	NA	Chelonoidis Fitzinger, 1835	NA	NA	NA	NA	NA	NA	Animalia; Chordata; Reptilia; Testudines; Testudinidae	Animalia	Chordata	Reptilia	Testudines	Testudinoidea	Testudinidae	NA	NA	NA	Chelonoidis	NA	NA	NA	NA	NA	NA	GENUS	NA	NA	NA	ACCEPTED	NA	NA	cece4fc2-1fec-4bb5-a335-7252548e3f0b	US	2026-09-07 00:06:32	NA	NA	NA	NA	NA	CONTINENT_DERIVED_FROM_COUNTRY;TAXON_MATCH_HIGHERRANK	NA	CONTINENT_DERIVED_FROM_COUNTRY	StillImage	FALSE	FALSE	3MPP	3MPP	N	CH2	RP	477	87BWY	626NZ	NA	NA	NA	3MPP	NA	NA	NA	Chelonoidis Fitzinger, 1835	Chelonoidis nigrita	NA	EML	2026-09-07 00:06:32	2026-09-07 00:01:45	NA	TRUE	NA	NA	FALSE	LATIN_AMERICA	NORTH_AMERICA	NA	NA	NA	NA	NA	NA	NA	NA	NA
543636720	NA	NA	NA	CC0_1_0	2024-01-04 14:21:00	California Academy of Sciences	NA	NA	NA	http://grbio.org/institution/california-academy-sciences	http://grscicoll.org/institutional-collection/herpetology-0	NA	CAS	HERP	NA	NA	PRESERVED_SPECIMEN	NA	NA	NA	urn:catalog:CAS:HERP:4999	4999	NA	NA	NA	NA	NA	NA	Female	NA	NA	NA	NA	NA	NA	NA	NA	NA	PRESENT	NA	NA	NA	NA	NA	NA	NA	Given to the Academy by Mr. R.H. Beck in winter of l904.  Was one of the same lot as nos. 4997-4998, collected by Capt. Noyes on Albermarle Island and brought to San Francisco in 1901.  Sex determined by J. Van Denburgh.  Lost in the earthquake and fire of 1906.	NA	NA	NA	NA	NA	NA	NA	NA	NA	NA	NA	NA	NA	NA	NA	NA	NA	NA	NA	NA	NA	NA	NA	NA	NA	NA	NA	NA	NA	NA	NA	South Pacific Ocean; Ecuador; Galapagos Prov.; Galapagos Ids.; Isabela Id.	SOUTH_AMERICA	South Pacific Ocean	Galapagos Ids.	Isabela Id.	EC	Galapagos Prov.	NA	NA	NA	Albermarle Island, Galapagos, Ecuador.	NA	NA	NA	NA	NA	NA	NA	-0.911944	-91.123611	9656.08	NA	NA	NA	NA	NA	NA	NA	NA	NA	NA	Google Earth, 2013.	NA	NA	NA	NA	NA	NA	NA	NA	NA	NA	NA	NA	NA	NA	NA	NA	NA	NA	NA	NA	NA	NA	NA	NA	NA	NA	NA	NA	NA	NA	NA	3MPP	NA	NA	NA	NA	NA	Chelonoidis Fitzinger, 1835	NA	NA	NA	NA	NA	NA	Animalia; Chordata; Reptilia; Testudines; Testudinidae	Animalia	Chordata	Reptilia	Testudines	Testudinoidea	Testudinidae	NA	NA	NA	Chelonoidis	NA	NA	NA	NA	NA	NA	GENUS	NA	NA	NA	ACCEPTED	NA	NA	cece4fc2-1fec-4bb5-a335-7252548e3f0b	US	2026-09-07 00:06:32	NA	NA	NA	NA	NA	COORDINATE_ROUNDED;CONTINENT_DERIVED_FROM_COORDINATES	NA	COORDINATE_ROUNDED;CONTINENT_DERIVED_FROM_COORDINATES	StillImage	TRUE	FALSE	3MPP	3MPP	N	CH2	RP	477	87BWY	626NZ	NA	NA	NA	3MPP	NA	NA	NA	Chelonoidis Fitzinger, 1835	Chelonoidis	NA	EML	2026-09-07 00:06:32	2026-09-07 00:01:45	NA	TRUE	NA	NA	FALSE	LATIN_AMERICA	NORTH_AMERICA	ECU	Ecuador	ECU.9_1	Galápagos	ECU.9.1_1	Isabela	ECU.9.1.2_1	Tomas De Berlanga (Santo Tomas)	NA
543625186	NA	NA	NA	CC0_1_0	2024-01-04 14:21:00	California Academy of Sciences	NA	NA	NA	http://grbio.org/institution/california-academy-sciences	http://grscicoll.org/institutional-collection/herpetology-0	NA	CAS	HERP	NA	NA	PRESERVED_SPECIMEN	NA	NA	NA	urn:catalog:CAS:HERP:39608	39608	NA	NA	NA	NA	NA	NA	NA	NA	NA	NA	NA	NA	NA	NA	NA	NA	PRESENT	Cast	NA	NA	NA	NA	NA	NA	Cast of carapace.  Presented by Lord Rothschild.	NA	NA	NA	NA	NA	NA	NA	NA	NA	NA	NA	NA	NA	NA	NA	NA	NA	NA	NA	NA	NA	NA	NA	NA	NA	NA	NA	NA	NA	NA	NA	South Pacific Ocean; Ecuador; Galapagos Prov.; Galapagos Ids.	SOUTH_AMERICA	South Pacific Ocean	Galapagos Ids.	NA	EC	Galapagos Prov.	NA	NA	NA	NA	NA	NA	NA	NA	NA	NA	NA	NA	NA	NA	NA	NA	NA	NA	NA	NA	NA	NA	NA	NA	NA	NA	NA	NA	NA	NA	NA	NA	NA	NA	NA	NA	NA	NA	NA	NA	NA	NA	NA	NA	NA	NA	NA	NA	NA	NA	NA	NA	NA	NA	NA	NA	3MPP	NA	NA	NA	NA	NA	Chelonoidis Fitzinger, 1835	NA	NA	NA	NA	NA	NA	Animalia; Chordata; Reptilia; Testudines; Testudinidae	Animalia	Chordata	Reptilia	Testudines	Testudinoidea	Testudinidae	NA	NA	NA	Chelonoidis	NA	NA	NA	NA	NA	NA	GENUS	NA	NA	NA	ACCEPTED	NA	NA	cece4fc2-1fec-4bb5-a335-7252548e3f0b	US	2026-09-07 00:06:32	NA	NA	NA	NA	NA	CONTINENT_DERIVED_FROM_COUNTRY;TAXON_MATCH_HIGHERRANK	NA	CONTINENT_DERIVED_FROM_COUNTRY	StillImage	FALSE	FALSE	3MPP	3MPP	N	CH2	RP	477	87BWY	626NZ	NA	NA	NA	3MPP	NA	NA	NA	Chelonoidis Fitzinger, 1835	Chelonoidis elephantopus	NA	EML	2026-09-07 00:06:32	2026-09-07 00:01:45	NA	TRUE	NA	NA	FALSE	LATIN_AMERICA	NORTH_AMERICA	NA	NA	NA	NA	NA	NA	NA	NA	NA
543625190	NA	NA	NA	CC0_1_0	2024-01-04 14:21:00	California Academy of Sciences	NA	NA	NA	http://grbio.org/institution/california-academy-sciences	http://grscicoll.org/institutional-collection/herpetology-0	NA	CAS	HERP	NA	NA	PRESERVED_SPECIMEN	NA	NA	NA	urn:catalog:CAS:HERP:39611	39611	NA	NA	NA	NA	NA	NA	NA	NA	NA	NA	NA	NA	NA	NA	NA	NA	PRESENT	Cast	NA	NA	NA	NA	NA	NA	Cast of specimen in Scarborough Museum.  Presented by Lord Rothschild.	NA	NA	NA	NA	NA	NA	NA	NA	NA	NA	NA	NA	NA	NA	NA	NA	NA	NA	NA	NA	NA	NA	NA	NA	NA	NA	NA	NA	NA	NA	NA	South Pacific Ocean; Ecuador; Galapagos Prov.; Galapagos Ids.	SOUTH_AMERICA	South Pacific Ocean	Galapagos Ids.	NA	EC	Galapagos Prov.	NA	NA	NA	NA	NA	NA	NA	NA	NA	NA	NA	NA	NA	NA	NA	NA	NA	NA	NA	NA	NA	NA	NA	NA	NA	NA	NA	NA	NA	NA	NA	NA	NA	NA	NA	NA	NA	NA	NA	NA	NA	NA	NA	NA	NA	NA	NA	NA	NA	NA	NA	NA	NA	NA	NA	NA	3MPP	NA	NA	NA	NA	NA	Chelonoidis Fitzinger, 1835	NA	NA	NA	NA	NA	NA	Animalia; Chordata; Reptilia; Testudines; Testudinidae	Animalia	Chordata	Reptilia	Testudines	Testudinoidea	Testudinidae	NA	NA	NA	Chelonoidis	NA	NA	NA	NA	NA	NA	GENUS	NA	NA	NA	ACCEPTED	NA	NA	cece4fc2-1fec-4bb5-a335-7252548e3f0b	US	2026-09-07 00:06:32	NA	NA	NA	NA	NA	CONTINENT_DERIVED_FROM_COUNTRY;TAXON_MATCH_HIGHERRANK	NA	CONTINENT_DERIVED_FROM_COUNTRY	StillImage	FALSE	FALSE	3MPP	3MPP	N	CH2	RP	477	87BWY	626NZ	NA	NA	NA	3MPP	NA	NA	NA	Chelonoidis Fitzinger, 1835	Chelonoidis elephantopus	NA	EML	2026-09-07 00:06:32	2026-09-07 00:01:45	NA	TRUE	NA	NA	FALSE	LATIN_AMERICA	NORTH_AMERICA	NA	NA	NA	NA	NA	NA	NA	NA	NA
543636687	NA	NA	NA	CC0_1_0	2024-01-04 14:21:00	California Academy of Sciences	NA	NA	NA	http://grbio.org/institution/california-academy-sciences	http://grscicoll.org/institutional-collection/herpetology-0	NA	CAS	HERP	NA	NA	PRESERVED_SPECIMEN	NA	NA	NA	urn:catalog:CAS:HERP:4996	4996	NA	NA	NA	NA	NA	NA	Female	NA	NA	NA	NA	NA	NA	NA	NA	NA	PRESENT	NA	NA	NA	NA	NA	NA	NA	Exch. from J. Hackman, l905.  Lost in the earthquake and fire of 1906.	NA	NA	NA	NA	NA	NA	NA	NA	NA	NA	NA	NA	NA	NA	NA	NA	NA	NA	NA	NA	NA	NA	NA	NA	NA	NA	NA	NA	NA	NA	NA	South Pacific Ocean; Ecuador; Galapagos Prov.; Galapagos Ids.	SOUTH_AMERICA	South Pacific Ocean	Galapagos Ids.	NA	EC	Galapagos Prov.	NA	NA	NA	Galapagos Islands, Ecuador	NA	NA	NA	NA	NA	NA	NA	NA	NA	NA	NA	NA	NA	NA	NA	NA	NA	NA	NA	NA	NA	NA	NA	NA	NA	NA	NA	NA	NA	NA	NA	NA	NA	NA	NA	NA	NA	NA	NA	NA	NA	NA	NA	NA	NA	NA	NA	NA	NA	NA	NA	NA	3MPP	NA	NA	NA	NA	NA	Chelonoidis Fitzinger, 1835	NA	NA	NA	NA	NA	NA	Animalia; Chordata; Reptilia; Testudines; Testudinidae	Animalia	Chordata	Reptilia	Testudines	Testudinoidea	Testudinidae	NA	NA	NA	Chelonoidis	NA	NA	NA	NA	NA	NA	GENUS	NA	NA	NA	ACCEPTED	NA	NA	cece4fc2-1fec-4bb5-a335-7252548e3f0b	US	2026-09-07 00:06:32	NA	NA	NA	NA	NA	CONTINENT_DERIVED_FROM_COUNTRY	NA	CONTINENT_DERIVED_FROM_COUNTRY	StillImage	FALSE	FALSE	3MPP	3MPP	N	CH2	RP	477	87BWY	626NZ	NA	NA	NA	3MPP	NA	NA	NA	Chelonoidis Fitzinger, 1835	Chelonoidis	NA	EML	2026-09-07 00:06:32	2026-09-07 00:01:45	NA	TRUE	NA	NA	FALSE	LATIN_AMERICA	NORTH_AMERICA	NA	NA	NA	NA	NA	NA	NA	NA	NA
543636698	NA	NA	NA	CC0_1_0	2024-01-04 14:21:00	California Academy of Sciences	NA	NA	NA	http://grbio.org/institution/california-academy-sciences	http://grscicoll.org/institutional-collection/herpetology-0	NA	CAS	HERP	NA	NA	PRESERVED_SPECIMEN	NA	NA	NA	urn:catalog:CAS:HERP:4997	4997	NA	NA	NA	NA	NA	NA	Female	NA	NA	NA	NA	NA	NA	NA	NA	NA	PRESENT	NA	NA	NA	NA	NA	NA	NA	Bought by the Academy, 11 Nov 1904, from Mrs. Wm. Johnson of 922 5th Ave Oakland, Cal.  Price $6.00 apiece.  These tortoises were living and had been kept by Mrs. Johnson since May 1901 when they, with several others were brought to San Francisco by Capt. W.P. Noyes of the W.S. Phelps, who procured them on Albemarle Island.  Died during winter 1904-05, apparently from cold.  Sex determined by J. Van Denburgh.  Lost in the earthquake and fire of 1906.	NA	NA	NA	NA	NA	NA	NA	NA	NA	NA	NA	NA	NA	NA	NA	NA	NA	NA	NA	NA	NA	NA	NA	NA	NA	NA	NA	NA	NA	NA	NA	South Pacific Ocean; Ecuador; Galapagos Prov.; Galapagos Ids.; Isabela Id.	SOUTH_AMERICA	South Pacific Ocean	Galapagos Ids.	Isabela Id.	EC	Galapagos Prov.	NA	NA	NA	Albermarle Island, Galapagos, Ecuador.	NA	NA	NA	NA	NA	NA	NA	-0.911944	-91.123611	9656.08	NA	NA	NA	NA	NA	NA	NA	NA	NA	NA	Google Earth, 2013.	NA	NA	NA	NA	NA	NA	NA	NA	NA	NA	NA	NA	NA	NA	NA	NA	NA	NA	NA	NA	NA	NA	NA	NA	NA	NA	NA	NA	NA	NA	NA	3MPP	NA	NA	NA	NA	NA	Chelonoidis Fitzinger, 1835	NA	NA	NA	NA	NA	NA	Animalia; Chordata; Reptilia; Testudines; Testudinidae	Animalia	Chordata	Reptilia	Testudines	Testudinoidea	Testudinidae	NA	NA	NA	Chelonoidis	NA	NA	NA	NA	NA	NA	GENUS	NA	NA	NA	ACCEPTED	NA	NA	cece4fc2-1fec-4bb5-a335-7252548e3f0b	US	2026-09-07 00:06:39	NA	NA	NA	NA	NA	COORDINATE_ROUNDED;CONTINENT_DERIVED_FROM_COORDINATES	NA	COORDINATE_ROUNDED;CONTINENT_DERIVED_FROM_COORDINATES	StillImage	TRUE	FALSE	3MPP	3MPP	N	CH2	RP	477	87BWY	626NZ	NA	NA	NA	3MPP	NA	NA	NA	Chelonoidis Fitzinger, 1835	Chelonoidis	NA	EML	2026-09-07 00:06:39	2026-09-07 00:01:45	NA	TRUE	NA	NA	FALSE	LATIN_AMERICA	NORTH_AMERICA	ECU	Ecuador	ECU.9_1	Galápagos	ECU.9.1_1	Isabela	ECU.9.1.2_1	Tomas De Berlanga (Santo Tomas)	NA
543674721	NA	NA	NA	CC0_1_0	2024-01-04 14:21:00	California Academy of Sciences	NA	NA	NA	http://grbio.org/institution/california-academy-sciences	http://grscicoll.org/institutional-collection/herpetology-0	NA	CAS	HERP	NA	NA	PRESERVED_SPECIMEN	NA	NA	NA	urn:catalog:CAS:HERP:8419	8419	NA	NA	NA	NA	NA	NA	NA	Juvenile	NA	NA	NA	NA	NA	NA	NA	NA	PRESENT	Alcohol	NA	NA	NA	NA	NA	NA	Found dead in San Francisco 28 May 1913.	NA	NA	NA	NA	NA	NA	NA	NA	NA	NA	NA	NA	NA	NA	NA	NA	NA	NA	NA	NA	NA	NA	NA	NA	NA	NA	NA	NA	NA	NA	NA	South Pacific Ocean; Ecuador; Galapagos Prov.; Galapagos Ids.; Santa Cruz Id.	SOUTH_AMERICA	South Pacific Ocean	Galapagos Ids.	Santa Cruz Id.	EC	Galapagos Prov.	NA	NA	NA	Indefatigable Isl., Galapagos Arch.	NA	NA	NA	NA	NA	NA	NA	-0.726389	-90.327639	NA	NA	NA	NA	NA	NA	NA	NA	NA	NA	NA	Google Earth, 2013.	NA	NA	NA	NA	NA	NA	NA	NA	NA	NA	NA	NA	NA	NA	NA	NA	NA	NA	NA	NA	NA	NA	NA	J.R. Slevin	NA	NA	NA	NA	NA	NA	NA	C6Q47	NA	NA	NA	NA	NA	Chelonoidis porteri (Rothschild, 1903)	NA	NA	NA	NA	NA	NA	Animalia; Chordata; Reptilia; Testudines; Testudinidae	Animalia	Chordata	Reptilia	Testudines	Testudinoidea	Testudinidae	NA	NA	NA	Chelonoidis	Chelonoidis	NA	NA	porteri	NA	NA	SPECIES	NA	NA	NA	SYNONYM	NA	NA	cece4fc2-1fec-4bb5-a335-7252548e3f0b	US	2026-09-07 00:06:40	NA	NA	NA	NA	NA	COORDINATE_ROUNDED;CONTINENT_DERIVED_FROM_COORDINATES	NA	COORDINATE_ROUNDED;CONTINENT_DERIVED_FROM_COORDINATES	StillImage	TRUE	FALSE	TVLK	C6Q47	N	CH2	RP	477	87BWY	626NZ	NA	NA	NA	3MPP	NA	5Y2Z9	Chelonoidis niger	Chelonoidis niger porteri (Rothschild, 1903)	Chelonoidis porteri	NA	EML	2026-09-07 00:06:40	2026-09-07 00:01:45	NA	TRUE	NA	NA	FALSE	LATIN_AMERICA	NORTH_AMERICA	ECU	Ecuador	ECU.9_1	Galápagos	ECU.9.3_1	Santa Cruz	ECU.9.3.1_1	Bellavista	NA
543625187	NA	NA	NA	CC0_1_0	2024-01-04 14:21:00	California Academy of Sciences	NA	NA	NA	http://grbio.org/institution/california-academy-sciences	http://grscicoll.org/institutional-collection/herpetology-0	NA	CAS	HERP	NA	NA	PRESERVED_SPECIMEN	NA	NA	NA	urn:catalog:CAS:HERP:39609	39609	NA	NA	NA	NA	NA	NA	NA	NA	NA	NA	NA	NA	NA	NA	NA	NA	PRESENT	Cast	NA	NA	NA	NA	NA	NA	Cast of carapace.  TYPE.  Presented by Lord Rothschild.	NA	NA	NA	NA	NA	NA	NA	NA	NA	NA	NA	NA	NA	NA	NA	NA	NA	NA	NA	NA	NA	NA	NA	NA	NA	NA	NA	NA	NA	NA	NA	South Pacific Ocean; Ecuador; Galapagos Prov.; Galapagos Ids.	SOUTH_AMERICA	South Pacific Ocean	Galapagos Ids.	NA	EC	Galapagos Prov.	NA	NA	NA	NA	NA	NA	NA	NA	NA	NA	NA	NA	NA	NA	NA	NA	NA	NA	NA	NA	NA	NA	NA	NA	NA	NA	NA	NA	NA	NA	NA	NA	NA	NA	NA	NA	NA	NA	NA	NA	NA	NA	NA	NA	NA	NA	NA	NA	NA	NA	NA	NA	NA	NA	NA	NA	3MPP	NA	NA	NA	NA	NA	Chelonoidis Fitzinger, 1835	NA	NA	NA	NA	NA	NA	Animalia; Chordata; Reptilia; Testudines; Testudinidae	Animalia	Chordata	Reptilia	Testudines	Testudinoidea	Testudinidae	NA	NA	NA	Chelonoidis	NA	NA	NA	NA	NA	NA	GENUS	NA	NA	NA	ACCEPTED	NA	NA	cece4fc2-1fec-4bb5-a335-7252548e3f0b	US	2026-09-07 00:06:32	NA	NA	NA	NA	NA	CONTINENT_DERIVED_FROM_COUNTRY;TAXON_MATCH_HIGHERRANK	NA	CONTINENT_DERIVED_FROM_COUNTRY	StillImage	FALSE	FALSE	3MPP	3MPP	N	CH2	RP	477	87BWY	626NZ	NA	NA	NA	3MPP	NA	NA	NA	Chelonoidis Fitzinger, 1835	Chelonoidis wallacei	NA	EML	2026-09-07 00:06:32	2026-09-07 00:01:45	NA	TRUE	NA	NA	FALSE	LATIN_AMERICA	NORTH_AMERICA	NA	NA	NA	NA	NA	NA	NA	NA	NA
